train_generator,test_generator,difficulty,w_accuracy,w_calibration,w_uncertainty,w_ood_exposure,v_score,captcha_robustness_score
captcha_image,captcha_image,clean,0.0,0.0,0.0,1.0,0.0,1.0
captcha_image,captcha_image,easy,0.0,0.0,0.0,1.0,0.0,1.0
captcha_image,captcha_image,medium,0.0,0.0,0.0,1.0,0.0,1.0
captcha_image,captcha_image,hard,0.0,0.0,0.0,1.0,0.0,1.0
captcha_image,opencv_text,clean,0.0,0.0,0.0,1.0,0.0,1.0
captcha_image,opencv_text,easy,0.0,0.0,0.0,1.0,0.0,1.0
captcha_image,opencv_text,medium,0.0,0.0,0.0,1.0,0.0,1.0
captcha_image,opencv_text,hard,0.0,0.0,0.0,1.0,0.0,1.0
captcha_image,pil_controlled,clean,0.0,0.0,0.0,1.0,0.0,1.0
captcha_image,pil_controlled,easy,0.0,0.0,0.0,1.0,0.0,1.0
captcha_image,pil_controlled,medium,0.0,0.0,0.0,1.0,0.0,1.0
captcha_image,pil_controlled,hard,0.0,0.0,0.0,1.0,0.0,1.0
captcha_image,wand_text,clean,0.0,0.0,0.0,1.0,0.0,1.0
captcha_image,wand_text,easy,0.0,0.0,0.0,1.0,0.0,1.0
captcha_image,wand_text,medium,0.0,0.0,0.0,1.0,0.0,1.0
captcha_image,wand_text,hard,0.0,0.0,0.0,1.0,0.0,1.0
opencv_text,captcha_image,clean,0.0,0.0,0.0,1.0,0.0,1.0
opencv_text,captcha_image,easy,0.0,0.0,0.0,1.0,0.0,1.0
opencv_text,captcha_image,medium,0.0,0.0,0.0,1.0,0.0,1.0
opencv_text,captcha_image,hard,0.0,0.0,0.0,1.0,0.0,1.0
opencv_text,opencv_text,clean,0.0,0.0,0.0,1.0,0.0,1.0
opencv_text,opencv_text,easy,0.0,0.0,0.0,1.0,0.0,1.0
opencv_text,opencv_text,medium,0.0,0.0,0.0,1.0,0.0,1.0
opencv_text,opencv_text,hard,0.0,0.0,0.0,1.0,0.0,1.0
opencv_text,pil_controlled,clean,0.0,0.0,0.0,1.0,0.0,1.0
opencv_text,pil_controlled,easy,0.0,0.0,0.0,1.0,0.0,1.0
opencv_text,pil_controlled,medium,0.0,0.0,0.0,1.0,0.0,1.0
opencv_text,pil_controlled,hard,0.0,0.0,0.0,1.0,0.0,1.0
opencv_text,wand_text,clean,0.0,0.0,0.0,1.0,0.0,1.0
opencv_text,wand_text,easy,0.0,0.0,0.0,1.0,0.0,1.0
opencv_text,wand_text,medium,0.0,0.0,0.0,1.0,0.0,1.0
opencv_text,wand_text,hard,0.0,0.0,0.0,1.0,0.0,1.0
pil_controlled,captcha_image,clean,0.0,0.0,0.0,1.0,0.0,1.0
pil_controlled,captcha_image,easy,0.0,0.0,0.0,1.0,0.0,1.0
pil_controlled,captcha_image,medium,0.0,0.0,0.0,1.0,0.0,1.0
pil_controlled,captcha_image,hard,0.0,0.0,0.0,1.0,0.0,1.0
pil_controlled,opencv_text,clean,0.0,0.0,0.0,1.0,0.0,1.0
pil_controlled,opencv_text,easy,0.0,0.0,0.0,1.0,0.0,1.0
pil_controlled,opencv_text,medium,0.0,0.0,0.0,1.0,0.0,1.0
pil_controlled,opencv_text,hard,0.0,0.0,0.0,1.0,0.0,1.0
pil_controlled,pil_controlled,clean,0.0,0.0,0.0,1.0,0.0,1.0
pil_controlled,pil_controlled,easy,0.0,0.0,0.0,1.0,0.0,1.0
pil_controlled,pil_controlled,medium,0.0,0.0,0.0,1.0,0.0,1.0
pil_controlled,pil_controlled,hard,0.0,0.0,0.0,1.0,0.0,1.0
pil_controlled,wand_text,clean,0.0,0.0,0.0,1.0,0.0,1.0
pil_controlled,wand_text,easy,0.0,0.0,0.0,1.0,0.0,1.0
pil_controlled,wand_text,medium,0.0,0.0,0.0,1.0,0.0,1.0
pil_controlled,wand_text,hard,0.0,0.0,0.0,1.0,0.0,1.0
wand_text,captcha_image,clean,0.0,0.0,0.0,1.0,0.0,1.0
wand_text,captcha_image,easy,0.0,0.0,0.0,1.0,0.0,1.0
wand_text,captcha_image,medium,0.0,0.0,0.0,1.0,0.0,1.0
wand_text,captcha_image,hard,0.0,0.0,0.0,1.0,0.0,1.0
wand_text,opencv_text,clean,0.0,0.0,0.0,1.0,0.0,1.0
wand_text,opencv_text,easy,0.0,0.0,0.0,1.0,0.0,1.0
wand_text,opencv_text,medium,0.0,0.0,0.0,1.0,0.0,1.0
wand_text,opencv_text,hard,0.0,0.0,0.0,1.0,0.0,1.0
wand_text,pil_controlled,clean,0.0,0.0,0.0,1.0,0.0,1.0
wand_text,pil_controlled,easy,0.0,0.0,0.0,1.0,0.0,1.0
wand_text,pil_controlled,medium,0.0,0.0,0.0,1.0,0.0,1.0
wand_text,pil_controlled,hard,0.0,0.0,0.0,1.0,0.0,1.0
wand_text,wand_text,clean,0.0,0.0,0.0,1.0,0.0,1.0
wand_text,wand_text,easy,0.0,0.0,0.0,1.0,0.0,1.0
wand_text,wand_text,medium,0.0,0.0,0.0,1.0,0.0,1.0
wand_text,wand_text,hard,0.0,0.0,0.0,1.0,0.0,1.0
captcha_image,captcha_image,clean,0.0,0.0,0.2,0.8,0.0,1.0
captcha_image,captcha_image,easy,0.0,0.0,0.2,0.8,0.0,1.0
captcha_image,captcha_image,medium,0.0,0.0,0.2,0.8,0.0,1.0
captcha_image,captcha_image,hard,0.0,0.0,0.2,0.8,0.0,1.0
captcha_image,opencv_text,clean,0.0,0.0,0.2,0.8,0.0,1.0
captcha_image,opencv_text,easy,0.0,0.0,0.2,0.8,0.0,1.0
captcha_image,opencv_text,medium,0.0,0.0,0.2,0.8,0.0,1.0
captcha_image,opencv_text,hard,0.0,0.0,0.2,0.8,0.0,1.0
captcha_image,pil_controlled,clean,0.0,0.0,0.2,0.8,0.0,1.0
captcha_image,pil_controlled,easy,0.0,0.0,0.2,0.8,0.0,1.0
captcha_image,pil_controlled,medium,0.0,0.0,0.2,0.8,0.0,1.0
captcha_image,pil_controlled,hard,0.0,0.0,0.2,0.8,0.0,1.0
captcha_image,wand_text,clean,0.0,0.0,0.2,0.8,0.0,1.0
captcha_image,wand_text,easy,0.0,0.0,0.2,0.8,0.0,1.0
captcha_image,wand_text,medium,0.0,0.0,0.2,0.8,0.0,1.0
captcha_image,wand_text,hard,0.0,0.0,0.2,0.8,0.0,1.0
opencv_text,captcha_image,clean,0.0,0.0,0.2,0.8,0.0,1.0
opencv_text,captcha_image,easy,0.0,0.0,0.2,0.8,0.0,1.0
opencv_text,captcha_image,medium,0.0,0.0,0.2,0.8,0.0,1.0
opencv_text,captcha_image,hard,0.0,0.0,0.2,0.8,0.0,1.0
opencv_text,opencv_text,clean,0.0,0.0,0.2,0.8,0.0,1.0
opencv_text,opencv_text,easy,0.0,0.0,0.2,0.8,0.0,1.0
opencv_text,opencv_text,medium,0.0,0.0,0.2,0.8,0.0,1.0
opencv_text,opencv_text,hard,0.0,0.0,0.2,0.8,0.0,1.0
opencv_text,pil_controlled,clean,0.0,0.0,0.2,0.8,0.0,1.0
opencv_text,pil_controlled,easy,0.0,0.0,0.2,0.8,0.0,1.0
opencv_text,pil_controlled,medium,0.0,0.0,0.2,0.8,0.0,1.0
opencv_text,pil_controlled,hard,0.0,0.0,0.2,0.8,0.0,1.0
opencv_text,wand_text,clean,0.0,0.0,0.2,0.8,0.0,1.0
opencv_text,wand_text,easy,0.0,0.0,0.2,0.8,0.0,1.0
opencv_text,wand_text,medium,0.0,0.0,0.2,0.8,0.0,1.0
opencv_text,wand_text,hard,0.0,0.0,0.2,0.8,0.0,1.0
pil_controlled,captcha_image,clean,0.0,0.0,0.2,0.8,0.0,1.0
pil_controlled,captcha_image,easy,0.0,0.0,0.2,0.8,0.0,1.0
pil_controlled,captcha_image,medium,0.0,0.0,0.2,0.8,0.0,1.0
pil_controlled,captcha_image,hard,0.0,0.0,0.2,0.8,0.0,1.0
pil_controlled,opencv_text,clean,0.0,0.0,0.2,0.8,0.0,1.0
pil_controlled,opencv_text,easy,0.0,0.0,0.2,0.8,0.0,1.0
pil_controlled,opencv_text,medium,0.0,0.0,0.2,0.8,0.0,1.0
pil_controlled,opencv_text,hard,0.0,0.0,0.2,0.8,0.0,1.0
pil_controlled,pil_controlled,clean,0.0,0.0,0.2,0.8,0.0,1.0
pil_controlled,pil_controlled,easy,0.0,0.0,0.2,0.8,0.0,1.0
pil_controlled,pil_controlled,medium,0.0,0.0,0.2,0.8,0.0,1.0
pil_controlled,pil_controlled,hard,0.0,0.0,0.2,0.8,0.0,1.0
pil_controlled,wand_text,clean,0.0,0.0,0.2,0.8,0.0,1.0
pil_controlled,wand_text,easy,0.0,0.0,0.2,0.8,0.0,1.0
pil_controlled,wand_text,medium,0.0,0.0,0.2,0.8,0.0,1.0
pil_controlled,wand_text,hard,0.0,0.0,0.2,0.8,0.0,1.0
wand_text,captcha_image,clean,0.0,0.0,0.2,0.8,0.0,1.0
wand_text,captcha_image,easy,0.0,0.0,0.2,0.8,0.0,1.0
wand_text,captcha_image,medium,0.0,0.0,0.2,0.8,0.0,1.0
wand_text,captcha_image,hard,0.0,0.0,0.2,0.8,0.0,1.0
wand_text,opencv_text,clean,0.0,0.0,0.2,0.8,0.0,1.0
wand_text,opencv_text,easy,0.0,0.0,0.2,0.8,0.0,1.0
wand_text,opencv_text,medium,0.0,0.0,0.2,0.8,0.0,1.0
wand_text,opencv_text,hard,0.0,0.0,0.2,0.8,0.0,1.0
wand_text,pil_controlled,clean,0.0,0.0,0.2,0.8,0.0,1.0
wand_text,pil_controlled,easy,0.0,0.0,0.2,0.8,0.0,1.0
wand_text,pil_controlled,medium,0.0,0.0,0.2,0.8,0.0,1.0
wand_text,pil_controlled,hard,0.0,0.0,0.2,0.8,0.0,1.0
wand_text,wand_text,clean,0.0,0.0,0.2,0.8,0.0,1.0
wand_text,wand_text,easy,0.0,0.0,0.2,0.8,0.0,1.0
wand_text,wand_text,medium,0.0,0.0,0.2,0.8,0.0,1.0
wand_text,wand_text,hard,0.0,0.0,0.2,0.8,0.0,1.0
captcha_image,captcha_image,clean,0.0,0.0,0.4,0.6000000000000001,0.0,1.0
captcha_image,captcha_image,easy,0.0,0.0,0.4,0.6000000000000001,0.0,1.0
captcha_image,captcha_image,medium,0.0,0.0,0.4,0.6000000000000001,0.0,1.0
captcha_image,captcha_image,hard,0.0,0.0,0.4,0.6000000000000001,0.0,1.0
captcha_image,opencv_text,clean,0.0,0.0,0.4,0.6000000000000001,0.0,1.0
captcha_image,opencv_text,easy,0.0,0.0,0.4,0.6000000000000001,0.0,1.0
captcha_image,opencv_text,medium,0.0,0.0,0.4,0.6000000000000001,0.0,1.0
captcha_image,opencv_text,hard,0.0,0.0,0.4,0.6000000000000001,0.0,1.0
captcha_image,pil_controlled,clean,0.0,0.0,0.4,0.6000000000000001,0.0,1.0
captcha_image,pil_controlled,easy,0.0,0.0,0.4,0.6000000000000001,0.0,1.0
captcha_image,pil_controlled,medium,0.0,0.0,0.4,0.6000000000000001,0.0,1.0
captcha_image,pil_controlled,hard,0.0,0.0,0.4,0.6000000000000001,0.0,1.0
captcha_image,wand_text,clean,0.0,0.0,0.4,0.6000000000000001,0.0,1.0
captcha_image,wand_text,easy,0.0,0.0,0.4,0.6000000000000001,0.0,1.0
captcha_image,wand_text,medium,0.0,0.0,0.4,0.6000000000000001,0.0,1.0
captcha_image,wand_text,hard,0.0,0.0,0.4,0.6000000000000001,0.0,1.0
opencv_text,captcha_image,clean,0.0,0.0,0.4,0.6000000000000001,0.0,1.0
opencv_text,captcha_image,easy,0.0,0.0,0.4,0.6000000000000001,0.0,1.0
opencv_text,captcha_image,medium,0.0,0.0,0.4,0.6000000000000001,0.0,1.0
opencv_text,captcha_image,hard,0.0,0.0,0.4,0.6000000000000001,0.0,1.0
opencv_text,opencv_text,clean,0.0,0.0,0.4,0.6000000000000001,0.0,1.0
opencv_text,opencv_text,easy,0.0,0.0,0.4,0.6000000000000001,0.0,1.0
opencv_text,opencv_text,medium,0.0,0.0,0.4,0.6000000000000001,0.0,1.0
opencv_text,opencv_text,hard,0.0,0.0,0.4,0.6000000000000001,0.0,1.0
opencv_text,pil_controlled,clean,0.0,0.0,0.4,0.6000000000000001,0.0,1.0
opencv_text,pil_controlled,easy,0.0,0.0,0.4,0.6000000000000001,0.0,1.0
opencv_text,pil_controlled,medium,0.0,0.0,0.4,0.6000000000000001,0.0,1.0
opencv_text,pil_controlled,hard,0.0,0.0,0.4,0.6000000000000001,0.0,1.0
opencv_text,wand_text,clean,0.0,0.0,0.4,0.6000000000000001,0.0,1.0
opencv_text,wand_text,easy,0.0,0.0,0.4,0.6000000000000001,0.0,1.0
opencv_text,wand_text,medium,0.0,0.0,0.4,0.6000000000000001,0.0,1.0
opencv_text,wand_text,hard,0.0,0.0,0.4,0.6000000000000001,0.0,1.0
pil_controlled,captcha_image,clean,0.0,0.0,0.4,0.6000000000000001,0.0,1.0
pil_controlled,captcha_image,easy,0.0,0.0,0.4,0.6000000000000001,0.0,1.0
pil_controlled,captcha_image,medium,0.0,0.0,0.4,0.6000000000000001,0.0,1.0
pil_controlled,captcha_image,hard,0.0,0.0,0.4,0.6000000000000001,0.0,1.0
pil_controlled,opencv_text,clean,0.0,0.0,0.4,0.6000000000000001,0.0,1.0
pil_controlled,opencv_text,easy,0.0,0.0,0.4,0.6000000000000001,0.0,1.0
pil_controlled,opencv_text,medium,0.0,0.0,0.4,0.6000000000000001,0.0,1.0
pil_controlled,opencv_text,hard,0.0,0.0,0.4,0.6000000000000001,0.0,1.0
pil_controlled,pil_controlled,clean,0.0,0.0,0.4,0.6000000000000001,0.0,1.0
pil_controlled,pil_controlled,easy,0.0,0.0,0.4,0.6000000000000001,0.0,1.0
pil_controlled,pil_controlled,medium,0.0,0.0,0.4,0.6000000000000001,0.0,1.0
pil_controlled,pil_controlled,hard,0.0,0.0,0.4,0.6000000000000001,0.0,1.0
pil_controlled,wand_text,clean,0.0,0.0,0.4,0.6000000000000001,0.0,1.0
pil_controlled,wand_text,easy,0.0,0.0,0.4,0.6000000000000001,0.0,1.0
pil_controlled,wand_text,medium,0.0,0.0,0.4,0.6000000000000001,0.0,1.0
pil_controlled,wand_text,hard,0.0,0.0,0.4,0.6000000000000001,0.0,1.0
wand_text,captcha_image,clean,0.0,0.0,0.4,0.6000000000000001,0.0,1.0
wand_text,captcha_image,easy,0.0,0.0,0.4,0.6000000000000001,0.0,1.0
wand_text,captcha_image,medium,0.0,0.0,0.4,0.6000000000000001,0.0,1.0
wand_text,captcha_image,hard,0.0,0.0,0.4,0.6000000000000001,0.0,1.0
wand_text,opencv_text,clean,0.0,0.0,0.4,0.6000000000000001,0.0,1.0
wand_text,opencv_text,easy,0.0,0.0,0.4,0.6000000000000001,0.0,1.0
wand_text,opencv_text,medium,0.0,0.0,0.4,0.6000000000000001,0.0,1.0
wand_text,opencv_text,hard,0.0,0.0,0.4,0.6000000000000001,0.0,1.0
wand_text,pil_controlled,clean,0.0,0.0,0.4,0.6000000000000001,0.0,1.0
wand_text,pil_controlled,easy,0.0,0.0,0.4,0.6000000000000001,0.0,1.0
wand_text,pil_controlled,medium,0.0,0.0,0.4,0.6000000000000001,0.0,1.0
wand_text,pil_controlled,hard,0.0,0.0,0.4,0.6000000000000001,0.0,1.0
wand_text,wand_text,clean,0.0,0.0,0.4,0.6000000000000001,0.0,1.0
wand_text,wand_text,easy,0.0,0.0,0.4,0.6000000000000001,0.0,1.0
wand_text,wand_text,medium,0.0,0.0,0.4,0.6000000000000001,0.0,1.0
wand_text,wand_text,hard,0.0,0.0,0.4,0.6000000000000001,0.0,1.0
captcha_image,captcha_image,clean,0.0,0.0,0.6000000000000001,0.4,0.0,1.0
captcha_image,captcha_image,easy,0.0,0.0,0.6000000000000001,0.4,0.0,1.0
captcha_image,captcha_image,medium,0.0,0.0,0.6000000000000001,0.4,0.0,1.0
captcha_image,captcha_image,hard,0.0,0.0,0.6000000000000001,0.4,0.0,1.0
captcha_image,opencv_text,clean,0.0,0.0,0.6000000000000001,0.4,0.0,1.0
captcha_image,opencv_text,easy,0.0,0.0,0.6000000000000001,0.4,0.0,1.0
captcha_image,opencv_text,medium,0.0,0.0,0.6000000000000001,0.4,0.0,1.0
captcha_image,opencv_text,hard,0.0,0.0,0.6000000000000001,0.4,0.0,1.0
captcha_image,pil_controlled,clean,0.0,0.0,0.6000000000000001,0.4,0.0,1.0
captcha_image,pil_controlled,easy,0.0,0.0,0.6000000000000001,0.4,0.0,1.0
captcha_image,pil_controlled,medium,0.0,0.0,0.6000000000000001,0.4,0.0,1.0
captcha_image,pil_controlled,hard,0.0,0.0,0.6000000000000001,0.4,0.0,1.0
captcha_image,wand_text,clean,0.0,0.0,0.6000000000000001,0.4,0.0,1.0
captcha_image,wand_text,easy,0.0,0.0,0.6000000000000001,0.4,0.0,1.0
captcha_image,wand_text,medium,0.0,0.0,0.6000000000000001,0.4,0.0,1.0
captcha_image,wand_text,hard,0.0,0.0,0.6000000000000001,0.4,0.0,1.0
opencv_text,captcha_image,clean,0.0,0.0,0.6000000000000001,0.4,0.0,1.0
opencv_text,captcha_image,easy,0.0,0.0,0.6000000000000001,0.4,0.0,1.0
opencv_text,captcha_image,medium,0.0,0.0,0.6000000000000001,0.4,0.0,1.0
opencv_text,captcha_image,hard,0.0,0.0,0.6000000000000001,0.4,0.0,1.0
opencv_text,opencv_text,clean,0.0,0.0,0.6000000000000001,0.4,0.0,1.0
opencv_text,opencv_text,easy,0.0,0.0,0.6000000000000001,0.4,0.0,1.0
opencv_text,opencv_text,medium,0.0,0.0,0.6000000000000001,0.4,0.0,1.0
opencv_text,opencv_text,hard,0.0,0.0,0.6000000000000001,0.4,0.0,1.0
opencv_text,pil_controlled,clean,0.0,0.0,0.6000000000000001,0.4,0.0,1.0
opencv_text,pil_controlled,easy,0.0,0.0,0.6000000000000001,0.4,0.0,1.0
opencv_text,pil_controlled,medium,0.0,0.0,0.6000000000000001,0.4,0.0,1.0
opencv_text,pil_controlled,hard,0.0,0.0,0.6000000000000001,0.4,0.0,1.0
opencv_text,wand_text,clean,0.0,0.0,0.6000000000000001,0.4,0.0,1.0
opencv_text,wand_text,easy,0.0,0.0,0.6000000000000001,0.4,0.0,1.0
opencv_text,wand_text,medium,0.0,0.0,0.6000000000000001,0.4,0.0,1.0
opencv_text,wand_text,hard,0.0,0.0,0.6000000000000001,0.4,0.0,1.0
pil_controlled,captcha_image,clean,0.0,0.0,0.6000000000000001,0.4,0.0,1.0
pil_controlled,captcha_image,easy,0.0,0.0,0.6000000000000001,0.4,0.0,1.0
pil_controlled,captcha_image,medium,0.0,0.0,0.6000000000000001,0.4,0.0,1.0
pil_controlled,captcha_image,hard,0.0,0.0,0.6000000000000001,0.4,0.0,1.0
pil_controlled,opencv_text,clean,0.0,0.0,0.6000000000000001,0.4,0.0,1.0
pil_controlled,opencv_text,easy,0.0,0.0,0.6000000000000001,0.4,0.0,1.0
pil_controlled,opencv_text,medium,0.0,0.0,0.6000000000000001,0.4,0.0,1.0
pil_controlled,opencv_text,hard,0.0,0.0,0.6000000000000001,0.4,0.0,1.0
pil_controlled,pil_controlled,clean,0.0,0.0,0.6000000000000001,0.4,0.0,1.0
pil_controlled,pil_controlled,easy,0.0,0.0,0.6000000000000001,0.4,0.0,1.0
pil_controlled,pil_controlled,medium,0.0,0.0,0.6000000000000001,0.4,0.0,1.0
pil_controlled,pil_controlled,hard,0.0,0.0,0.6000000000000001,0.4,0.0,1.0
pil_controlled,wand_text,clean,0.0,0.0,0.6000000000000001,0.4,0.0,1.0
pil_controlled,wand_text,easy,0.0,0.0,0.6000000000000001,0.4,0.0,1.0
pil_controlled,wand_text,medium,0.0,0.0,0.6000000000000001,0.4,0.0,1.0
pil_controlled,wand_text,hard,0.0,0.0,0.6000000000000001,0.4,0.0,1.0
wand_text,captcha_image,clean,0.0,0.0,0.6000000000000001,0.4,0.0,1.0
wand_text,captcha_image,easy,0.0,0.0,0.6000000000000001,0.4,0.0,1.0
wand_text,captcha_image,medium,0.0,0.0,0.6000000000000001,0.4,0.0,1.0
wand_text,captcha_image,hard,0.0,0.0,0.6000000000000001,0.4,0.0,1.0
wand_text,opencv_text,clean,0.0,0.0,0.6000000000000001,0.4,0.0,1.0
wand_text,opencv_text,easy,0.0,0.0,0.6000000000000001,0.4,0.0,1.0
wand_text,opencv_text,medium,0.0,0.0,0.6000000000000001,0.4,0.0,1.0
wand_text,opencv_text,hard,0.0,0.0,0.6000000000000001,0.4,0.0,1.0
wand_text,pil_controlled,clean,0.0,0.0,0.6000000000000001,0.4,0.0,1.0
wand_text,pil_controlled,easy,0.0,0.0,0.6000000000000001,0.4,0.0,1.0
wand_text,pil_controlled,medium,0.0,0.0,0.6000000000000001,0.4,0.0,1.0
wand_text,pil_controlled,hard,0.0,0.0,0.6000000000000001,0.4,0.0,1.0
wand_text,wand_text,clean,0.0,0.0,0.6000000000000001,0.4,0.0,1.0
wand_text,wand_text,easy,0.0,0.0,0.6000000000000001,0.4,0.0,1.0
wand_text,wand_text,medium,0.0,0.0,0.6000000000000001,0.4,0.0,1.0
wand_text,wand_text,hard,0.0,0.0,0.6000000000000001,0.4,0.0,1.0
captcha_image,captcha_image,clean,0.0,0.0,0.8,0.2,0.0,1.0
captcha_image,captcha_image,easy,0.0,0.0,0.8,0.2,0.0,1.0
captcha_image,captcha_image,medium,0.0,0.0,0.8,0.2,0.0,1.0
captcha_image,captcha_image,hard,0.0,0.0,0.8,0.2,0.0,1.0
captcha_image,opencv_text,clean,0.0,0.0,0.8,0.2,0.0,1.0
captcha_image,opencv_text,easy,0.0,0.0,0.8,0.2,0.0,1.0
captcha_image,opencv_text,medium,0.0,0.0,0.8,0.2,0.0,1.0
captcha_image,opencv_text,hard,0.0,0.0,0.8,0.2,0.0,1.0
captcha_image,pil_controlled,clean,0.0,0.0,0.8,0.2,0.0,1.0
captcha_image,pil_controlled,easy,0.0,0.0,0.8,0.2,0.0,1.0
captcha_image,pil_controlled,medium,0.0,0.0,0.8,0.2,0.0,1.0
captcha_image,pil_controlled,hard,0.0,0.0,0.8,0.2,0.0,1.0
captcha_image,wand_text,clean,0.0,0.0,0.8,0.2,0.0,1.0
captcha_image,wand_text,easy,0.0,0.0,0.8,0.2,0.0,1.0
captcha_image,wand_text,medium,0.0,0.0,0.8,0.2,0.0,1.0
captcha_image,wand_text,hard,0.0,0.0,0.8,0.2,0.0,1.0
opencv_text,captcha_image,clean,0.0,0.0,0.8,0.2,0.0,1.0
opencv_text,captcha_image,easy,0.0,0.0,0.8,0.2,0.0,1.0
opencv_text,captcha_image,medium,0.0,0.0,0.8,0.2,0.0,1.0
opencv_text,captcha_image,hard,0.0,0.0,0.8,0.2,0.0,1.0
opencv_text,opencv_text,clean,0.0,0.0,0.8,0.2,0.0,1.0
opencv_text,opencv_text,easy,0.0,0.0,0.8,0.2,0.0,1.0
opencv_text,opencv_text,medium,0.0,0.0,0.8,0.2,0.0,1.0
opencv_text,opencv_text,hard,0.0,0.0,0.8,0.2,0.0,1.0
opencv_text,pil_controlled,clean,0.0,0.0,0.8,0.2,0.0,1.0
opencv_text,pil_controlled,easy,0.0,0.0,0.8,0.2,0.0,1.0
opencv_text,pil_controlled,medium,0.0,0.0,0.8,0.2,0.0,1.0
opencv_text,pil_controlled,hard,0.0,0.0,0.8,0.2,0.0,1.0
opencv_text,wand_text,clean,0.0,0.0,0.8,0.2,0.0,1.0
opencv_text,wand_text,easy,0.0,0.0,0.8,0.2,0.0,1.0
opencv_text,wand_text,medium,0.0,0.0,0.8,0.2,0.0,1.0
opencv_text,wand_text,hard,0.0,0.0,0.8,0.2,0.0,1.0
pil_controlled,captcha_image,clean,0.0,0.0,0.8,0.2,0.0,1.0
pil_controlled,captcha_image,easy,0.0,0.0,0.8,0.2,0.0,1.0
pil_controlled,captcha_image,medium,0.0,0.0,0.8,0.2,0.0,1.0
pil_controlled,captcha_image,hard,0.0,0.0,0.8,0.2,0.0,1.0
pil_controlled,opencv_text,clean,0.0,0.0,0.8,0.2,0.0,1.0
pil_controlled,opencv_text,easy,0.0,0.0,0.8,0.2,0.0,1.0
pil_controlled,opencv_text,medium,0.0,0.0,0.8,0.2,0.0,1.0
pil_controlled,opencv_text,hard,0.0,0.0,0.8,0.2,0.0,1.0
pil_controlled,pil_controlled,clean,0.0,0.0,0.8,0.2,0.0,1.0
pil_controlled,pil_controlled,easy,0.0,0.0,0.8,0.2,0.0,1.0
pil_controlled,pil_controlled,medium,0.0,0.0,0.8,0.2,0.0,1.0
pil_controlled,pil_controlled,hard,0.0,0.0,0.8,0.2,0.0,1.0
pil_controlled,wand_text,clean,0.0,0.0,0.8,0.2,0.0,1.0
pil_controlled,wand_text,easy,0.0,0.0,0.8,0.2,0.0,1.0
pil_controlled,wand_text,medium,0.0,0.0,0.8,0.2,0.0,1.0
pil_controlled,wand_text,hard,0.0,0.0,0.8,0.2,0.0,1.0
wand_text,captcha_image,clean,0.0,0.0,0.8,0.2,0.0,1.0
wand_text,captcha_image,easy,0.0,0.0,0.8,0.2,0.0,1.0
wand_text,captcha_image,medium,0.0,0.0,0.8,0.2,0.0,1.0
wand_text,captcha_image,hard,0.0,0.0,0.8,0.2,0.0,1.0
wand_text,opencv_text,clean,0.0,0.0,0.8,0.2,0.0,1.0
wand_text,opencv_text,easy,0.0,0.0,0.8,0.2,0.0,1.0
wand_text,opencv_text,medium,0.0,0.0,0.8,0.2,0.0,1.0
wand_text,opencv_text,hard,0.0,0.0,0.8,0.2,0.0,1.0
wand_text,pil_controlled,clean,0.0,0.0,0.8,0.2,0.0,1.0
wand_text,pil_controlled,easy,0.0,0.0,0.8,0.2,0.0,1.0
wand_text,pil_controlled,medium,0.0,0.0,0.8,0.2,0.0,1.0
wand_text,pil_controlled,hard,0.0,0.0,0.8,0.2,0.0,1.0
wand_text,wand_text,clean,0.0,0.0,0.8,0.2,0.0,1.0
wand_text,wand_text,easy,0.0,0.0,0.8,0.2,0.0,1.0
wand_text,wand_text,medium,0.0,0.0,0.8,0.2,0.0,1.0
wand_text,wand_text,hard,0.0,0.0,0.8,0.2,0.0,1.0
captcha_image,captcha_image,clean,0.0,0.0,1.0,0.0,0.0,1.0
captcha_image,captcha_image,easy,0.0,0.0,1.0,0.0,0.0,1.0
captcha_image,captcha_image,medium,0.0,0.0,1.0,0.0,0.0,1.0
captcha_image,captcha_image,hard,0.0,0.0,1.0,0.0,0.0,1.0
captcha_image,opencv_text,clean,0.0,0.0,1.0,0.0,0.0,1.0
captcha_image,opencv_text,easy,0.0,0.0,1.0,0.0,0.0,1.0
captcha_image,opencv_text,medium,0.0,0.0,1.0,0.0,0.0,1.0
captcha_image,opencv_text,hard,0.0,0.0,1.0,0.0,0.0,1.0
captcha_image,pil_controlled,clean,0.0,0.0,1.0,0.0,0.0,1.0
captcha_image,pil_controlled,easy,0.0,0.0,1.0,0.0,0.0,1.0
captcha_image,pil_controlled,medium,0.0,0.0,1.0,0.0,0.0,1.0
captcha_image,pil_controlled,hard,0.0,0.0,1.0,0.0,0.0,1.0
captcha_image,wand_text,clean,0.0,0.0,1.0,0.0,0.0,1.0
captcha_image,wand_text,easy,0.0,0.0,1.0,0.0,0.0,1.0
captcha_image,wand_text,medium,0.0,0.0,1.0,0.0,0.0,1.0
captcha_image,wand_text,hard,0.0,0.0,1.0,0.0,0.0,1.0
opencv_text,captcha_image,clean,0.0,0.0,1.0,0.0,0.0,1.0
opencv_text,captcha_image,easy,0.0,0.0,1.0,0.0,0.0,1.0
opencv_text,captcha_image,medium,0.0,0.0,1.0,0.0,0.0,1.0
opencv_text,captcha_image,hard,0.0,0.0,1.0,0.0,0.0,1.0
opencv_text,opencv_text,clean,0.0,0.0,1.0,0.0,0.0,1.0
opencv_text,opencv_text,easy,0.0,0.0,1.0,0.0,0.0,1.0
opencv_text,opencv_text,medium,0.0,0.0,1.0,0.0,0.0,1.0
opencv_text,opencv_text,hard,0.0,0.0,1.0,0.0,0.0,1.0
opencv_text,pil_controlled,clean,0.0,0.0,1.0,0.0,0.0,1.0
opencv_text,pil_controlled,easy,0.0,0.0,1.0,0.0,0.0,1.0
opencv_text,pil_controlled,medium,0.0,0.0,1.0,0.0,0.0,1.0
opencv_text,pil_controlled,hard,0.0,0.0,1.0,0.0,0.0,1.0
opencv_text,wand_text,clean,0.0,0.0,1.0,0.0,0.0,1.0
opencv_text,wand_text,easy,0.0,0.0,1.0,0.0,0.0,1.0
opencv_text,wand_text,medium,0.0,0.0,1.0,0.0,0.0,1.0
opencv_text,wand_text,hard,0.0,0.0,1.0,0.0,0.0,1.0
pil_controlled,captcha_image,clean,0.0,0.0,1.0,0.0,0.0,1.0
pil_controlled,captcha_image,easy,0.0,0.0,1.0,0.0,0.0,1.0
pil_controlled,captcha_image,medium,0.0,0.0,1.0,0.0,0.0,1.0
pil_controlled,captcha_image,hard,0.0,0.0,1.0,0.0,0.0,1.0
pil_controlled,opencv_text,clean,0.0,0.0,1.0,0.0,0.0,1.0
pil_controlled,opencv_text,easy,0.0,0.0,1.0,0.0,0.0,1.0
pil_controlled,opencv_text,medium,0.0,0.0,1.0,0.0,0.0,1.0
pil_controlled,opencv_text,hard,0.0,0.0,1.0,0.0,0.0,1.0
pil_controlled,pil_controlled,clean,0.0,0.0,1.0,0.0,0.0,1.0
pil_controlled,pil_controlled,easy,0.0,0.0,1.0,0.0,0.0,1.0
pil_controlled,pil_controlled,medium,0.0,0.0,1.0,0.0,0.0,1.0
pil_controlled,pil_controlled,hard,0.0,0.0,1.0,0.0,0.0,1.0
pil_controlled,wand_text,clean,0.0,0.0,1.0,0.0,0.0,1.0
pil_controlled,wand_text,easy,0.0,0.0,1.0,0.0,0.0,1.0
pil_controlled,wand_text,medium,0.0,0.0,1.0,0.0,0.0,1.0
pil_controlled,wand_text,hard,0.0,0.0,1.0,0.0,0.0,1.0
wand_text,captcha_image,clean,0.0,0.0,1.0,0.0,0.0,1.0
wand_text,captcha_image,easy,0.0,0.0,1.0,0.0,0.0,1.0
wand_text,captcha_image,medium,0.0,0.0,1.0,0.0,0.0,1.0
wand_text,captcha_image,hard,0.0,0.0,1.0,0.0,0.0,1.0
wand_text,opencv_text,clean,0.0,0.0,1.0,0.0,0.0,1.0
wand_text,opencv_text,easy,0.0,0.0,1.0,0.0,0.0,1.0
wand_text,opencv_text,medium,0.0,0.0,1.0,0.0,0.0,1.0
wand_text,opencv_text,hard,0.0,0.0,1.0,0.0,0.0,1.0
wand_text,pil_controlled,clean,0.0,0.0,1.0,0.0,0.0,1.0
wand_text,pil_controlled,easy,0.0,0.0,1.0,0.0,0.0,1.0
wand_text,pil_controlled,medium,0.0,0.0,1.0,0.0,0.0,1.0
wand_text,pil_controlled,hard,0.0,0.0,1.0,0.0,0.0,1.0
wand_text,wand_text,clean,0.0,0.0,1.0,0.0,0.0,1.0
wand_text,wand_text,easy,0.0,0.0,1.0,0.0,0.0,1.0
wand_text,wand_text,medium,0.0,0.0,1.0,0.0,0.0,1.0
wand_text,wand_text,hard,0.0,0.0,1.0,0.0,0.0,1.0
captcha_image,captcha_image,clean,0.0,0.2,0.0,0.8,0.13236184713641805,0.8676381528635819
captcha_image,captcha_image,easy,0.0,0.2,0.0,0.8,0.1323302134752274,0.8676697865247727
captcha_image,captcha_image,medium,0.0,0.2,0.0,0.8,0.12959307040969534,0.8704069295903046
captcha_image,captcha_image,hard,0.0,0.2,0.0,0.8,0.12663401871323585,0.8733659812867641
captcha_image,opencv_text,clean,0.0,0.2,0.0,0.8,0.14497654944260915,0.8550234505573908
captcha_image,opencv_text,easy,0.0,0.2,0.0,0.8,0.14044659614364305,0.8595534038563569
captcha_image,opencv_text,medium,0.0,0.2,0.0,0.8,0.13757328444918,0.8624267155508201
captcha_image,opencv_text,hard,0.0,0.2,0.0,0.8,0.13215279528896015,0.8678472047110398
captcha_image,pil_controlled,clean,0.0,0.2,0.0,0.8,0.13321174203753472,0.8667882579624653
captcha_image,pil_controlled,easy,0.0,0.2,0.0,0.8,0.12743260913888615,0.8725673908611138
captcha_image,pil_controlled,medium,0.0,0.2,0.0,0.8,0.12441770435969035,0.8755822956403096
captcha_image,pil_controlled,hard,0.0,0.2,0.0,0.8,0.12142839860121411,0.8785716013987859
captcha_image,wand_text,clean,0.0,0.2,0.0,0.8,0.13200356146295866,0.8679964385370413
captcha_image,wand_text,easy,0.0,0.2,0.0,0.8,0.12453508615493776,0.8754649138450622
captcha_image,wand_text,medium,0.0,0.2,0.0,0.8,0.10393924024303756,0.8960607597569624
captcha_image,wand_text,hard,0.0,0.2,0.0,0.8,0.08972293922106428,0.9102770607789357
opencv_text,captcha_image,clean,0.0,0.2,0.0,0.8,0.050386229292551654,0.9496137707074483
opencv_text,captcha_image,easy,0.0,0.2,0.0,0.8,0.04762990419069926,0.9523700958093008
opencv_text,captcha_image,medium,0.0,0.2,0.0,0.8,0.047702721552054086,0.9522972784479459
opencv_text,captcha_image,hard,0.0,0.2,0.0,0.8,0.04329141205151876,0.9567085879484812
opencv_text,opencv_text,clean,0.0,0.2,0.0,0.8,0.1999874450047811,0.8000125549952188
opencv_text,opencv_text,easy,0.0,0.2,0.0,0.8,0.1998876535177231,0.8001123464822769
opencv_text,opencv_text,medium,0.0,0.2,0.0,0.8,0.1996907929579417,0.8003092070420583
opencv_text,opencv_text,hard,0.0,0.2,0.0,0.8,0.18297485245863598,0.817025147541364
opencv_text,pil_controlled,clean,0.0,0.2,0.0,0.8,0.06864083103338879,0.9313591689666112
opencv_text,pil_controlled,easy,0.0,0.2,0.0,0.8,0.06180262757937114,0.9381973724206288
opencv_text,pil_controlled,medium,0.0,0.2,0.0,0.8,0.06256460692882536,0.9374353930711746
opencv_text,pil_controlled,hard,0.0,0.2,0.0,0.8,0.0553946877082189,0.9446053122917811
opencv_text,wand_text,clean,0.0,0.2,0.0,0.8,0.040147776285807305,0.9598522237141927
opencv_text,wand_text,easy,0.0,0.2,0.0,0.8,0.03881179809967677,0.9611882019003233
opencv_text,wand_text,medium,0.0,0.2,0.0,0.8,0.03460359958012898,0.9653964004198711
opencv_text,wand_text,hard,0.0,0.2,0.0,0.8,0.03445699397722879,0.9655430060227712
pil_controlled,captcha_image,clean,0.0,0.2,0.0,0.8,0.042079033164183315,0.9579209668358167
pil_controlled,captcha_image,easy,0.0,0.2,0.0,0.8,0.04385015701850255,0.9561498429814974
pil_controlled,captcha_image,medium,0.0,0.2,0.0,0.8,0.046297965141137445,0.9537020348588625
pil_controlled,captcha_image,hard,0.0,0.2,0.0,0.8,0.04730020411014557,0.9526997958898544
pil_controlled,opencv_text,clean,0.0,0.2,0.0,0.8,0.145920542995135,0.854079457004865
pil_controlled,opencv_text,easy,0.0,0.2,0.0,0.8,0.1464226946592331,0.8535773053407669
pil_controlled,opencv_text,medium,0.0,0.2,0.0,0.8,0.13024644323190057,0.8697535567680994
pil_controlled,opencv_text,hard,0.0,0.2,0.0,0.8,0.10091506055196127,0.8990849394480387
pil_controlled,pil_controlled,clean,0.0,0.2,0.0,0.8,0.19965881508191427,0.8003411849180857
pil_controlled,pil_controlled,easy,0.0,0.2,0.0,0.8,0.19782273890972138,0.8021772610902786
pil_controlled,pil_controlled,medium,0.0,0.2,0.0,0.8,0.19605707619984947,0.8039429238001505
pil_controlled,pil_controlled,hard,0.0,0.2,0.0,0.8,0.1755109385172526,0.8244890614827474
pil_controlled,wand_text,clean,0.0,0.2,0.0,0.8,0.07314724287986756,0.9268527571201325
pil_controlled,wand_text,easy,0.0,0.2,0.0,0.8,0.0623088218887647,0.9376911781112353
pil_controlled,wand_text,medium,0.0,0.2,0.0,0.8,0.044934176508585624,0.9550658234914143
pil_controlled,wand_text,hard,0.0,0.2,0.0,0.8,0.041641666901111596,0.9583583330988884
wand_text,captcha_image,clean,0.0,0.2,0.0,0.8,0.08305777384042741,0.9169422261595725
wand_text,captcha_image,easy,0.0,0.2,0.0,0.8,0.0867863854845365,0.9132136145154635
wand_text,captcha_image,medium,0.0,0.2,0.0,0.8,0.08997861797412238,0.9100213820258776
wand_text,captcha_image,hard,0.0,0.2,0.0,0.8,0.08827825150489808,0.9117217484951019
wand_text,opencv_text,clean,0.0,0.2,0.0,0.8,0.10387049822807311,0.8961295017719269
wand_text,opencv_text,easy,0.0,0.2,0.0,0.8,0.09792850434780119,0.9020714956521988
wand_text,opencv_text,medium,0.0,0.2,0.0,0.8,0.09698368086417518,0.9030163191358248
wand_text,opencv_text,hard,0.0,0.2,0.0,0.8,0.09132591697772344,0.9086740830222766
wand_text,pil_controlled,clean,0.0,0.2,0.0,0.8,0.15857926972707115,0.8414207302729289
wand_text,pil_controlled,easy,0.0,0.2,0.0,0.8,0.16854647857348126,0.8314535214265187
wand_text,pil_controlled,medium,0.0,0.2,0.0,0.8,0.15906754592259728,0.8409324540774027
wand_text,pil_controlled,hard,0.0,0.2,0.0,0.8,0.14400281034708023,0.8559971896529197
wand_text,wand_text,clean,0.0,0.2,0.0,0.8,0.1416626246571541,0.8583373753428459
wand_text,wand_text,easy,0.0,0.2,0.0,0.8,0.14327059814135235,0.8567294018586477
wand_text,wand_text,medium,0.0,0.2,0.0,0.8,0.11398591758608818,0.8860140824139118
wand_text,wand_text,hard,0.0,0.2,0.0,0.8,0.11767736893494925,0.8823226310650507
captcha_image,captcha_image,clean,0.0,0.2,0.2,0.6000000000000001,0.02172173134883247,0.9782782686511675
captcha_image,captcha_image,easy,0.0,0.2,0.2,0.6000000000000001,0.02151366474429768,0.9784863352557023
captcha_image,captcha_image,medium,0.0,0.2,0.2,0.6000000000000001,0.01836717189153038,0.9816328281084696
captcha_image,captcha_image,hard,0.0,0.2,0.2,0.6000000000000001,0.01471429027915,0.9852857097208501
captcha_image,opencv_text,clean,0.0,0.2,0.2,0.6000000000000001,0.015674998017152136,0.9843250019828479
captcha_image,opencv_text,easy,0.0,0.2,0.2,0.6000000000000001,0.016962386675675706,0.9830376133243243
captcha_image,opencv_text,medium,0.0,0.2,0.2,0.6000000000000001,0.020432848590612437,0.9795671514093875
captcha_image,opencv_text,hard,0.0,0.2,0.2,0.6000000000000001,0.023886255866289147,0.9761137441337109
captcha_image,pil_controlled,clean,0.0,0.2,0.2,0.6000000000000001,0.013134994830687849,0.9868650051693122
captcha_image,pil_controlled,easy,0.0,0.2,0.2,0.6000000000000001,0.014274490938584017,0.985725509061416
captcha_image,pil_controlled,medium,0.0,0.2,0.2,0.6000000000000001,0.016053688011566786,0.9839463119884332
captcha_image,pil_controlled,hard,0.0,0.2,0.2,0.6000000000000001,0.019592176210880302,0.9804078237891197
captcha_image,wand_text,clean,0.0,0.2,0.2,0.6000000000000001,0.011861761397123333,0.9881382386028766
captcha_image,wand_text,easy,0.0,0.2,0.2,0.6000000000000001,0.01296383617520333,0.9870361638247966
captcha_image,wand_text,medium,0.0,0.2,0.2,0.6000000000000001,0.011986438744266859,0.9880135612557331
captcha_image,wand_text,hard,0.0,0.2,0.2,0.6000000000000001,0.010622899401684635,0.9893771005983154
opencv_text,captcha_image,clean,0.0,0.2,0.2,0.6000000000000001,0.015233756419519573,0.9847662435804805
opencv_text,captcha_image,easy,0.0,0.2,0.2,0.6000000000000001,0.014666965123762706,0.9853330348762372
opencv_text,captcha_image,medium,0.0,0.2,0.2,0.6000000000000001,0.015281093665786706,0.9847189063342133
opencv_text,captcha_image,hard,0.0,0.2,0.2,0.6000000000000001,0.01381960984872034,0.9861803901512797
opencv_text,opencv_text,clean,0.0,0.2,0.2,0.6000000000000001,0.19995780715068848,0.8000421928493116
opencv_text,opencv_text,easy,0.0,0.2,0.2,0.6000000000000001,0.19985584696386038,0.8001441530361396
opencv_text,opencv_text,medium,0.0,0.2,0.2,0.6000000000000001,0.199551031545224,0.800448968454776
opencv_text,opencv_text,hard,0.0,0.2,0.2,0.6000000000000001,0.18064689662952516,0.8193531033704748
opencv_text,pil_controlled,clean,0.0,0.2,0.2,0.6000000000000001,0.05771473176345173,0.9422852682365482
opencv_text,pil_controlled,easy,0.0,0.2,0.2,0.6000000000000001,0.05105505872899826,0.9489449412710017
opencv_text,pil_controlled,medium,0.0,0.2,0.2,0.6000000000000001,0.05163582114697636,0.9483641788530236
opencv_text,pil_controlled,hard,0.0,0.2,0.2,0.6000000000000001,0.043333444788592176,0.9566665552114079
opencv_text,wand_text,clean,0.0,0.2,0.2,0.6000000000000001,0.016905289693254385,0.9830947103067457
opencv_text,wand_text,easy,0.0,0.2,0.2,0.6000000000000001,0.015635240075062045,0.984364759924938
opencv_text,wand_text,medium,0.0,0.2,0.2,0.6000000000000001,0.011684019898654276,0.9883159801013457
opencv_text,wand_text,hard,0.0,0.2,0.2,0.6000000000000001,0.012015690309657188,0.9879843096903428
pil_controlled,captcha_image,clean,0.0,0.2,0.2,0.6000000000000001,0.012289943175817233,0.9877100568241828
pil_controlled,captcha_image,easy,0.0,0.2,0.2,0.6000000000000001,0.012854237280165166,0.9871457627198348
pil_controlled,captcha_image,medium,0.0,0.2,0.2,0.6000000000000001,0.013507402286181865,0.9864925977138181
pil_controlled,captcha_image,hard,0.0,0.2,0.2,0.6000000000000001,0.014100350369264693,0.9858996496307353
pil_controlled,opencv_text,clean,0.0,0.2,0.2,0.6000000000000001,0.1412692265236139,0.858730773476386
pil_controlled,opencv_text,easy,0.0,0.2,0.2,0.6000000000000001,0.14180022854561858,0.8581997714543814
pil_controlled,opencv_text,medium,0.0,0.2,0.2,0.6000000000000001,0.12353087544132897,0.876469124558671
pil_controlled,opencv_text,hard,0.0,0.2,0.2,0.6000000000000001,0.08881690583491486,0.9111830941650851
pil_controlled,pil_controlled,clean,0.0,0.2,0.2,0.6000000000000001,0.19930064409530676,0.8006993559046932
pil_controlled,pil_controlled,easy,0.0,0.2,0.2,0.6000000000000001,0.19729534531046983,0.8027046546895302
pil_controlled,pil_controlled,medium,0.0,0.2,0.2,0.6000000000000001,0.19485849115864826,0.8051415088413517
pil_controlled,pil_controlled,hard,0.0,0.2,0.2,0.6000000000000001,0.17134766494007395,0.8286523350599261
pil_controlled,wand_text,clean,0.0,0.2,0.2,0.6000000000000001,0.05362479651171405,0.946375203488286
pil_controlled,wand_text,easy,0.0,0.2,0.2,0.6000000000000001,0.03955598736726,0.96044401263274
pil_controlled,wand_text,medium,0.0,0.2,0.2,0.6000000000000001,0.018725094647445584,0.9812749053525545
pil_controlled,wand_text,hard,0.0,0.2,0.2,0.6000000000000001,0.014965484794011955,0.9850345152059881
wand_text,captcha_image,clean,0.0,0.2,0.2,0.6000000000000001,0.02430457495152951,0.9756954250484705
wand_text,captcha_image,easy,0.0,0.2,0.2,0.6000000000000001,0.023334927930434554,0.9766650720695654
wand_text,captcha_image,medium,0.0,0.2,0.2,0.6000000000000001,0.023472156848510117,0.9765278431514899
wand_text,captcha_image,hard,0.0,0.2,0.2,0.6000000000000001,0.024385780435800558,0.9756142195641995
wand_text,opencv_text,clean,0.0,0.2,0.2,0.6000000000000001,0.06601081002255281,0.9339891899774472
wand_text,opencv_text,easy,0.0,0.2,0.2,0.6000000000000001,0.06191662160704533,0.9380833783929546
wand_text,opencv_text,medium,0.0,0.2,0.2,0.6000000000000001,0.05837929901853205,0.941620700981468
wand_text,opencv_text,hard,0.0,0.2,0.2,0.6000000000000001,0.04362376125703255,0.9563762387429674
wand_text,pil_controlled,clean,0.0,0.2,0.2,0.6000000000000001,0.13227690314302845,0.8677230968569716
wand_text,pil_controlled,easy,0.0,0.2,0.2,0.6000000000000001,0.14322605669697128,0.8567739433030287
wand_text,pil_controlled,medium,0.0,0.2,0.2,0.6000000000000001,0.1313652802959085,0.8686347197040916
wand_text,pil_controlled,hard,0.0,0.2,0.2,0.6000000000000001,0.10804030105421941,0.8919596989457805
wand_text,wand_text,clean,0.0,0.2,0.2,0.6000000000000001,0.10772231550638875,0.8922776844936112
wand_text,wand_text,easy,0.0,0.2,0.2,0.6000000000000001,0.1077415935198466,0.8922584064801534
wand_text,wand_text,medium,0.0,0.2,0.2,0.6000000000000001,0.055993305334448816,0.9440066946655512
wand_text,wand_text,hard,0.0,0.2,0.2,0.6000000000000001,0.029125444156428176,0.9708745558435719
captcha_image,captcha_image,clean,0.0,0.2,0.4,0.4,0.0,1.0
captcha_image,captcha_image,easy,0.0,0.2,0.4,0.4,0.0,1.0
captcha_image,captcha_image,medium,0.0,0.2,0.4,0.4,0.0,1.0
captcha_image,captcha_image,hard,0.0,0.2,0.4,0.4,0.0,1.0
captcha_image,opencv_text,clean,0.0,0.2,0.4,0.4,0.0,1.0
captcha_image,opencv_text,easy,0.0,0.2,0.4,0.4,0.0,1.0
captcha_image,opencv_text,medium,0.0,0.2,0.4,0.4,0.0,1.0
captcha_image,opencv_text,hard,0.0,0.2,0.4,0.4,0.0,1.0
captcha_image,pil_controlled,clean,0.0,0.2,0.4,0.4,0.0,1.0
captcha_image,pil_controlled,easy,0.0,0.2,0.4,0.4,0.0,1.0
captcha_image,pil_controlled,medium,0.0,0.2,0.4,0.4,0.0,1.0
captcha_image,pil_controlled,hard,0.0,0.2,0.4,0.4,0.0,1.0
captcha_image,wand_text,clean,0.0,0.2,0.4,0.4,0.0,1.0
captcha_image,wand_text,easy,0.0,0.2,0.4,0.4,0.0,1.0
captcha_image,wand_text,medium,0.0,0.2,0.4,0.4,0.0,1.0
captcha_image,wand_text,hard,0.0,0.2,0.4,0.4,0.0,1.0
opencv_text,captcha_image,clean,0.0,0.2,0.4,0.4,0.0,1.0
opencv_text,captcha_image,easy,0.0,0.2,0.4,0.4,0.0,1.0
opencv_text,captcha_image,medium,0.0,0.2,0.4,0.4,0.0,1.0
opencv_text,captcha_image,hard,0.0,0.2,0.4,0.4,0.0,1.0
opencv_text,opencv_text,clean,0.0,0.2,0.4,0.4,0.19992816929659588,0.8000718307034042
opencv_text,opencv_text,easy,0.0,0.2,0.4,0.4,0.19982404040999763,0.8001759595900024
opencv_text,opencv_text,medium,0.0,0.2,0.4,0.4,0.1994112701325063,0.8005887298674936
opencv_text,opencv_text,hard,0.0,0.2,0.4,0.4,0.17831894080041436,0.8216810591995857
opencv_text,pil_controlled,clean,0.0,0.2,0.4,0.4,0.04678863249351467,0.9532113675064853
opencv_text,pil_controlled,easy,0.0,0.2,0.4,0.4,0.04030748987862538,0.9596925101213746
opencv_text,pil_controlled,medium,0.0,0.2,0.4,0.4,0.04070703536512736,0.9592929646348727
opencv_text,pil_controlled,hard,0.0,0.2,0.4,0.4,0.031272201868965455,0.9687277981310345
opencv_text,wand_text,clean,0.0,0.2,0.4,0.4,0.0,1.0
opencv_text,wand_text,easy,0.0,0.2,0.4,0.4,0.0,1.0
opencv_text,wand_text,medium,0.0,0.2,0.4,0.4,0.0,1.0
opencv_text,wand_text,hard,0.0,0.2,0.4,0.4,0.0,1.0
pil_controlled,captcha_image,clean,0.0,0.2,0.4,0.4,0.0,1.0
pil_controlled,captcha_image,easy,0.0,0.2,0.4,0.4,0.0,1.0
pil_controlled,captcha_image,medium,0.0,0.2,0.4,0.4,0.0,1.0
pil_controlled,captcha_image,hard,0.0,0.2,0.4,0.4,0.0,1.0
pil_controlled,opencv_text,clean,0.0,0.2,0.4,0.4,0.13661791005209284,0.8633820899479072
pil_controlled,opencv_text,easy,0.0,0.2,0.4,0.4,0.13717776243200402,0.8628222375679959
pil_controlled,opencv_text,medium,0.0,0.2,0.4,0.4,0.11681530765075737,0.8831846923492426
pil_controlled,opencv_text,hard,0.0,0.2,0.4,0.4,0.07671875111786847,0.9232812488821316
pil_controlled,pil_controlled,clean,0.0,0.2,0.4,0.4,0.19894247310869928,0.8010575268913007
pil_controlled,pil_controlled,easy,0.0,0.2,0.4,0.4,0.19676795171121825,0.8032320482887818
pil_controlled,pil_controlled,medium,0.0,0.2,0.4,0.4,0.19365990611744707,0.8063400938825529
pil_controlled,pil_controlled,hard,0.0,0.2,0.4,0.4,0.16718439136289528,0.8328156086371047
pil_controlled,wand_text,clean,0.0,0.2,0.4,0.4,0.03410235014356055,0.9658976498564394
pil_controlled,wand_text,easy,0.0,0.2,0.4,0.4,0.0168031528457553,0.9831968471542447
pil_controlled,wand_text,medium,0.0,0.2,0.4,0.4,0.0,1.0
pil_controlled,wand_text,hard,0.0,0.2,0.4,0.4,0.0,1.0
wand_text,captcha_image,clean,0.0,0.2,0.4,0.4,0.0,1.0
wand_text,captcha_image,easy,0.0,0.2,0.4,0.4,0.0,1.0
wand_text,captcha_image,medium,0.0,0.2,0.4,0.4,0.0,1.0
wand_text,captcha_image,hard,0.0,0.2,0.4,0.4,0.0,1.0
wand_text,opencv_text,clean,0.0,0.2,0.4,0.4,0.028151121817032512,0.9718488781829675
wand_text,opencv_text,easy,0.0,0.2,0.4,0.4,0.025904738866289467,0.9740952611337106
wand_text,opencv_text,medium,0.0,0.2,0.4,0.4,0.01977491717288893,0.9802250828271111
wand_text,opencv_text,hard,0.0,0.2,0.4,0.4,0.0,1.0
wand_text,pil_controlled,clean,0.0,0.2,0.4,0.4,0.10597453655898574,0.8940254634410143
wand_text,pil_controlled,easy,0.0,0.2,0.4,0.4,0.11790563482046129,0.8820943651795388
wand_text,pil_controlled,medium,0.0,0.2,0.4,0.4,0.10366301466921968,0.8963369853307803
wand_text,pil_controlled,hard,0.0,0.2,0.4,0.4,0.07207779176135859,0.9279222082386414
wand_text,wand_text,clean,0.0,0.2,0.4,0.4,0.07378200635562342,0.9262179936443766
wand_text,wand_text,easy,0.0,0.2,0.4,0.4,0.07221258889834087,0.9277874111016591
wand_text,wand_text,medium,0.0,0.2,0.4,0.4,0.0,1.0
wand_text,wand_text,hard,0.0,0.2,0.4,0.4,0.0,1.0
captcha_image,captcha_image,clean,0.0,0.2,0.6000000000000001,0.2,0.0,1.0
captcha_image,captcha_image,easy,0.0,0.2,0.6000000000000001,0.2,0.0,1.0
captcha_image,captcha_image,medium,0.0,0.2,0.6000000000000001,0.2,0.0,1.0
captcha_image,captcha_image,hard,0.0,0.2,0.6000000000000001,0.2,0.0,1.0
captcha_image,opencv_text,clean,0.0,0.2,0.6000000000000001,0.2,0.0,1.0
captcha_image,opencv_text,easy,0.0,0.2,0.6000000000000001,0.2,0.0,1.0
captcha_image,opencv_text,medium,0.0,0.2,0.6000000000000001,0.2,0.0,1.0
captcha_image,opencv_text,hard,0.0,0.2,0.6000000000000001,0.2,0.0,1.0
captcha_image,pil_controlled,clean,0.0,0.2,0.6000000000000001,0.2,0.0,1.0
captcha_image,pil_controlled,easy,0.0,0.2,0.6000000000000001,0.2,0.0,1.0
captcha_image,pil_controlled,medium,0.0,0.2,0.6000000000000001,0.2,0.0,1.0
captcha_image,pil_controlled,hard,0.0,0.2,0.6000000000000001,0.2,0.0,1.0
captcha_image,wand_text,clean,0.0,0.2,0.6000000000000001,0.2,0.0,1.0
captcha_image,wand_text,easy,0.0,0.2,0.6000000000000001,0.2,0.0,1.0
captcha_image,wand_text,medium,0.0,0.2,0.6000000000000001,0.2,0.0,1.0
captcha_image,wand_text,hard,0.0,0.2,0.6000000000000001,0.2,0.0,1.0
opencv_text,captcha_image,clean,0.0,0.2,0.6000000000000001,0.2,0.0,1.0
opencv_text,captcha_image,easy,0.0,0.2,0.6000000000000001,0.2,0.0,1.0
opencv_text,captcha_image,medium,0.0,0.2,0.6000000000000001,0.2,0.0,1.0
opencv_text,captcha_image,hard,0.0,0.2,0.6000000000000001,0.2,0.0,1.0
opencv_text,opencv_text,clean,0.0,0.2,0.6000000000000001,0.2,0.19989853144250325,0.8001014685574968
opencv_text,opencv_text,easy,0.0,0.2,0.6000000000000001,0.2,0.1997922338561349,0.8002077661438651
opencv_text,opencv_text,medium,0.0,0.2,0.6000000000000001,0.2,0.1992715087197886,0.8007284912802114
opencv_text,opencv_text,hard,0.0,0.2,0.6000000000000001,0.2,0.17599098497130353,0.8240090150286965
opencv_text,pil_controlled,clean,0.0,0.2,0.6000000000000001,0.2,0.0358625332235776,0.9641374667764224
opencv_text,pil_controlled,easy,0.0,0.2,0.6000000000000001,0.2,0.0295599210282525,0.9704400789717476
opencv_text,pil_controlled,medium,0.0,0.2,0.6000000000000001,0.2,0.029778249583278356,0.9702217504167217
opencv_text,pil_controlled,hard,0.0,0.2,0.6000000000000001,0.2,0.019210958949338733,0.9807890410506612
opencv_text,wand_text,clean,0.0,0.2,0.6000000000000001,0.2,0.0,1.0
opencv_text,wand_text,easy,0.0,0.2,0.6000000000000001,0.2,0.0,1.0
opencv_text,wand_text,medium,0.0,0.2,0.6000000000000001,0.2,0.0,1.0
opencv_text,wand_text,hard,0.0,0.2,0.6000000000000001,0.2,0.0,1.0
pil_controlled,captcha_image,clean,0.0,0.2,0.6000000000000001,0.2,0.0,1.0
pil_controlled,captcha_image,easy,0.0,0.2,0.6000000000000001,0.2,0.0,1.0
pil_controlled,captcha_image,medium,0.0,0.2,0.6000000000000001,0.2,0.0,1.0
pil_controlled,captcha_image,hard,0.0,0.2,0.6000000000000001,0.2,0.0,1.0
pil_controlled,opencv_text,clean,0.0,0.2,0.6000000000000001,0.2,0.13196659358057175,0.8680334064194283
pil_controlled,opencv_text,easy,0.0,0.2,0.6000000000000001,0.2,0.13255529631838947,0.8674447036816105
pil_controlled,opencv_text,medium,0.0,0.2,0.6000000000000001,0.2,0.11009973986018577,0.8899002601398143
pil_controlled,opencv_text,hard,0.0,0.2,0.6000000000000001,0.2,0.06462059640082207,0.9353794035991779
pil_controlled,pil_controlled,clean,0.0,0.2,0.6000000000000001,0.2,0.19858430212209177,0.8014156978779082
pil_controlled,pil_controlled,easy,0.0,0.2,0.6000000000000001,0.2,0.1962405581119667,0.8037594418880333
pil_controlled,pil_controlled,medium,0.0,0.2,0.6000000000000001,0.2,0.19246132107624586,0.8075386789237542
pil_controlled,pil_controlled,hard,0.0,0.2,0.6000000000000001,0.2,0.16302111778571662,0.8369788822142834
pil_controlled,wand_text,clean,0.0,0.2,0.6000000000000001,0.2,0.014579903775407042,0.9854200962245929
pil_controlled,wand_text,easy,0.0,0.2,0.6000000000000001,0.2,0.0,1.0
pil_controlled,wand_text,medium,0.0,0.2,0.6000000000000001,0.2,0.0,1.0
pil_controlled,wand_text,hard,0.0,0.2,0.6000000000000001,0.2,0.0,1.0
wand_text,captcha_image,clean,0.0,0.2,0.6000000000000001,0.2,0.0,1.0
wand_text,captcha_image,easy,0.0,0.2,0.6000000000000001,0.2,0.0,1.0
wand_text,captcha_image,medium,0.0,0.2,0.6000000000000001,0.2,0.0,1.0
wand_text,captcha_image,hard,0.0,0.2,0.6000000000000001,0.2,0.0,1.0
wand_text,opencv_text,clean,0.0,0.2,0.6000000000000001,0.2,0.0,1.0
wand_text,opencv_text,easy,0.0,0.2,0.6000000000000001,0.2,0.0,1.0
wand_text,opencv_text,medium,0.0,0.2,0.6000000000000001,0.2,0.0,1.0
wand_text,opencv_text,hard,0.0,0.2,0.6000000000000001,0.2,0.0,1.0
wand_text,pil_controlled,clean,0.0,0.2,0.6000000000000001,0.2,0.07967216997494303,0.920327830025057
wand_text,pil_controlled,easy,0.0,0.2,0.6000000000000001,0.2,0.0925852129439513,0.9074147870560487
wand_text,pil_controlled,medium,0.0,0.2,0.6000000000000001,0.2,0.07596074904253088,0.9240392509574691
wand_text,pil_controlled,hard,0.0,0.2,0.6000000000000001,0.2,0.03611528246849775,0.9638847175315023
wand_text,wand_text,clean,0.0,0.2,0.6000000000000001,0.2,0.039841697204858056,0.9601583027951419
wand_text,wand_text,easy,0.0,0.2,0.6000000000000001,0.2,0.036683584276835116,0.9633164157231648
wand_text,wand_text,medium,0.0,0.2,0.6000000000000001,0.2,0.0,1.0
wand_text,wand_text,hard,0.0,0.2,0.6000000000000001,0.2,0.0,1.0
captcha_image,captcha_image,clean,0.0,0.2,0.8,0.0,0.0,1.0
captcha_image,captcha_image,easy,0.0,0.2,0.8,0.0,0.0,1.0
captcha_image,captcha_image,medium,0.0,0.2,0.8,0.0,0.0,1.0
captcha_image,captcha_image,hard,0.0,0.2,0.8,0.0,0.0,1.0
captcha_image,opencv_text,clean,0.0,0.2,0.8,0.0,0.0,1.0
captcha_image,opencv_text,easy,0.0,0.2,0.8,0.0,0.0,1.0
captcha_image,opencv_text,medium,0.0,0.2,0.8,0.0,0.0,1.0
captcha_image,opencv_text,hard,0.0,0.2,0.8,0.0,0.0,1.0
captcha_image,pil_controlled,clean,0.0,0.2,0.8,0.0,0.0,1.0
captcha_image,pil_controlled,easy,0.0,0.2,0.8,0.0,0.0,1.0
captcha_image,pil_controlled,medium,0.0,0.2,0.8,0.0,0.0,1.0
captcha_image,pil_controlled,hard,0.0,0.2,0.8,0.0,0.0,1.0
captcha_image,wand_text,clean,0.0,0.2,0.8,0.0,0.0,1.0
captcha_image,wand_text,easy,0.0,0.2,0.8,0.0,0.0,1.0
captcha_image,wand_text,medium,0.0,0.2,0.8,0.0,0.0,1.0
captcha_image,wand_text,hard,0.0,0.2,0.8,0.0,0.0,1.0
opencv_text,captcha_image,clean,0.0,0.2,0.8,0.0,0.0,1.0
opencv_text,captcha_image,easy,0.0,0.2,0.8,0.0,0.0,1.0
opencv_text,captcha_image,medium,0.0,0.2,0.8,0.0,0.0,1.0
opencv_text,captcha_image,hard,0.0,0.2,0.8,0.0,0.0,1.0
opencv_text,opencv_text,clean,0.0,0.2,0.8,0.0,0.19986889358841062,0.8001311064115894
opencv_text,opencv_text,easy,0.0,0.2,0.8,0.0,0.19976042730227214,0.8002395726977278
opencv_text,opencv_text,medium,0.0,0.2,0.8,0.0,0.1991317473070709,0.8008682526929292
opencv_text,opencv_text,hard,0.0,0.2,0.8,0.0,0.1736630291421927,0.8263369708578073
opencv_text,pil_controlled,clean,0.0,0.2,0.8,0.0,0.02493643395364055,0.9750635660463595
opencv_text,pil_controlled,easy,0.0,0.2,0.8,0.0,0.018812352177879618,0.9811876478221204
opencv_text,pil_controlled,medium,0.0,0.2,0.8,0.0,0.018849463801429357,0.9811505361985706
opencv_text,pil_controlled,hard,0.0,0.2,0.8,0.0,0.007149716029712011,0.992850283970288
opencv_text,wand_text,clean,0.0,0.2,0.8,0.0,0.0,1.0
opencv_text,wand_text,easy,0.0,0.2,0.8,0.0,0.0,1.0
opencv_text,wand_text,medium,0.0,0.2,0.8,0.0,0.0,1.0
opencv_text,wand_text,hard,0.0,0.2,0.8,0.0,0.0,1.0
pil_controlled,captcha_image,clean,0.0,0.2,0.8,0.0,0.0,1.0
pil_controlled,captcha_image,easy,0.0,0.2,0.8,0.0,0.0,1.0
pil_controlled,captcha_image,medium,0.0,0.2,0.8,0.0,0.0,1.0
pil_controlled,captcha_image,hard,0.0,0.2,0.8,0.0,0.0,1.0
pil_controlled,opencv_text,clean,0.0,0.2,0.8,0.0,0.12731527710905066,0.8726847228909493
pil_controlled,opencv_text,easy,0.0,0.2,0.8,0.0,0.12793283020477494,0.872067169795225
pil_controlled,opencv_text,medium,0.0,0.2,0.8,0.0,0.10338417206961417,0.8966158279303859
pil_controlled,opencv_text,hard,0.0,0.2,0.8,0.0,0.052522441683775664,0.9474775583162244
pil_controlled,pil_controlled,clean,0.0,0.2,0.8,0.0,0.19822613113548426,0.8017738688645157
pil_controlled,pil_controlled,easy,0.0,0.2,0.8,0.0,0.19571316451271514,0.8042868354872849
pil_controlled,pil_controlled,medium,0.0,0.2,0.8,0.0,0.19126273603504468,0.8087372639649553
pil_controlled,pil_controlled,hard,0.0,0.2,0.8,0.0,0.15885784420853796,0.841142155791462
pil_controlled,wand_text,clean,0.0,0.2,0.8,0.0,0.0,1.0
pil_controlled,wand_text,easy,0.0,0.2,0.8,0.0,0.0,1.0
pil_controlled,wand_text,medium,0.0,0.2,0.8,0.0,0.0,1.0
pil_controlled,wand_text,hard,0.0,0.2,0.8,0.0,0.0,1.0
wand_text,captcha_image,clean,0.0,0.2,0.8,0.0,0.0,1.0
wand_text,captcha_image,easy,0.0,0.2,0.8,0.0,0.0,1.0
wand_text,captcha_image,medium,0.0,0.2,0.8,0.0,0.0,1.0
wand_text,captcha_image,hard,0.0,0.2,0.8,0.0,0.0,1.0
wand_text,opencv_text,clean,0.0,0.2,0.8,0.0,0.0,1.0
wand_text,opencv_text,easy,0.0,0.2,0.8,0.0,0.0,1.0
wand_text,opencv_text,medium,0.0,0.2,0.8,0.0,0.0,1.0
wand_text,opencv_text,hard,0.0,0.2,0.8,0.0,0.0,1.0
wand_text,pil_controlled,clean,0.0,0.2,0.8,0.0,0.05336980339090033,0.9466301966090996
wand_text,pil_controlled,easy,0.0,0.2,0.8,0.0,0.06726479106744133,0.9327352089325587
wand_text,pil_controlled,medium,0.0,0.2,0.8,0.0,0.048258483415842074,0.951741516584158
wand_text,pil_controlled,hard,0.0,0.2,0.8,0.0,0.00015277317563694437,0.999847226824363
wand_text,wand_text,clean,0.0,0.2,0.8,0.0,0.005901388054092738,0.9940986119459072
wand_text,wand_text,easy,0.0,0.2,0.8,0.0,0.0011545796553293908,0.9988454203446706
wand_text,wand_text,medium,0.0,0.2,0.8,0.0,0.0,1.0
wand_text,wand_text,hard,0.0,0.2,0.8,0.0,0.0,1.0
captcha_image,captcha_image,clean,0.0,0.4,0.0,0.6000000000000001,0.2647236942728361,0.7352763057271638
captcha_image,captcha_image,easy,0.0,0.4,0.0,0.6000000000000001,0.2646604269504548,0.7353395730495452
captcha_image,captcha_image,medium,0.0,0.4,0.0,0.6000000000000001,0.2591861408193907,0.7408138591806093
captcha_image,captcha_image,hard,0.0,0.4,0.0,0.6000000000000001,0.2532680374264717,0.7467319625735283
captcha_image,opencv_text,clean,0.0,0.4,0.0,0.6000000000000001,0.2899530988852183,0.7100469011147816
captcha_image,opencv_text,easy,0.0,0.4,0.0,0.6000000000000001,0.2808931922872861,0.7191068077127138
captcha_image,opencv_text,medium,0.0,0.4,0.0,0.6000000000000001,0.27514656889836,0.72485343110164
captcha_image,opencv_text,hard,0.0,0.4,0.0,0.6000000000000001,0.2643055905779203,0.7356944094220796
captcha_image,pil_controlled,clean,0.0,0.4,0.0,0.6000000000000001,0.26642348407506944,0.7335765159249306
captcha_image,pil_controlled,easy,0.0,0.4,0.0,0.6000000000000001,0.2548652182777723,0.7451347817222277
captcha_image,pil_controlled,medium,0.0,0.4,0.0,0.6000000000000001,0.2488354087193807,0.7511645912806193
captcha_image,pil_controlled,hard,0.0,0.4,0.0,0.6000000000000001,0.24285679720242823,0.7571432027975717
captcha_image,wand_text,clean,0.0,0.4,0.0,0.6000000000000001,0.2640071229259173,0.7359928770740827
captcha_image,wand_text,easy,0.0,0.4,0.0,0.6000000000000001,0.24907017230987552,0.7509298276901245
captcha_image,wand_text,medium,0.0,0.4,0.0,0.6000000000000001,0.20787848048607513,0.7921215195139248
captcha_image,wand_text,hard,0.0,0.4,0.0,0.6000000000000001,0.17944587844212856,0.8205541215578714
opencv_text,captcha_image,clean,0.0,0.4,0.0,0.6000000000000001,0.10077245858510331,0.8992275414148967
opencv_text,captcha_image,easy,0.0,0.4,0.0,0.6000000000000001,0.09525980838139853,0.9047401916186015
opencv_text,captcha_image,medium,0.0,0.4,0.0,0.6000000000000001,0.09540544310410817,0.9045945568958919
opencv_text,captcha_image,hard,0.0,0.4,0.0,0.6000000000000001,0.08658282410303753,0.9134171758969625
opencv_text,opencv_text,clean,0.0,0.4,0.0,0.6000000000000001,0.3999748900095622,0.6000251099904378
opencv_text,opencv_text,easy,0.0,0.4,0.0,0.6000000000000001,0.3997753070354462,0.6002246929645538
opencv_text,opencv_text,medium,0.0,0.4,0.0,0.6000000000000001,0.3993815859158834,0.6006184140841166
opencv_text,opencv_text,hard,0.0,0.4,0.0,0.6000000000000001,0.36594970491727197,0.634050295082728
opencv_text,pil_controlled,clean,0.0,0.4,0.0,0.6000000000000001,0.13728166206677758,0.8627183379332224
opencv_text,pil_controlled,easy,0.0,0.4,0.0,0.6000000000000001,0.12360525515874228,0.8763947448412577
opencv_text,pil_controlled,medium,0.0,0.4,0.0,0.6000000000000001,0.12512921385765072,0.8748707861423493
opencv_text,pil_controlled,hard,0.0,0.4,0.0,0.6000000000000001,0.1107893754164378,0.8892106245835623
opencv_text,wand_text,clean,0.0,0.4,0.0,0.6000000000000001,0.08029555257161461,0.9197044474283854
opencv_text,wand_text,easy,0.0,0.4,0.0,0.6000000000000001,0.07762359619935354,0.9223764038006464
opencv_text,wand_text,medium,0.0,0.4,0.0,0.6000000000000001,0.06920719916025796,0.930792800839742
opencv_text,wand_text,hard,0.0,0.4,0.0,0.6000000000000001,0.06891398795445758,0.9310860120455424
pil_controlled,captcha_image,clean,0.0,0.4,0.0,0.6000000000000001,0.08415806632836663,0.9158419336716334
pil_controlled,captcha_image,easy,0.0,0.4,0.0,0.6000000000000001,0.0877003140370051,0.9122996859629949
pil_controlled,captcha_image,medium,0.0,0.4,0.0,0.6000000000000001,0.09259593028227489,0.9074040697177251
pil_controlled,captcha_image,hard,0.0,0.4,0.0,0.6000000000000001,0.09460040822029114,0.9053995917797089
pil_controlled,opencv_text,clean,0.0,0.4,0.0,0.6000000000000001,0.29184108599027,0.70815891400973
pil_controlled,opencv_text,easy,0.0,0.4,0.0,0.6000000000000001,0.2928453893184662,0.7071546106815338
pil_controlled,opencv_text,medium,0.0,0.4,0.0,0.6000000000000001,0.26049288646380114,0.7395071135361988
pil_controlled,opencv_text,hard,0.0,0.4,0.0,0.6000000000000001,0.20183012110392254,0.7981698788960775
pil_controlled,pil_controlled,clean,0.0,0.4,0.0,0.6000000000000001,0.39931763016382854,0.6006823698361714
pil_controlled,pil_controlled,easy,0.0,0.4,0.0,0.6000000000000001,0.39564547781944276,0.6043545221805573
pil_controlled,pil_controlled,medium,0.0,0.4,0.0,0.6000000000000001,0.39211415239969893,0.6078858476003011
pil_controlled,pil_controlled,hard,0.0,0.4,0.0,0.6000000000000001,0.3510218770345052,0.6489781229654947
pil_controlled,wand_text,clean,0.0,0.4,0.0,0.6000000000000001,0.1462944857597351,0.8537055142402649
pil_controlled,wand_text,easy,0.0,0.4,0.0,0.6000000000000001,0.1246176437775294,0.8753823562224706
pil_controlled,wand_text,medium,0.0,0.4,0.0,0.6000000000000001,0.08986835301717125,0.9101316469828288
pil_controlled,wand_text,hard,0.0,0.4,0.0,0.6000000000000001,0.08328333380222319,0.9167166661977768
wand_text,captcha_image,clean,0.0,0.4,0.0,0.6000000000000001,0.16611554768085482,0.8338844523191452
wand_text,captcha_image,easy,0.0,0.4,0.0,0.6000000000000001,0.173572770969073,0.826427229030927
wand_text,captcha_image,medium,0.0,0.4,0.0,0.6000000000000001,0.17995723594824475,0.8200427640517552
wand_text,captcha_image,hard,0.0,0.4,0.0,0.6000000000000001,0.17655650300979617,0.8234434969902038
wand_text,opencv_text,clean,0.0,0.4,0.0,0.6000000000000001,0.20774099645614622,0.7922590035438538
wand_text,opencv_text,easy,0.0,0.4,0.0,0.6000000000000001,0.19585700869560238,0.8041429913043976
wand_text,opencv_text,medium,0.0,0.4,0.0,0.6000000000000001,0.19396736172835036,0.8060326382716496
wand_text,opencv_text,hard,0.0,0.4,0.0,0.6000000000000001,0.18265183395544687,0.8173481660445532
wand_text,pil_controlled,clean,0.0,0.4,0.0,0.6000000000000001,0.3171585394541423,0.6828414605458577
wand_text,pil_controlled,easy,0.0,0.4,0.0,0.6000000000000001,0.3370929571469625,0.6629070428530375
wand_text,pil_controlled,medium,0.0,0.4,0.0,0.6000000000000001,0.31813509184519456,0.6818649081548054
wand_text,pil_controlled,hard,0.0,0.4,0.0,0.6000000000000001,0.28800562069416047,0.7119943793058395
wand_text,wand_text,clean,0.0,0.4,0.0,0.6000000000000001,0.2833252493143082,0.7166747506856919
wand_text,wand_text,easy,0.0,0.4,0.0,0.6000000000000001,0.2865411962827047,0.7134588037172953
wand_text,wand_text,medium,0.0,0.4,0.0,0.6000000000000001,0.22797183517217637,0.7720281648278237
wand_text,wand_text,hard,0.0,0.4,0.0,0.6000000000000001,0.2353547378698985,0.7646452621301015
captcha_image,captcha_image,clean,0.0,0.4,0.2,0.4,0.1540835784852505,0.8459164215147494
captcha_image,captcha_image,easy,0.0,0.4,0.2,0.4,0.15384387821952505,0.846156121780475
captcha_image,captcha_image,medium,0.0,0.4,0.2,0.4,0.14796024230122573,0.8520397576987743
captcha_image,captcha_image,hard,0.0,0.4,0.2,0.4,0.14134830899238585,0.8586516910076142
captcha_image,opencv_text,clean,0.0,0.4,0.2,0.4,0.1606515474597613,0.8393484525402387
captcha_image,opencv_text,easy,0.0,0.4,0.2,0.4,0.15740898281931875,0.8425910171806812
captcha_image,opencv_text,medium,0.0,0.4,0.2,0.4,0.15800613303979244,0.8419938669602076
captcha_image,opencv_text,hard,0.0,0.4,0.2,0.4,0.1560390511552493,0.8439609488447507
captcha_image,pil_controlled,clean,0.0,0.4,0.2,0.4,0.14634673686822258,0.8536532631317775
captcha_image,pil_controlled,easy,0.0,0.4,0.2,0.4,0.14170710007747017,0.8582928999225299
captcha_image,pil_controlled,medium,0.0,0.4,0.2,0.4,0.14047139237125714,0.8595286076287428
captcha_image,pil_controlled,hard,0.0,0.4,0.2,0.4,0.1410205748120944,0.8589794251879056
captcha_image,wand_text,clean,0.0,0.4,0.2,0.4,0.143865322860082,0.856134677139918
captcha_image,wand_text,easy,0.0,0.4,0.2,0.4,0.1374989223301411,0.862501077669859
captcha_image,wand_text,medium,0.0,0.4,0.2,0.4,0.11592567898730442,0.8840743210126956
captcha_image,wand_text,hard,0.0,0.4,0.2,0.4,0.10034583862274891,0.8996541613772511
opencv_text,captcha_image,clean,0.0,0.4,0.2,0.4,0.06561998571207123,0.9343800142879288
opencv_text,captcha_image,easy,0.0,0.4,0.2,0.4,0.06229686931446197,0.937703130685538
opencv_text,captcha_image,medium,0.0,0.4,0.2,0.4,0.0629838152178408,0.9370161847821592
opencv_text,captcha_image,hard,0.0,0.4,0.2,0.4,0.0571110219002391,0.9428889780997609
opencv_text,opencv_text,clean,0.0,0.4,0.2,0.4,0.3999452521554696,0.6000547478445304
opencv_text,opencv_text,easy,0.0,0.4,0.2,0.4,0.39974350048158347,0.6002564995184165
opencv_text,opencv_text,medium,0.0,0.4,0.2,0.4,0.3992418245031657,0.6007581754968343
opencv_text,opencv_text,hard,0.0,0.4,0.2,0.4,0.36362174908816114,0.6363782509118389
opencv_text,pil_controlled,clean,0.0,0.4,0.2,0.4,0.12635556279684051,0.8736444372031595
opencv_text,pil_controlled,easy,0.0,0.4,0.2,0.4,0.1128576863083694,0.8871423136916305
opencv_text,pil_controlled,medium,0.0,0.4,0.2,0.4,0.11420042807580172,0.8857995719241982
opencv_text,pil_controlled,hard,0.0,0.4,0.2,0.4,0.09872813249681107,0.9012718675031889
opencv_text,wand_text,clean,0.0,0.4,0.2,0.4,0.05705306597906169,0.9429469340209383
opencv_text,wand_text,easy,0.0,0.4,0.2,0.4,0.05444703817473881,0.9455529618252612
opencv_text,wand_text,medium,0.0,0.4,0.2,0.4,0.04628761947878325,0.9537123805212168
opencv_text,wand_text,hard,0.0,0.4,0.2,0.4,0.046472684286885974,0.953527315713114
pil_controlled,captcha_image,clean,0.0,0.4,0.2,0.4,0.05436897634000055,0.9456310236599994
pil_controlled,captcha_image,easy,0.0,0.4,0.2,0.4,0.056704394298667714,0.9432956057013323
pil_controlled,captcha_image,medium,0.0,0.4,0.2,0.4,0.05980536742731931,0.9401946325726807
pil_controlled,captcha_image,hard,0.0,0.4,0.2,0.4,0.061400554479410265,0.9385994455205897
pil_controlled,opencv_text,clean,0.0,0.4,0.2,0.4,0.2871897695187489,0.7128102304812511
pil_controlled,opencv_text,easy,0.0,0.4,0.2,0.4,0.28822292320485166,0.7117770767951483
pil_controlled,opencv_text,medium,0.0,0.4,0.2,0.4,0.25377731867322956,0.7462226813267705
pil_controlled,opencv_text,hard,0.0,0.4,0.2,0.4,0.18973196638687614,0.8102680336131238
pil_controlled,pil_controlled,clean,0.0,0.4,0.2,0.4,0.39895945917722103,0.601040540822779
pil_controlled,pil_controlled,easy,0.0,0.4,0.2,0.4,0.3951180842201912,0.6048819157798089
pil_controlled,pil_controlled,medium,0.0,0.4,0.2,0.4,0.39091556735849775,0.6090844326415022
pil_controlled,pil_controlled,hard,0.0,0.4,0.2,0.4,0.34685860345732655,0.6531413965426734
pil_controlled,wand_text,clean,0.0,0.4,0.2,0.4,0.1267720393915816,0.8732279606084183
pil_controlled,wand_text,easy,0.0,0.4,0.2,0.4,0.1018648092560247,0.8981351907439753
pil_controlled,wand_text,medium,0.0,0.4,0.2,0.4,0.0636592711560312,0.9363407288439688
pil_controlled,wand_text,hard,0.0,0.4,0.2,0.4,0.05660715169512355,0.9433928483048765
wand_text,captcha_image,clean,0.0,0.4,0.2,0.4,0.10736234879195691,0.8926376512080431
wand_text,captcha_image,easy,0.0,0.4,0.2,0.4,0.11012131341497106,0.889878686585029
wand_text,captcha_image,medium,0.0,0.4,0.2,0.4,0.1134507748226325,0.8865492251773675
wand_text,captcha_image,hard,0.0,0.4,0.2,0.4,0.11266403194069864,0.8873359680593014
wand_text,opencv_text,clean,0.0,0.4,0.2,0.4,0.16988130825062592,0.8301186917493741
wand_text,opencv_text,easy,0.0,0.4,0.2,0.4,0.1598451259548465,0.8401548740451534
wand_text,opencv_text,medium,0.0,0.4,0.2,0.4,0.15536297988270723,0.8446370201172928
wand_text,opencv_text,hard,0.0,0.4,0.2,0.4,0.13494967823475598,0.865050321765244
wand_text,pil_controlled,clean,0.0,0.4,0.2,0.4,0.29085617287009957,0.7091438271299004
wand_text,pil_controlled,easy,0.0,0.4,0.2,0.4,0.31177253527045257,0.6882274647295474
wand_text,pil_controlled,medium,0.0,0.4,0.2,0.4,0.29043282621850575,0.7095671737814943
wand_text,pil_controlled,hard,0.0,0.4,0.2,0.4,0.25204311140129965,0.7479568885987004
wand_text,wand_text,clean,0.0,0.4,0.2,0.4,0.24938494016354285,0.7506150598364572
wand_text,wand_text,easy,0.0,0.4,0.2,0.4,0.2510121916611989,0.7489878083388011
wand_text,wand_text,medium,0.0,0.4,0.2,0.4,0.169979222920537,0.830020777079463
wand_text,wand_text,hard,0.0,0.4,0.2,0.4,0.14680281309137744,0.8531971869086226
captcha_image,captcha_image,clean,0.0,0.4,0.4,0.2,0.04344346269766494,0.956556537302335
captcha_image,captcha_image,easy,0.0,0.4,0.4,0.2,0.04302732948859536,0.9569726705114047
captcha_image,captcha_image,medium,0.0,0.4,0.4,0.2,0.03673434378306076,0.9632656562169393
captcha_image,captcha_image,hard,0.0,0.4,0.4,0.2,0.0294285805583,0.9705714194417
captcha_image,opencv_text,clean,0.0,0.4,0.4,0.2,0.03134999603430427,0.9686500039656958
captcha_image,opencv_text,easy,0.0,0.4,0.4,0.2,0.03392477335135141,0.9660752266486485
captcha_image,opencv_text,medium,0.0,0.4,0.4,0.2,0.040865697181224875,0.9591343028187751
captcha_image,opencv_text,hard,0.0,0.4,0.4,0.2,0.04777251173257829,0.9522274882674218
captcha_image,pil_controlled,clean,0.0,0.4,0.4,0.2,0.026269989661375698,0.9737300103386243
captcha_image,pil_controlled,easy,0.0,0.4,0.4,0.2,0.028548981877168034,0.971451018122832
captcha_image,pil_controlled,medium,0.0,0.4,0.4,0.2,0.03210737602313357,0.9678926239768664
captcha_image,pil_controlled,hard,0.0,0.4,0.4,0.2,0.039184352421760604,0.9608156475782395
captcha_image,wand_text,clean,0.0,0.4,0.4,0.2,0.023723522794246665,0.9762764772057533
captcha_image,wand_text,easy,0.0,0.4,0.4,0.2,0.02592767235040666,0.9740723276495933
captcha_image,wand_text,medium,0.0,0.4,0.4,0.2,0.023972877488533717,0.9760271225114663
captcha_image,wand_text,hard,0.0,0.4,0.4,0.2,0.02124579880336927,0.9787542011966307
opencv_text,captcha_image,clean,0.0,0.4,0.4,0.2,0.030467512839039146,0.9695324871609609
opencv_text,captcha_image,easy,0.0,0.4,0.4,0.2,0.02933393024752541,0.9706660697524746
opencv_text,captcha_image,medium,0.0,0.4,0.4,0.2,0.030562187331573412,0.9694378126684265
opencv_text,captcha_image,hard,0.0,0.4,0.4,0.2,0.02763921969744068,0.9723607803025593
opencv_text,opencv_text,clean,0.0,0.4,0.4,0.2,0.39991561430137695,0.6000843856986231
opencv_text,opencv_text,easy,0.0,0.4,0.4,0.2,0.39971169392772077,0.6002883060722792
opencv_text,opencv_text,medium,0.0,0.4,0.4,0.2,0.399102063090448,0.600897936909552
opencv_text,opencv_text,hard,0.0,0.4,0.4,0.2,0.3612937932590503,0.6387062067409497
opencv_text,pil_controlled,clean,0.0,0.4,0.4,0.2,0.11542946352690346,0.8845705364730966
opencv_text,pil_controlled,easy,0.0,0.4,0.4,0.2,0.10211011745799652,0.8978898825420035
opencv_text,pil_controlled,medium,0.0,0.4,0.4,0.2,0.10327164229395272,0.8967283577060473
opencv_text,pil_controlled,hard,0.0,0.4,0.4,0.2,0.08666688957718435,0.9133331104228156
opencv_text,wand_text,clean,0.0,0.4,0.4,0.2,0.03381057938650877,0.9661894206134912
opencv_text,wand_text,easy,0.0,0.4,0.4,0.2,0.03127048015012409,0.9687295198498759
opencv_text,wand_text,medium,0.0,0.4,0.4,0.2,0.023368039797308553,0.9766319602026915
opencv_text,wand_text,hard,0.0,0.4,0.4,0.2,0.024031380619314376,0.9759686193806856
pil_controlled,captcha_image,clean,0.0,0.4,0.4,0.2,0.024579886351634467,0.9754201136483656
pil_controlled,captcha_image,easy,0.0,0.4,0.4,0.2,0.025708474560330333,0.9742915254396697
pil_controlled,captcha_image,medium,0.0,0.4,0.4,0.2,0.02701480457236373,0.9729851954276363
pil_controlled,captcha_image,hard,0.0,0.4,0.4,0.2,0.028200700738529386,0.9717992992614706
pil_controlled,opencv_text,clean,0.0,0.4,0.4,0.2,0.2825384530472278,0.7174615469527722
pil_controlled,opencv_text,easy,0.0,0.4,0.4,0.2,0.28360045709123716,0.7163995429087628
pil_controlled,opencv_text,medium,0.0,0.4,0.4,0.2,0.24706175088265794,0.7529382491173421
pil_controlled,opencv_text,hard,0.0,0.4,0.4,0.2,0.17763381166982972,0.8223661883301703
pil_controlled,pil_controlled,clean,0.0,0.4,0.4,0.2,0.3986012881906135,0.6013987118093864
pil_controlled,pil_controlled,easy,0.0,0.4,0.4,0.2,0.39459069062093965,0.6054093093790603
pil_controlled,pil_controlled,medium,0.0,0.4,0.4,0.2,0.3897169823172965,0.6102830176827034
pil_controlled,pil_controlled,hard,0.0,0.4,0.4,0.2,0.3426953298801479,0.6573046701198522
pil_controlled,wand_text,clean,0.0,0.4,0.4,0.2,0.1072495930234281,0.8927504069765719
pil_controlled,wand_text,easy,0.0,0.4,0.4,0.2,0.07911197473452,0.92088802526548
pil_controlled,wand_text,medium,0.0,0.4,0.4,0.2,0.03745018929489117,0.9625498107051088
pil_controlled,wand_text,hard,0.0,0.4,0.4,0.2,0.02993096958802391,0.9700690304119761
wand_text,captcha_image,clean,0.0,0.4,0.4,0.2,0.04860914990305902,0.951390850096941
wand_text,captcha_image,easy,0.0,0.4,0.4,0.2,0.04666985586086911,0.9533301441391309
wand_text,captcha_image,medium,0.0,0.4,0.4,0.2,0.046944313697020235,0.9530556863029798
wand_text,captcha_image,hard,0.0,0.4,0.4,0.2,0.048771560871601116,0.9512284391283989
wand_text,opencv_text,clean,0.0,0.4,0.4,0.2,0.13202162004510562,0.8679783799548944
wand_text,opencv_text,easy,0.0,0.4,0.4,0.2,0.12383324321409066,0.8761667567859094
wand_text,opencv_text,medium,0.0,0.4,0.4,0.2,0.1167585980370641,0.8832414019629359
wand_text,opencv_text,hard,0.0,0.4,0.4,0.2,0.0872475225140651,0.9127524774859349
wand_text,pil_controlled,clean,0.0,0.4,0.4,0.2,0.2645538062860569,0.7354461937139432
wand_text,pil_controlled,easy,0.0,0.4,0.4,0.2,0.28645211339394255,0.7135478866060574
wand_text,pil_controlled,medium,0.0,0.4,0.4,0.2,0.262730560591817,0.737269439408183
wand_text,pil_controlled,hard,0.0,0.4,0.4,0.2,0.21608060210843882,0.7839193978915612
wand_text,wand_text,clean,0.0,0.4,0.4,0.2,0.2154446310127775,0.7845553689872224
wand_text,wand_text,easy,0.0,0.4,0.4,0.2,0.2154831870396932,0.7845168129603068
wand_text,wand_text,medium,0.0,0.4,0.4,0.2,0.11198661066889763,0.8880133893311024
wand_text,wand_text,hard,0.0,0.4,0.4,0.2,0.05825088831285635,0.9417491116871437
captcha_image,captcha_image,clean,0.0,0.4,0.6000000000000001,0.0,0.0,1.0
captcha_image,captcha_image,easy,0.0,0.4,0.6000000000000001,0.0,0.0,1.0
captcha_image,captcha_image,medium,0.0,0.4,0.6000000000000001,0.0,0.0,1.0
captcha_image,captcha_image,hard,0.0,0.4,0.6000000000000001,0.0,0.0,1.0
captcha_image,opencv_text,clean,0.0,0.4,0.6000000000000001,0.0,0.0,1.0
captcha_image,opencv_text,easy,0.0,0.4,0.6000000000000001,0.0,0.0,1.0
captcha_image,opencv_text,medium,0.0,0.4,0.6000000000000001,0.0,0.0,1.0
captcha_image,opencv_text,hard,0.0,0.4,0.6000000000000001,0.0,0.0,1.0
captcha_image,pil_controlled,clean,0.0,0.4,0.6000000000000001,0.0,0.0,1.0
captcha_image,pil_controlled,easy,0.0,0.4,0.6000000000000001,0.0,0.0,1.0
captcha_image,pil_controlled,medium,0.0,0.4,0.6000000000000001,0.0,0.0,1.0
captcha_image,pil_controlled,hard,0.0,0.4,0.6000000000000001,0.0,0.0,1.0
captcha_image,wand_text,clean,0.0,0.4,0.6000000000000001,0.0,0.0,1.0
captcha_image,wand_text,easy,0.0,0.4,0.6000000000000001,0.0,0.0,1.0
captcha_image,wand_text,medium,0.0,0.4,0.6000000000000001,0.0,0.0,1.0
captcha_image,wand_text,hard,0.0,0.4,0.6000000000000001,0.0,0.0,1.0
opencv_text,captcha_image,clean,0.0,0.4,0.6000000000000001,0.0,0.0,1.0
opencv_text,captcha_image,easy,0.0,0.4,0.6000000000000001,0.0,0.0,1.0
opencv_text,captcha_image,medium,0.0,0.4,0.6000000000000001,0.0,0.0,1.0
opencv_text,captcha_image,hard,0.0,0.4,0.6000000000000001,0.0,0.0,1.0
opencv_text,opencv_text,clean,0.0,0.4,0.6000000000000001,0.0,0.39988597644728435,0.6001140235527156
opencv_text,opencv_text,easy,0.0,0.4,0.6000000000000001,0.0,0.399679887373858,0.6003201126261419
opencv_text,opencv_text,medium,0.0,0.4,0.6000000000000001,0.0,0.39896230167773034,0.6010376983222696
opencv_text,opencv_text,hard,0.0,0.4,0.6000000000000001,0.0,0.3589658374299395,0.6410341625700605
opencv_text,pil_controlled,clean,0.0,0.4,0.6000000000000001,0.0,0.1045033642569664,0.8954966357430336
opencv_text,pil_controlled,easy,0.0,0.4,0.6000000000000001,0.0,0.09136254860762363,0.9086374513923764
opencv_text,pil_controlled,medium,0.0,0.4,0.6000000000000001,0.0,0.09234285651210372,0.9076571434878963
opencv_text,pil_controlled,hard,0.0,0.4,0.6000000000000001,0.0,0.07460564665755763,0.9253943533424424
opencv_text,wand_text,clean,0.0,0.4,0.6000000000000001,0.0,0.010568092793955847,0.9894319072060441
opencv_text,wand_text,easy,0.0,0.4,0.6000000000000001,0.0,0.008093922125509356,0.9919060778744906
opencv_text,wand_text,medium,0.0,0.4,0.6000000000000001,0.0,0.00044846011583384027,0.9995515398841661
opencv_text,wand_text,hard,0.0,0.4,0.6000000000000001,0.0,0.0015900769517427638,0.9984099230482573
pil_controlled,captcha_image,clean,0.0,0.4,0.6000000000000001,0.0,0.0,1.0
pil_controlled,captcha_image,easy,0.0,0.4,0.6000000000000001,0.0,0.0,1.0
pil_controlled,captcha_image,medium,0.0,0.4,0.6000000000000001,0.0,0.0,1.0
pil_controlled,captcha_image,hard,0.0,0.4,0.6000000000000001,0.0,0.0,1.0
pil_controlled,opencv_text,clean,0.0,0.4,0.6000000000000001,0.0,0.27788713657570674,0.7221128634242933
pil_controlled,opencv_text,easy,0.0,0.4,0.6000000000000001,0.0,0.2789779909776226,0.7210220090223773
pil_controlled,opencv_text,medium,0.0,0.4,0.6000000000000001,0.0,0.24034618309208633,0.7596538169079137
pil_controlled,opencv_text,hard,0.0,0.4,0.6000000000000001,0.0,0.16553565695278333,0.8344643430472167
pil_controlled,pil_controlled,clean,0.0,0.4,0.6000000000000001,0.0,0.398243117204006,0.601756882795994
pil_controlled,pil_controlled,easy,0.0,0.4,0.6000000000000001,0.0,0.3940632970216881,0.6059367029783119
pil_controlled,pil_controlled,medium,0.0,0.4,0.6000000000000001,0.0,0.38851839727609533,0.6114816027239047
pil_controlled,pil_controlled,hard,0.0,0.4,0.6000000000000001,0.0,0.33853205630296923,0.6614679436970308
pil_controlled,wand_text,clean,0.0,0.4,0.6000000000000001,0.0,0.08772714665527459,0.9122728533447254
pil_controlled,wand_text,easy,0.0,0.4,0.6000000000000001,0.0,0.05635914021301529,0.9436408597869848
pil_controlled,wand_text,medium,0.0,0.4,0.6000000000000001,0.0,0.011241107433751119,0.9887588925662489
pil_controlled,wand_text,hard,0.0,0.4,0.6000000000000001,0.0,0.0032547874809242677,0.9967452125190758
wand_text,captcha_image,clean,0.0,0.4,0.6000000000000001,0.0,0.0,1.0
wand_text,captcha_image,easy,0.0,0.4,0.6000000000000001,0.0,0.0,1.0
wand_text,captcha_image,medium,0.0,0.4,0.6000000000000001,0.0,0.0,1.0
wand_text,captcha_image,hard,0.0,0.4,0.6000000000000001,0.0,0.0,1.0
wand_text,opencv_text,clean,0.0,0.4,0.6000000000000001,0.0,0.09416193183958531,0.9058380681604147
wand_text,opencv_text,easy,0.0,0.4,0.6000000000000001,0.0,0.08782136047333479,0.9121786395266652
wand_text,opencv_text,medium,0.0,0.4,0.6000000000000001,0.0,0.07815421619142097,0.9218457838085791
wand_text,opencv_text,hard,0.0,0.4,0.6000000000000001,0.0,0.0395453667933742,0.9604546332066258
wand_text,pil_controlled,clean,0.0,0.4,0.6000000000000001,0.0,0.23825143970201418,0.7617485602979859
wand_text,pil_controlled,easy,0.0,0.4,0.6000000000000001,0.0,0.26113169151743254,0.7388683084825675
wand_text,pil_controlled,medium,0.0,0.4,0.6000000000000001,0.0,0.23502829496512817,0.7649717050348719
wand_text,pil_controlled,hard,0.0,0.4,0.6000000000000001,0.0,0.180118092815578,0.819881907184422
wand_text,wand_text,clean,0.0,0.4,0.6000000000000001,0.0,0.18150432186201215,0.8184956781379878
wand_text,wand_text,easy,0.0,0.4,0.6000000000000001,0.0,0.17995418241818745,0.8200458175818126
wand_text,wand_text,medium,0.0,0.4,0.6000000000000001,0.0,0.05399399841725824,0.9460060015827417
wand_text,wand_text,hard,0.0,0.4,0.6000000000000001,0.0,0.0,1.0
captcha_image,captcha_image,clean,0.0,0.6000000000000001,0.0,0.4,0.3970855414092542,0.6029144585907458
captcha_image,captcha_image,easy,0.0,0.6000000000000001,0.0,0.4,0.39699064042568216,0.6030093595743178
captcha_image,captcha_image,medium,0.0,0.6000000000000001,0.0,0.4,0.38877921122908604,0.611220788770914
captcha_image,captcha_image,hard,0.0,0.6000000000000001,0.0,0.4,0.3799020561397076,0.6200979438602924
captcha_image,opencv_text,clean,0.0,0.6000000000000001,0.0,0.4,0.43492964832782754,0.5650703516721725
captcha_image,opencv_text,easy,0.0,0.6000000000000001,0.0,0.4,0.42133978843092923,0.5786602115690708
captcha_image,opencv_text,medium,0.0,0.6000000000000001,0.0,0.4,0.41271985334754,0.58728014665246
captcha_image,opencv_text,hard,0.0,0.6000000000000001,0.0,0.4,0.39645838586688054,0.6035416141331195
captcha_image,pil_controlled,clean,0.0,0.6000000000000001,0.0,0.4,0.3996352261126042,0.6003647738873958
captcha_image,pil_controlled,easy,0.0,0.6000000000000001,0.0,0.4,0.38229782741665846,0.6177021725833416
captcha_image,pil_controlled,medium,0.0,0.6000000000000001,0.0,0.4,0.3732531130790711,0.626746886920929
captcha_image,pil_controlled,hard,0.0,0.6000000000000001,0.0,0.4,0.3642851958036424,0.6357148041963576
captcha_image,wand_text,clean,0.0,0.6000000000000001,0.0,0.4,0.39601068438887604,0.603989315611124
captcha_image,wand_text,easy,0.0,0.6000000000000001,0.0,0.4,0.37360525846481335,0.6263947415351867
captcha_image,wand_text,medium,0.0,0.6000000000000001,0.0,0.4,0.31181772072911274,0.6881822792708873
captcha_image,wand_text,hard,0.0,0.6000000000000001,0.0,0.4,0.26916881766319284,0.7308311823368072
opencv_text,captcha_image,clean,0.0,0.6000000000000001,0.0,0.4,0.151158687877655,0.848841312122345
opencv_text,captcha_image,easy,0.0,0.6000000000000001,0.0,0.4,0.1428897125720978,0.8571102874279022
opencv_text,captcha_image,medium,0.0,0.6000000000000001,0.0,0.4,0.14310816465616227,0.8568918353438377
opencv_text,captcha_image,hard,0.0,0.6000000000000001,0.0,0.4,0.12987423615455632,0.8701257638454437
opencv_text,opencv_text,clean,0.0,0.6000000000000001,0.0,0.4,0.5999623350143434,0.4000376649856566
opencv_text,opencv_text,easy,0.0,0.6000000000000001,0.0,0.4,0.5996629605531694,0.40033703944683063
opencv_text,opencv_text,medium,0.0,0.6000000000000001,0.0,0.4,0.5990723788738251,0.40092762112617486
opencv_text,opencv_text,hard,0.0,0.6000000000000001,0.0,0.4,0.5489245573759081,0.45107544262409194
opencv_text,pil_controlled,clean,0.0,0.6000000000000001,0.0,0.4,0.2059224931001664,0.7940775068998336
opencv_text,pil_controlled,easy,0.0,0.6000000000000001,0.0,0.4,0.18540788273811346,0.8145921172618865
opencv_text,pil_controlled,medium,0.0,0.6000000000000001,0.0,0.4,0.1876938207864761,0.8123061792135239
opencv_text,pil_controlled,hard,0.0,0.6000000000000001,0.0,0.4,0.1661840631246567,0.8338159368753433
opencv_text,wand_text,clean,0.0,0.6000000000000001,0.0,0.4,0.12044332885742193,0.8795566711425781
opencv_text,wand_text,easy,0.0,0.6000000000000001,0.0,0.4,0.11643539429903031,0.8835646057009697
opencv_text,wand_text,medium,0.0,0.6000000000000001,0.0,0.4,0.10381079874038694,0.8961892012596131
opencv_text,wand_text,hard,0.0,0.6000000000000001,0.0,0.4,0.10337098193168638,0.8966290180683136
pil_controlled,captcha_image,clean,0.0,0.6000000000000001,0.0,0.4,0.12623709949254994,0.8737629005074501
pil_controlled,captcha_image,easy,0.0,0.6000000000000001,0.0,0.4,0.13155047105550766,0.8684495289444923
pil_controlled,captcha_image,medium,0.0,0.6000000000000001,0.0,0.4,0.13889389542341235,0.8611061045765876
pil_controlled,captcha_image,hard,0.0,0.6000000000000001,0.0,0.4,0.14190061233043674,0.8580993876695633
pil_controlled,opencv_text,clean,0.0,0.6000000000000001,0.0,0.4,0.43776162898540505,0.562238371014595
pil_controlled,opencv_text,easy,0.0,0.6000000000000001,0.0,0.4,0.43926808397769934,0.5607319160223007
pil_controlled,opencv_text,medium,0.0,0.6000000000000001,0.0,0.4,0.39073932969570174,0.6092606703042982
pil_controlled,opencv_text,hard,0.0,0.6000000000000001,0.0,0.4,0.3027451816558838,0.6972548183441162
pil_controlled,pil_controlled,clean,0.0,0.6000000000000001,0.0,0.4,0.5989764452457429,0.4010235547542571
pil_controlled,pil_controlled,easy,0.0,0.6000000000000001,0.0,0.4,0.5934682167291642,0.40653178327083583
pil_controlled,pil_controlled,medium,0.0,0.6000000000000001,0.0,0.4,0.5881712285995485,0.4118287714004515
pil_controlled,pil_controlled,hard,0.0,0.6000000000000001,0.0,0.4,0.5265328155517579,0.4734671844482421
pil_controlled,wand_text,clean,0.0,0.6000000000000001,0.0,0.4,0.2194417286396027,0.7805582713603973
pil_controlled,wand_text,easy,0.0,0.6000000000000001,0.0,0.4,0.18692646566629412,0.8130735343337059
pil_controlled,wand_text,medium,0.0,0.6000000000000001,0.0,0.4,0.1348025295257569,0.8651974704742431
pil_controlled,wand_text,hard,0.0,0.6000000000000001,0.0,0.4,0.1249250007033348,0.8750749992966652
wand_text,captcha_image,clean,0.0,0.6000000000000001,0.0,0.4,0.24917332152128227,0.7508266784787178
wand_text,captcha_image,easy,0.0,0.6000000000000001,0.0,0.4,0.2603591564536095,0.7396408435463905
wand_text,captcha_image,medium,0.0,0.6000000000000001,0.0,0.4,0.26993585392236713,0.7300641460776329
wand_text,captcha_image,hard,0.0,0.6000000000000001,0.0,0.4,0.2648347545146943,0.7351652454853057
wand_text,opencv_text,clean,0.0,0.6000000000000001,0.0,0.4,0.31161149468421934,0.6883885053157807
wand_text,opencv_text,easy,0.0,0.6000000000000001,0.0,0.4,0.2937855130434036,0.7062144869565964
wand_text,opencv_text,medium,0.0,0.6000000000000001,0.0,0.4,0.2909510425925256,0.7090489574074744
wand_text,opencv_text,hard,0.0,0.6000000000000001,0.0,0.4,0.27397775093317034,0.7260222490668297
wand_text,pil_controlled,clean,0.0,0.6000000000000001,0.0,0.4,0.4757378091812135,0.5242621908187866
wand_text,pil_controlled,easy,0.0,0.6000000000000001,0.0,0.4,0.5056394357204438,0.4943605642795562
wand_text,pil_controlled,medium,0.0,0.6000000000000001,0.0,0.4,0.47720263776779187,0.5227973622322082
wand_text,pil_controlled,hard,0.0,0.6000000000000001,0.0,0.4,0.43200843104124076,0.5679915689587592
wand_text,wand_text,clean,0.0,0.6000000000000001,0.0,0.4,0.4249878739714623,0.5750121260285377
wand_text,wand_text,easy,0.0,0.6000000000000001,0.0,0.4,0.4298117944240571,0.5701882055759429
wand_text,wand_text,medium,0.0,0.6000000000000001,0.0,0.4,0.3419577527582646,0.6580422472417353
wand_text,wand_text,hard,0.0,0.6000000000000001,0.0,0.4,0.3530321068048478,0.6469678931951521
captcha_image,captcha_image,clean,0.0,0.6000000000000001,0.2,0.2,0.2864454256216686,0.7135545743783314
captcha_image,captcha_image,easy,0.0,0.6000000000000001,0.2,0.2,0.28617409169475244,0.7138259083052476
captcha_image,captcha_image,medium,0.0,0.6000000000000001,0.2,0.2,0.2775533127109211,0.7224466872890789
captcha_image,captcha_image,hard,0.0,0.6000000000000001,0.2,0.2,0.2679823277056218,0.7320176722943782
captcha_image,opencv_text,clean,0.0,0.6000000000000001,0.2,0.2,0.3056280969023705,0.6943719030976294
captcha_image,opencv_text,easy,0.0,0.6000000000000001,0.2,0.2,0.2978555789629619,0.7021444210370381
captcha_image,opencv_text,medium,0.0,0.6000000000000001,0.2,0.2,0.2955794174889725,0.7044205825110275
captcha_image,opencv_text,hard,0.0,0.6000000000000001,0.2,0.2,0.28819184644420953,0.7118081535557905
captcha_image,pil_controlled,clean,0.0,0.6000000000000001,0.2,0.2,0.27955847890575736,0.7204415210942426
captcha_image,pil_controlled,easy,0.0,0.6000000000000001,0.2,0.2,0.2691397092163563,0.7308602907836437
captcha_image,pil_controlled,medium,0.0,0.6000000000000001,0.2,0.2,0.2648890967309475,0.7351109032690525
captcha_image,pil_controlled,hard,0.0,0.6000000000000001,0.2,0.2,0.2624489734133086,0.7375510265866914
captcha_image,wand_text,clean,0.0,0.6000000000000001,0.2,0.2,0.2758688843230407,0.7241311156769593
captcha_image,wand_text,easy,0.0,0.6000000000000001,0.2,0.2,0.2620340084850789,0.737965991514921
captcha_image,wand_text,medium,0.0,0.6000000000000001,0.2,0.2,0.21986491923034202,0.780135080769658
captcha_image,wand_text,hard,0.0,0.6000000000000001,0.2,0.2,0.1900687778438132,0.8099312221561867
opencv_text,captcha_image,clean,0.0,0.6000000000000001,0.2,0.2,0.11600621500462291,0.8839937849953771
opencv_text,captcha_image,easy,0.0,0.6000000000000001,0.2,0.2,0.10992677350516122,0.8900732264948388
opencv_text,captcha_image,medium,0.0,0.6000000000000001,0.2,0.2,0.1106865367698949,0.8893134632301051
opencv_text,captcha_image,hard,0.0,0.6000000000000001,0.2,0.2,0.1004024339517579,0.8995975660482421
opencv_text,opencv_text,clean,0.0,0.6000000000000001,0.2,0.2,0.5999326971602508,0.40006730283974923
opencv_text,opencv_text,easy,0.0,0.6000000000000001,0.2,0.2,0.5996311539993067,0.40036884600069333
opencv_text,opencv_text,medium,0.0,0.6000000000000001,0.2,0.2,0.5989326174611075,0.4010673825388925
opencv_text,opencv_text,hard,0.0,0.6000000000000001,0.2,0.2,0.5465966015467972,0.45340339845320277
opencv_text,pil_controlled,clean,0.0,0.6000000000000001,0.2,0.2,0.19499639383022932,0.8050036061697707
opencv_text,pil_controlled,easy,0.0,0.6000000000000001,0.2,0.2,0.1746603138877406,0.8253396861122594
opencv_text,pil_controlled,medium,0.0,0.6000000000000001,0.2,0.2,0.1767650350046271,0.823234964995373
opencv_text,pil_controlled,hard,0.0,0.6000000000000001,0.2,0.2,0.15412282020503,0.84587717979497
opencv_text,wand_text,clean,0.0,0.6000000000000001,0.2,0.2,0.09720084226486901,0.902799157735131
opencv_text,wand_text,easy,0.0,0.6000000000000001,0.2,0.2,0.09325883627441559,0.9067411637255844
opencv_text,wand_text,medium,0.0,0.6000000000000001,0.2,0.2,0.08089121905891224,0.9191087809410877
opencv_text,wand_text,hard,0.0,0.6000000000000001,0.2,0.2,0.08092967826411478,0.9190703217358852
pil_controlled,captcha_image,clean,0.0,0.6000000000000001,0.2,0.2,0.09644800950418386,0.9035519904958161
pil_controlled,captcha_image,easy,0.0,0.6000000000000001,0.2,0.2,0.10055455131717028,0.8994454486828297
pil_controlled,captcha_image,medium,0.0,0.6000000000000001,0.2,0.2,0.10610333256845678,0.8938966674315432
pil_controlled,captcha_image,hard,0.0,0.6000000000000001,0.2,0.2,0.10870075858955586,0.8912992414104441
pil_controlled,opencv_text,clean,0.0,0.6000000000000001,0.2,0.2,0.433110312513884,0.566889687486116
pil_controlled,opencv_text,easy,0.0,0.6000000000000001,0.2,0.2,0.4346456178640848,0.5653543821359153
pil_controlled,opencv_text,medium,0.0,0.6000000000000001,0.2,0.2,0.38402376190513016,0.6159762380948699
pil_controlled,opencv_text,hard,0.0,0.6000000000000001,0.2,0.2,0.2906470269388374,0.7093529730611625
pil_controlled,pil_controlled,clean,0.0,0.6000000000000001,0.2,0.2,0.5986182742591354,0.4013817257408646
pil_controlled,pil_controlled,easy,0.0,0.6000000000000001,0.2,0.2,0.5929408231299126,0.4070591768700874
pil_controlled,pil_controlled,medium,0.0,0.6000000000000001,0.2,0.2,0.5869726435583473,0.41302735644165267
pil_controlled,pil_controlled,hard,0.0,0.6000000000000001,0.2,0.2,0.5223695419745793,0.4776304580254207
pil_controlled,wand_text,clean,0.0,0.6000000000000001,0.2,0.2,0.1999192822714492,0.8000807177285508
pil_controlled,wand_text,easy,0.0,0.6000000000000001,0.2,0.2,0.16417363114478942,0.8358263688552106
pil_controlled,wand_text,medium,0.0,0.6000000000000001,0.2,0.2,0.10859344766461684,0.8914065523353831
pil_controlled,wand_text,hard,0.0,0.6000000000000001,0.2,0.2,0.09824881859623516,0.9017511814037649
wand_text,captcha_image,clean,0.0,0.6000000000000001,0.2,0.2,0.19042012263238436,0.8095798773676156
wand_text,captcha_image,easy,0.0,0.6000000000000001,0.2,0.2,0.19690769889950757,0.8030923011004925
wand_text,captcha_image,medium,0.0,0.6000000000000001,0.2,0.2,0.20342939279675487,0.7965706072032451
wand_text,captcha_image,hard,0.0,0.6000000000000001,0.2,0.2,0.20094228344559678,0.7990577165544033
wand_text,opencv_text,clean,0.0,0.6000000000000001,0.2,0.2,0.273751806478699,0.726248193521301
wand_text,opencv_text,easy,0.0,0.6000000000000001,0.2,0.2,0.25777363030264777,0.7422263696973522
wand_text,opencv_text,medium,0.0,0.6000000000000001,0.2,0.2,0.25234666074688245,0.7476533392531175
wand_text,opencv_text,hard,0.0,0.6000000000000001,0.2,0.2,0.22627559521247945,0.7737244047875206
wand_text,pil_controlled,clean,0.0,0.6000000000000001,0.2,0.2,0.4494354425971708,0.5505645574028293
wand_text,pil_controlled,easy,0.0,0.6000000000000001,0.2,0.2,0.48031901384393383,0.5196809861560662
wand_text,pil_controlled,medium,0.0,0.6000000000000001,0.2,0.2,0.44950037214110306,0.550499627858897
wand_text,pil_controlled,hard,0.0,0.6000000000000001,0.2,0.2,0.39604592174837994,0.6039540782516201
wand_text,wand_text,clean,0.0,0.6000000000000001,0.2,0.2,0.39104756482069697,0.608952435179303
wand_text,wand_text,easy,0.0,0.6000000000000001,0.2,0.2,0.3942827898025514,0.6057172101974486
wand_text,wand_text,medium,0.0,0.6000000000000001,0.2,0.2,0.28396514050662525,0.7160348594933748
wand_text,wand_text,hard,0.0,0.6000000000000001,0.2,0.2,0.2644801820263267,0.7355198179736733
captcha_image,captcha_image,clean,0.0,0.6000000000000001,0.4,0.0,0.17580530983408302,0.824194690165917
captcha_image,captcha_image,easy,0.0,0.6000000000000001,0.4,0.0,0.17535754296382275,0.8246424570361772
captcha_image,captcha_image,medium,0.0,0.6000000000000001,0.4,0.0,0.16632741419275612,0.8336725858072439
captcha_image,captcha_image,hard,0.0,0.6000000000000001,0.4,0.0,0.15606259927153593,0.8439374007284641
captcha_image,opencv_text,clean,0.0,0.6000000000000001,0.4,0.0,0.1763265454769135,0.8236734545230865
captcha_image,opencv_text,easy,0.0,0.6000000000000001,0.4,0.0,0.17437136949499454,0.8256286305050055
captcha_image,opencv_text,medium,0.0,0.6000000000000001,0.4,0.0,0.17843898163040492,0.821561018369595
captcha_image,opencv_text,hard,0.0,0.6000000000000001,0.4,0.0,0.17992530702153853,0.8200746929784615
captcha_image,pil_controlled,clean,0.0,0.6000000000000001,0.4,0.0,0.15948173169891047,0.8405182683010896
captcha_image,pil_controlled,easy,0.0,0.6000000000000001,0.4,0.0,0.1559815910160542,0.8440184089839458
captcha_image,pil_controlled,medium,0.0,0.6000000000000001,0.4,0.0,0.15652508038282398,0.843474919617176
captcha_image,pil_controlled,hard,0.0,0.6000000000000001,0.4,0.0,0.16061275102297476,0.8393872489770252
captcha_image,wand_text,clean,0.0,0.6000000000000001,0.4,0.0,0.15572708425720538,0.8442729157427946
captcha_image,wand_text,easy,0.0,0.6000000000000001,0.4,0.0,0.1504627585053445,0.8495372414946555
captcha_image,wand_text,medium,0.0,0.6000000000000001,0.4,0.0,0.12791211773157132,0.8720878822684287
captcha_image,wand_text,hard,0.0,0.6000000000000001,0.4,0.0,0.11096873802443355,0.8890312619755665
opencv_text,captcha_image,clean,0.0,0.6000000000000001,0.4,0.0,0.08085374213159083,0.9191462578684092
opencv_text,captcha_image,easy,0.0,0.6000000000000001,0.4,0.0,0.07696383443822467,0.9230361655617754
opencv_text,captcha_image,medium,0.0,0.6000000000000001,0.4,0.0,0.07826490888362751,0.9217350911163725
opencv_text,captcha_image,hard,0.0,0.6000000000000001,0.4,0.0,0.07093063174895947,0.9290693682510405
opencv_text,opencv_text,clean,0.0,0.6000000000000001,0.4,0.0,0.5999030593061582,0.40009694069384183
opencv_text,opencv_text,easy,0.0,0.6000000000000001,0.4,0.0,0.5995993474454439,0.40040065255455615
opencv_text,opencv_text,medium,0.0,0.6000000000000001,0.4,0.0,0.5987928560483897,0.4012071439516103
opencv_text,opencv_text,hard,0.0,0.6000000000000001,0.4,0.0,0.5442686457176864,0.4557313542823136
opencv_text,pil_controlled,clean,0.0,0.6000000000000001,0.4,0.0,0.18407029456029228,0.8159297054397077
opencv_text,pil_controlled,easy,0.0,0.6000000000000001,0.4,0.0,0.1639127450373677,0.8360872549626324
opencv_text,pil_controlled,medium,0.0,0.6000000000000001,0.4,0.0,0.1658362492227781,0.8341637507772219
opencv_text,pil_controlled,hard,0.0,0.6000000000000001,0.4,0.0,0.14206157728540325,0.8579384227145967
opencv_text,wand_text,clean,0.0,0.6000000000000001,0.4,0.0,0.0739583556723161,0.9260416443276839
opencv_text,wand_text,easy,0.0,0.6000000000000001,0.4,0.0,0.07008227824980087,0.9299177217501992
opencv_text,wand_text,medium,0.0,0.6000000000000001,0.4,0.0,0.05797163937743754,0.9420283606225625
opencv_text,wand_text,hard,0.0,0.6000000000000001,0.4,0.0,0.05848837459654318,0.9415116254034568
pil_controlled,captcha_image,clean,0.0,0.6000000000000001,0.4,0.0,0.06665891951581777,0.9333410804841822
pil_controlled,captcha_image,easy,0.0,0.6000000000000001,0.4,0.0,0.0695586315788329,0.9304413684211671
pil_controlled,captcha_image,medium,0.0,0.6000000000000001,0.4,0.0,0.07331276971350119,0.9266872302864988
pil_controlled,captcha_image,hard,0.0,0.6000000000000001,0.4,0.0,0.07550090484867499,0.924499095151325
pil_controlled,opencv_text,clean,0.0,0.6000000000000001,0.4,0.0,0.42845899604236287,0.5715410039576372
pil_controlled,opencv_text,easy,0.0,0.6000000000000001,0.4,0.0,0.43002315175047023,0.5699768482495298
pil_controlled,opencv_text,medium,0.0,0.6000000000000001,0.4,0.0,0.3773081941145585,0.6226918058854415
pil_controlled,opencv_text,hard,0.0,0.6000000000000001,0.4,0.0,0.27854887222179103,0.721451127778209
pil_controlled,pil_controlled,clean,0.0,0.6000000000000001,0.4,0.0,0.5982601032725279,0.4017398967274721
pil_controlled,pil_controlled,easy,0.0,0.6000000000000001,0.4,0.0,0.592413429530661,0.407586570469339
pil_controlled,pil_controlled,medium,0.0,0.6000000000000001,0.4,0.0,0.5857740585171461,0.41422594148285385
pil_controlled,pil_controlled,hard,0.0,0.6000000000000001,0.4,0.0,0.5182062683974006,0.4817937316025994
pil_controlled,wand_text,clean,0.0,0.6000000000000001,0.4,0.0,0.1803968359032957,0.8196031640967043
pil_controlled,wand_text,easy,0.0,0.6000000000000001,0.4,0.0,0.14142079662328472,0.8585792033767152
pil_controlled,wand_text,medium,0.0,0.6000000000000001,0.4,0.0,0.0823843658034768,0.9176156341965231
pil_controlled,wand_text,hard,0.0,0.6000000000000001,0.4,0.0,0.07157263648913552,0.9284273635108645
wand_text,captcha_image,clean,0.0,0.6000000000000001,0.4,0.0,0.13166692374348649,0.8683330762565136
wand_text,captcha_image,easy,0.0,0.6000000000000001,0.4,0.0,0.13345624134540562,0.8665437586545943
wand_text,captcha_image,medium,0.0,0.6000000000000001,0.4,0.0,0.1369229316711426,0.8630770683288573
wand_text,captcha_image,hard,0.0,0.6000000000000001,0.4,0.0,0.13704981237649924,0.8629501876235007
wand_text,opencv_text,clean,0.0,0.6000000000000001,0.4,0.0,0.23589211827317874,0.7641078817268212
wand_text,opencv_text,easy,0.0,0.6000000000000001,0.4,0.0,0.22176174756189188,0.7782382524381082
wand_text,opencv_text,medium,0.0,0.6000000000000001,0.4,0.0,0.2137422789012393,0.7862577210987607
wand_text,opencv_text,hard,0.0,0.6000000000000001,0.4,0.0,0.17857343949178855,0.8214265605082114
wand_text,pil_controlled,clean,0.0,0.6000000000000001,0.4,0.0,0.4231330760131281,0.5768669239868719
wand_text,pil_controlled,easy,0.0,0.6000000000000001,0.4,0.0,0.4549985919674238,0.5450014080325762
wand_text,pil_controlled,medium,0.0,0.6000000000000001,0.4,0.0,0.4217981065144143,0.5782018934855857
wand_text,pil_controlled,hard,0.0,0.6000000000000001,0.4,0.0,0.3600834124555191,0.6399165875444809
wand_text,wand_text,clean,0.0,0.6000000000000001,0.4,0.0,0.3571072556699316,0.6428927443300684
wand_text,wand_text,easy,0.0,0.6000000000000001,0.4,0.0,0.3587537851810456,0.6412462148189544
wand_text,wand_text,medium,0.0,0.6000000000000001,0.4,0.0,0.22597252825498587,0.7740274717450142
wand_text,wand_text,hard,0.0,0.6000000000000001,0.4,0.0,0.17592825724780567,0.8240717427521943
captcha_image,captcha_image,clean,0.0,0.8,0.0,0.2,0.5294473885456722,0.4705526114543278
captcha_image,captcha_image,easy,0.0,0.8,0.0,0.2,0.5293208539009095,0.47067914609909045
captcha_image,captcha_image,medium,0.0,0.8,0.0,0.2,0.5183722816387814,0.48162771836121865
captcha_image,captcha_image,hard,0.0,0.8,0.0,0.2,0.5065360748529434,0.4934639251470566
captcha_image,opencv_text,clean,0.0,0.8,0.0,0.2,0.5799061977704366,0.4200938022295634
captcha_image,opencv_text,easy,0.0,0.8,0.0,0.2,0.5617863845745722,0.4382136154254278
captcha_image,opencv_text,medium,0.0,0.8,0.0,0.2,0.55029313779672,0.44970686220328004
captcha_image,opencv_text,hard,0.0,0.8,0.0,0.2,0.5286111811558406,0.4713888188441594
captcha_image,pil_controlled,clean,0.0,0.8,0.0,0.2,0.5328469681501389,0.4671530318498611
captcha_image,pil_controlled,easy,0.0,0.8,0.0,0.2,0.5097304365555446,0.4902695634444554
captcha_image,pil_controlled,medium,0.0,0.8,0.0,0.2,0.4976708174387614,0.5023291825612386
captcha_image,pil_controlled,hard,0.0,0.8,0.0,0.2,0.48571359440485645,0.5142864055951435
captcha_image,wand_text,clean,0.0,0.8,0.0,0.2,0.5280142458518347,0.47198575414816535
captcha_image,wand_text,easy,0.0,0.8,0.0,0.2,0.49814034461975104,0.501859655380249
captcha_image,wand_text,medium,0.0,0.8,0.0,0.2,0.41575696097215026,0.5842430390278497
captcha_image,wand_text,hard,0.0,0.8,0.0,0.2,0.3588917568842571,0.6411082431157429
opencv_text,captcha_image,clean,0.0,0.8,0.0,0.2,0.20154491717020662,0.7984550828297934
opencv_text,captcha_image,easy,0.0,0.8,0.0,0.2,0.19051961676279705,0.809480383237203
opencv_text,captcha_image,medium,0.0,0.8,0.0,0.2,0.19081088620821635,0.8091891137917837
opencv_text,captcha_image,hard,0.0,0.8,0.0,0.2,0.17316564820607505,0.826834351793925
opencv_text,opencv_text,clean,0.0,0.8,0.0,0.2,0.7999497800191244,0.20005021998087558
opencv_text,opencv_text,easy,0.0,0.8,0.0,0.2,0.7995506140708925,0.20044938592910755
opencv_text,opencv_text,medium,0.0,0.8,0.0,0.2,0.7987631718317668,0.20123682816823318
opencv_text,opencv_text,hard,0.0,0.8,0.0,0.2,0.7318994098345439,0.26810059016545607
opencv_text,pil_controlled,clean,0.0,0.8,0.0,0.2,0.27456332413355516,0.7254366758664448
opencv_text,pil_controlled,easy,0.0,0.8,0.0,0.2,0.24721051031748456,0.7527894896825155
opencv_text,pil_controlled,medium,0.0,0.8,0.0,0.2,0.25025842771530143,0.7497415722846985
opencv_text,pil_controlled,hard,0.0,0.8,0.0,0.2,0.2215787508328756,0.7784212491671244
opencv_text,wand_text,clean,0.0,0.8,0.0,0.2,0.16059110514322922,0.8394088948567708
opencv_text,wand_text,easy,0.0,0.8,0.0,0.2,0.15524719239870707,0.8447528076012929
opencv_text,wand_text,medium,0.0,0.8,0.0,0.2,0.1384143983205159,0.8615856016794841
opencv_text,wand_text,hard,0.0,0.8,0.0,0.2,0.13782797590891516,0.8621720240910848
pil_controlled,captcha_image,clean,0.0,0.8,0.0,0.2,0.16831613265673326,0.8316838673432667
pil_controlled,captcha_image,easy,0.0,0.8,0.0,0.2,0.1754006280740102,0.8245993719259899
pil_controlled,captcha_image,medium,0.0,0.8,0.0,0.2,0.18519186056454978,0.8148081394354503
pil_controlled,captcha_image,hard,0.0,0.8,0.0,0.2,0.1892008164405823,0.8107991835594177
pil_controlled,opencv_text,clean,0.0,0.8,0.0,0.2,0.58368217198054,0.41631782801946005
pil_controlled,opencv_text,easy,0.0,0.8,0.0,0.2,0.5856907786369324,0.4143092213630676
pil_controlled,opencv_text,medium,0.0,0.8,0.0,0.2,0.5209857729276023,0.4790142270723977
pil_controlled,opencv_text,hard,0.0,0.8,0.0,0.2,0.4036602422078451,0.596339757792155
pil_controlled,pil_controlled,clean,0.0,0.8,0.0,0.2,0.7986352603276571,0.20136473967234292
pil_controlled,pil_controlled,easy,0.0,0.8,0.0,0.2,0.7912909556388855,0.20870904436111448
pil_controlled,pil_controlled,medium,0.0,0.8,0.0,0.2,0.7842283047993979,0.21577169520060213
pil_controlled,pil_controlled,hard,0.0,0.8,0.0,0.2,0.7020437540690104,0.29795624593098957
pil_controlled,wand_text,clean,0.0,0.8,0.0,0.2,0.2925889715194702,0.7074110284805297
pil_controlled,wand_text,easy,0.0,0.8,0.0,0.2,0.2492352875550588,0.7507647124449413
pil_controlled,wand_text,medium,0.0,0.8,0.0,0.2,0.1797367060343425,0.8202632939656576
pil_controlled,wand_text,hard,0.0,0.8,0.0,0.2,0.16656666760444638,0.8334333323955536
wand_text,captcha_image,clean,0.0,0.8,0.0,0.2,0.33223109536170964,0.6677689046382904
wand_text,captcha_image,easy,0.0,0.8,0.0,0.2,0.347145541938146,0.652854458061854
wand_text,captcha_image,medium,0.0,0.8,0.0,0.2,0.3599144718964895,0.6400855281035105
wand_text,captcha_image,hard,0.0,0.8,0.0,0.2,0.35311300601959233,0.6468869939804076
wand_text,opencv_text,clean,0.0,0.8,0.0,0.2,0.41548199291229243,0.5845180070877076
wand_text,opencv_text,easy,0.0,0.8,0.0,0.2,0.39171401739120476,0.6082859826087952
wand_text,opencv_text,medium,0.0,0.8,0.0,0.2,0.3879347234567007,0.6120652765432992
wand_text,opencv_text,hard,0.0,0.8,0.0,0.2,0.36530366791089375,0.6346963320891063
wand_text,pil_controlled,clean,0.0,0.8,0.0,0.2,0.6343170789082846,0.3656829210917154
wand_text,pil_controlled,easy,0.0,0.8,0.0,0.2,0.674185914293925,0.32581408570607495
wand_text,pil_controlled,medium,0.0,0.8,0.0,0.2,0.6362701836903891,0.3637298163096109
wand_text,pil_controlled,hard,0.0,0.8,0.0,0.2,0.5760112413883209,0.42398875861167906
wand_text,wand_text,clean,0.0,0.8,0.0,0.2,0.5666504986286164,0.4333495013713836
wand_text,wand_text,easy,0.0,0.8,0.0,0.2,0.5730823925654094,0.4269176074345906
wand_text,wand_text,medium,0.0,0.8,0.0,0.2,0.45594367034435274,0.5440563296556473
wand_text,wand_text,hard,0.0,0.8,0.0,0.2,0.470709475739797,0.5292905242602031
captcha_image,captcha_image,clean,0.0,0.8,0.2,0.0,0.4188072727580866,0.5811927272419134
captcha_image,captcha_image,easy,0.0,0.8,0.2,0.0,0.41850430516997983,0.5814956948300202
captcha_image,captcha_image,medium,0.0,0.8,0.2,0.0,0.4071463831206164,0.5928536168793836
captcha_image,captcha_image,hard,0.0,0.8,0.2,0.0,0.39461634641885757,0.6053836535811424
captcha_image,opencv_text,clean,0.0,0.8,0.2,0.0,0.4506046463449796,0.5493953536550205
captcha_image,opencv_text,easy,0.0,0.8,0.2,0.0,0.43830217510660485,0.5616978248933951
captcha_image,opencv_text,medium,0.0,0.8,0.2,0.0,0.4331527019381524,0.5668472980618475
captcha_image,opencv_text,hard,0.0,0.8,0.2,0.0,0.4203446417331696,0.5796553582668305
captcha_image,pil_controlled,clean,0.0,0.8,0.2,0.0,0.412770220943292,0.587229779056708
captcha_image,pil_controlled,easy,0.0,0.8,0.2,0.0,0.3965723183552425,0.6034276816447575
captcha_image,pil_controlled,medium,0.0,0.8,0.2,0.0,0.38930680109063787,0.6106931989093621
captcha_image,pil_controlled,hard,0.0,0.8,0.2,0.0,0.38387737201452266,0.6161226279854773
captcha_image,wand_text,clean,0.0,0.8,0.2,0.0,0.40787244578599935,0.5921275542140007
captcha_image,wand_text,easy,0.0,0.8,0.2,0.0,0.3865690946400166,0.6134309053599833
captcha_image,wand_text,medium,0.0,0.8,0.2,0.0,0.32380415947337954,0.6761958405266204
captcha_image,wand_text,hard,0.0,0.8,0.2,0.0,0.2797917170648775,0.7202082829351225
opencv_text,captcha_image,clean,0.0,0.8,0.2,0.0,0.16639244429717454,0.8336075557028255
opencv_text,captcha_image,easy,0.0,0.8,0.2,0.0,0.1575566776958605,0.8424433223041395
opencv_text,captcha_image,medium,0.0,0.8,0.2,0.0,0.15838925832194897,0.841610741678051
opencv_text,captcha_image,hard,0.0,0.8,0.2,0.0,0.14369384600327662,0.8563061539967234
opencv_text,opencv_text,clean,0.0,0.8,0.2,0.0,0.7999201421650318,0.20007985783496818
opencv_text,opencv_text,easy,0.0,0.8,0.2,0.0,0.7995188075170298,0.20048119248297025
opencv_text,opencv_text,medium,0.0,0.8,0.2,0.0,0.7986234104190492,0.20137658958095084
opencv_text,opencv_text,hard,0.0,0.8,0.2,0.0,0.7295714540054331,0.2704285459945669
opencv_text,pil_controlled,clean,0.0,0.8,0.2,0.0,0.2636372248636181,0.7363627751363819
opencv_text,pil_controlled,easy,0.0,0.8,0.2,0.0,0.2364629414671117,0.7635370585328883
opencv_text,pil_controlled,medium,0.0,0.8,0.2,0.0,0.23932964193345244,0.7606703580665476
opencv_text,pil_controlled,hard,0.0,0.8,0.2,0.0,0.20951750791324886,0.7904824920867511
opencv_text,wand_text,clean,0.0,0.8,0.2,0.0,0.1373486185506763,0.8626513814493237
opencv_text,wand_text,easy,0.0,0.8,0.2,0.0,0.13207063437409236,0.8679293656259076
opencv_text,wand_text,medium,0.0,0.8,0.2,0.0,0.11549481863904121,0.8845051813609588
opencv_text,wand_text,hard,0.0,0.8,0.2,0.0,0.11538667224134355,0.8846133277586564
pil_controlled,captcha_image,clean,0.0,0.8,0.2,0.0,0.13852704266836718,0.8614729573316329
pil_controlled,captcha_image,easy,0.0,0.8,0.2,0.0,0.14440470833567282,0.8555952916643272
pil_controlled,captcha_image,medium,0.0,0.8,0.2,0.0,0.1524012977095942,0.8475987022904058
pil_controlled,captcha_image,hard,0.0,0.8,0.2,0.0,0.1560009626997014,0.8439990373002986
pil_controlled,opencv_text,clean,0.0,0.8,0.2,0.0,0.5790308555090189,0.4209691444909811
pil_controlled,opencv_text,easy,0.0,0.8,0.2,0.0,0.5810683125233179,0.4189316874766821
pil_controlled,opencv_text,medium,0.0,0.8,0.2,0.0,0.5142702051370307,0.4857297948629693
pil_controlled,opencv_text,hard,0.0,0.8,0.2,0.0,0.3915620874907987,0.6084379125092013
pil_controlled,pil_controlled,clean,0.0,0.8,0.2,0.0,0.7982770893410496,0.20172291065895043
pil_controlled,pil_controlled,easy,0.0,0.8,0.2,0.0,0.7907635620396339,0.20923643796036606
pil_controlled,pil_controlled,medium,0.0,0.8,0.2,0.0,0.7830297197581967,0.21697028024180331
pil_controlled,pil_controlled,hard,0.0,0.8,0.2,0.0,0.6978804804918318,0.3021195195081682
pil_controlled,wand_text,clean,0.0,0.8,0.2,0.0,0.27306652515131674,0.7269334748486833
pil_controlled,wand_text,easy,0.0,0.8,0.2,0.0,0.2264824530335541,0.7735175469664459
pil_controlled,wand_text,medium,0.0,0.8,0.2,0.0,0.15352762417320245,0.8464723758267976
pil_controlled,wand_text,hard,0.0,0.8,0.2,0.0,0.13989048549734673,0.8601095145026533
wand_text,captcha_image,clean,0.0,0.8,0.2,0.0,0.27347789647281173,0.7265221035271883
wand_text,captcha_image,easy,0.0,0.8,0.2,0.0,0.2836940843840441,0.7163059156159559
wand_text,captcha_image,medium,0.0,0.8,0.2,0.0,0.29340801077087725,0.7065919892291228
wand_text,captcha_image,hard,0.0,0.8,0.2,0.0,0.2892205349504948,0.7107794650495052
wand_text,opencv_text,clean,0.0,0.8,0.2,0.0,0.37762230470677216,0.6223776952932278
wand_text,opencv_text,easy,0.0,0.8,0.2,0.0,0.3557021346504489,0.644297865349551
wand_text,opencv_text,medium,0.0,0.8,0.2,0.0,0.3493303416110576,0.6506696583889424
wand_text,opencv_text,hard,0.0,0.8,0.2,0.0,0.3176015121902029,0.6823984878097971
wand_text,pil_controlled,clean,0.0,0.8,0.2,0.0,0.6080147123242419,0.39198528767575813
wand_text,pil_controlled,easy,0.0,0.8,0.2,0.0,0.6488654924174151,0.3511345075825849
wand_text,pil_controlled,medium,0.0,0.8,0.2,0.0,0.6085679180637004,0.39143208193629964
wand_text,pil_controlled,hard,0.0,0.8,0.2,0.0,0.5400487320954601,0.4599512679045399
wand_text,wand_text,clean,0.0,0.8,0.2,0.0,0.5327101894778511,0.4672898105221489
wand_text,wand_text,easy,0.0,0.8,0.2,0.0,0.5375533879439036,0.4624466120560964
wand_text,wand_text,medium,0.0,0.8,0.2,0.0,0.39795105809271336,0.6020489419072866
wand_text,wand_text,hard,0.0,0.8,0.2,0.0,0.3821575509612759,0.6178424490387241
captcha_image,captcha_image,clean,0.0,1.0,0.0,0.0,0.6618092356820902,0.33819076431790984
captcha_image,captcha_image,easy,0.0,1.0,0.0,0.0,0.6616510673761369,0.3383489326238631
captcha_image,captcha_image,medium,0.0,1.0,0.0,0.0,0.6479653520484766,0.3520346479515234
captcha_image,captcha_image,hard,0.0,1.0,0.0,0.0,0.6331700935661793,0.36682990643382074
captcha_image,opencv_text,clean,0.0,1.0,0.0,0.0,0.7248827472130458,0.2751172527869542
captcha_image,opencv_text,easy,0.0,1.0,0.0,0.0,0.7022329807182153,0.29776701928178473
captcha_image,opencv_text,medium,0.0,1.0,0.0,0.0,0.6878664222458999,0.3121335777541001
captcha_image,opencv_text,hard,0.0,1.0,0.0,0.0,0.6607639764448008,0.3392360235551992
captcha_image,pil_controlled,clean,0.0,1.0,0.0,0.0,0.6660587101876736,0.3339412898123264
captcha_image,pil_controlled,easy,0.0,1.0,0.0,0.0,0.6371630456944307,0.3628369543055693
captcha_image,pil_controlled,medium,0.0,1.0,0.0,0.0,0.6220885217984518,0.37791147820154825
captcha_image,pil_controlled,hard,0.0,1.0,0.0,0.0,0.6071419930060705,0.3928580069939295
captcha_image,wand_text,clean,0.0,1.0,0.0,0.0,0.6600178073147933,0.3399821926852067
captcha_image,wand_text,easy,0.0,1.0,0.0,0.0,0.6226754307746888,0.3773245692253112
captcha_image,wand_text,medium,0.0,1.0,0.0,0.0,0.5196962012151878,0.4803037987848122
captcha_image,wand_text,hard,0.0,1.0,0.0,0.0,0.44861469610532134,0.5513853038946787
opencv_text,captcha_image,clean,0.0,1.0,0.0,0.0,0.25193114646275827,0.7480688535372417
opencv_text,captcha_image,easy,0.0,1.0,0.0,0.0,0.23814952095349629,0.7618504790465037
opencv_text,captcha_image,medium,0.0,1.0,0.0,0.0,0.23851360776027042,0.7614863922397296
opencv_text,captcha_image,hard,0.0,1.0,0.0,0.0,0.21645706025759381,0.7835429397424062
opencv_text,opencv_text,clean,0.0,1.0,0.0,0.0,0.9999372250239055,6.27749760945262e-05
opencv_text,opencv_text,easy,0.0,1.0,0.0,0.0,0.9994382675886155,0.0005617324113844635
opencv_text,opencv_text,medium,0.0,1.0,0.0,0.0,0.9984539647897085,0.0015460352102915076
opencv_text,opencv_text,hard,0.0,1.0,0.0,0.0,0.9148742622931799,0.08512573770682008
opencv_text,pil_controlled,clean,0.0,1.0,0.0,0.0,0.3432041551669439,0.6567958448330561
opencv_text,pil_controlled,easy,0.0,1.0,0.0,0.0,0.3090131378968557,0.6909868621031443
opencv_text,pil_controlled,medium,0.0,1.0,0.0,0.0,0.31282303464412675,0.6871769653558732
opencv_text,pil_controlled,hard,0.0,1.0,0.0,0.0,0.27697343854109446,0.7230265614589055
opencv_text,wand_text,clean,0.0,1.0,0.0,0.0,0.2007388814290365,0.7992611185709635
opencv_text,wand_text,easy,0.0,1.0,0.0,0.0,0.19405899049838382,0.8059410095016162
opencv_text,wand_text,medium,0.0,1.0,0.0,0.0,0.17301799790064487,0.8269820020993551
opencv_text,wand_text,hard,0.0,1.0,0.0,0.0,0.17228496988614395,0.827715030113856
pil_controlled,captcha_image,clean,0.0,1.0,0.0,0.0,0.21039516582091655,0.7896048341790834
pil_controlled,captcha_image,easy,0.0,1.0,0.0,0.0,0.21925078509251272,0.7807492149074873
pil_controlled,captcha_image,medium,0.0,1.0,0.0,0.0,0.2314898257056872,0.7685101742943128
pil_controlled,captcha_image,hard,0.0,1.0,0.0,0.0,0.23650102055072786,0.7634989794492721
pil_controlled,opencv_text,clean,0.0,1.0,0.0,0.0,0.729602714975675,0.27039728502432503
pil_controlled,opencv_text,easy,0.0,1.0,0.0,0.0,0.7321134732961655,0.2678865267038345
pil_controlled,opencv_text,medium,0.0,1.0,0.0,0.0,0.6512322161595028,0.3487677838404972
pil_controlled,opencv_text,hard,0.0,1.0,0.0,0.0,0.5045753027598063,0.49542469724019367
pil_controlled,pil_controlled,clean,0.0,1.0,0.0,0.0,0.9982940754095713,0.0017059245904287312
pil_controlled,pil_controlled,easy,0.0,1.0,0.0,0.0,0.9891136945486069,0.01088630545139313
pil_controlled,pil_controlled,medium,0.0,1.0,0.0,0.0,0.9802853809992473,0.019714619000752664
pil_controlled,pil_controlled,hard,0.0,1.0,0.0,0.0,0.877554692586263,0.12244530741373705
pil_controlled,wand_text,clean,0.0,1.0,0.0,0.0,0.3657362143993378,0.6342637856006622
pil_controlled,wand_text,easy,0.0,1.0,0.0,0.0,0.3115441094438235,0.6884558905561765
pil_controlled,wand_text,medium,0.0,1.0,0.0,0.0,0.2246708825429281,0.7753291174570719
pil_controlled,wand_text,hard,0.0,1.0,0.0,0.0,0.20820833450555798,0.791791665494442
wand_text,captcha_image,clean,0.0,1.0,0.0,0.0,0.41528886920213703,0.584711130797863
wand_text,captcha_image,easy,0.0,1.0,0.0,0.0,0.4339319274226825,0.5660680725773175
wand_text,captcha_image,medium,0.0,1.0,0.0,0.0,0.44989308987061183,0.5501069101293882
wand_text,captcha_image,hard,0.0,1.0,0.0,0.0,0.4413912575244904,0.5586087424755096
wand_text,opencv_text,clean,0.0,1.0,0.0,0.0,0.5193524911403655,0.4806475088596345
wand_text,opencv_text,easy,0.0,1.0,0.0,0.0,0.4896425217390059,0.5103574782609941
wand_text,opencv_text,medium,0.0,1.0,0.0,0.0,0.48491840432087585,0.5150815956791241
wand_text,opencv_text,hard,0.0,1.0,0.0,0.0,0.45662958488861716,0.5433704151113828
wand_text,pil_controlled,clean,0.0,1.0,0.0,0.0,0.7928963486353557,0.20710365136464426
wand_text,pil_controlled,easy,0.0,1.0,0.0,0.0,0.8427323928674062,0.1572676071325938
wand_text,pil_controlled,medium,0.0,1.0,0.0,0.0,0.7953377296129863,0.20466227038701368
wand_text,pil_controlled,hard,0.0,1.0,0.0,0.0,0.7200140517354011,0.2799859482645989
wand_text,wand_text,clean,0.0,1.0,0.0,0.0,0.7083131232857705,0.29168687671422955
wand_text,wand_text,easy,0.0,1.0,0.0,0.0,0.7163529907067617,0.2836470092932383
wand_text,wand_text,medium,0.0,1.0,0.0,0.0,0.5699295879304409,0.4300704120695591
wand_text,wand_text,hard,0.0,1.0,0.0,0.0,0.5883868446747462,0.4116131553252538
captcha_image,captcha_image,clean,0.2,0.0,0.0,0.8,0.01106666666666666,0.9889333333333333
captcha_image,captcha_image,easy,0.2,0.0,0.0,0.8,0.0108,0.9892
captcha_image,captcha_image,medium,0.2,0.0,0.0,0.8,0.0072,0.9928
captcha_image,captcha_image,hard,0.2,0.0,0.0,0.8,0.0036,0.9964
captcha_image,opencv_text,clean,0.2,0.0,0.0,0.8,0.0072,0.9928
captcha_image,opencv_text,easy,0.2,0.0,0.0,0.8,0.00733333333333332,0.9926666666666667
captcha_image,opencv_text,medium,0.2,0.0,0.0,0.8,0.009600000000000001,0.9904
captcha_image,opencv_text,hard,0.2,0.0,0.0,0.8,0.01186666666666666,0.9881333333333333
captcha_image,pil_controlled,clean,0.2,0.0,0.0,0.8,0.0014666666666666602,0.9985333333333334
captcha_image,pil_controlled,easy,0.2,0.0,0.0,0.8,0.0014666666666666602,0.9985333333333334
captcha_image,pil_controlled,medium,0.2,0.0,0.0,0.8,0.0029333333333333204,0.9970666666666667
captcha_image,pil_controlled,hard,0.2,0.0,0.0,0.8,0.006,0.994
captcha_image,wand_text,clean,0.2,0.0,0.0,0.8,0.00013333333333332,0.9998666666666667
captcha_image,wand_text,easy,0.2,0.0,0.0,0.8,0.00026666666666666,0.9997333333333334
captcha_image,wand_text,medium,0.2,0.0,0.0,0.8,0.0004,0.9996
captcha_image,wand_text,hard,0.2,0.0,0.0,0.8,0.0004,0.9996
opencv_text,captcha_image,clean,0.2,0.0,0.0,0.8,0.0,1.0
opencv_text,captcha_image,easy,0.2,0.0,0.0,0.8,0.0,1.0
opencv_text,captcha_image,medium,0.2,0.0,0.0,0.8,0.0,1.0
opencv_text,captcha_image,hard,0.2,0.0,0.0,0.8,0.0,1.0
opencv_text,opencv_text,clean,0.2,0.0,0.0,0.8,0.2,0.8
opencv_text,opencv_text,easy,0.2,0.0,0.0,0.8,0.19986666666666664,0.8001333333333334
opencv_text,opencv_text,medium,0.2,0.0,0.0,0.8,0.1996,0.8004
opencv_text,opencv_text,hard,0.2,0.0,0.0,0.8,0.17973333333333333,0.8202666666666667
opencv_text,pil_controlled,clean,0.2,0.0,0.0,0.8,0.05226666666666666,0.9477333333333333
opencv_text,pil_controlled,easy,0.2,0.0,0.0,0.8,0.04546666666666666,0.9545333333333333
opencv_text,pil_controlled,medium,0.2,0.0,0.0,0.8,0.046000000000000006,0.954
opencv_text,pil_controlled,hard,0.2,0.0,0.0,0.8,0.037200000000000004,0.9628
opencv_text,wand_text,clean,0.2,0.0,0.0,0.8,0.006266666666666661,0.9937333333333334
opencv_text,wand_text,easy,0.2,0.0,0.0,0.8,0.00466666666666666,0.9953333333333333
opencv_text,wand_text,medium,0.2,0.0,0.0,0.8,0.0009333333333333201,0.9990666666666667
opencv_text,wand_text,hard,0.2,0.0,0.0,0.8,0.0009333333333333201,0.9990666666666667
pil_controlled,captcha_image,clean,0.2,0.0,0.0,0.8,0.0,1.0
pil_controlled,captcha_image,easy,0.2,0.0,0.0,0.8,0.0,1.0
pil_controlled,captcha_image,medium,0.2,0.0,0.0,0.8,0.0,1.0
pil_controlled,captcha_image,hard,0.2,0.0,0.0,0.8,0.0,1.0
pil_controlled,opencv_text,clean,0.2,0.0,0.0,0.8,0.1392,0.8608
pil_controlled,opencv_text,easy,0.2,0.0,0.0,0.8,0.1396,0.8604
pil_controlled,opencv_text,medium,0.2,0.0,0.0,0.8,0.12013333333333334,0.8798666666666667
pil_controlled,opencv_text,hard,0.2,0.0,0.0,0.8,0.0832,0.9168000000000001
pil_controlled,pil_controlled,clean,0.2,0.0,0.0,0.8,0.19933333333333336,0.8006666666666666
pil_controlled,pil_controlled,easy,0.2,0.0,0.0,0.8,0.19720000000000001,0.8028
pil_controlled,pil_controlled,medium,0.2,0.0,0.0,0.8,0.19453333333333336,0.8054666666666667
pil_controlled,pil_controlled,hard,0.2,0.0,0.0,0.8,0.1696,0.8304
pil_controlled,wand_text,clean,0.2,0.0,0.0,0.8,0.045066666666666665,0.9549333333333333
pil_controlled,wand_text,easy,0.2,0.0,0.0,0.8,0.0296,0.9704
pil_controlled,wand_text,medium,0.2,0.0,0.0,0.8,0.00733333333333332,0.9926666666666667
pil_controlled,wand_text,hard,0.2,0.0,0.0,0.8,0.00333333333333332,0.9966666666666667
wand_text,captcha_image,clean,0.2,0.0,0.0,0.8,0.0,1.0
wand_text,captcha_image,easy,0.2,0.0,0.0,0.8,0.0,1.0
wand_text,captcha_image,medium,0.2,0.0,0.0,0.8,0.0,1.0
wand_text,captcha_image,hard,0.2,0.0,0.0,0.8,0.0,1.0
wand_text,opencv_text,clean,0.2,0.0,0.0,0.8,0.055333333333333325,0.9446666666666667
wand_text,opencv_text,easy,0.2,0.0,0.0,0.8,0.05106666666666666,0.9489333333333333
wand_text,opencv_text,medium,0.2,0.0,0.0,0.8,0.04653333333333332,0.9534666666666667
wand_text,opencv_text,hard,0.2,0.0,0.0,0.8,0.03,0.97
wand_text,pil_controlled,clean,0.2,0.0,0.0,0.8,0.1252,0.8748
wand_text,pil_controlled,easy,0.2,0.0,0.0,0.8,0.1366666666666667,0.8633333333333333
wand_text,pil_controlled,medium,0.2,0.0,0.0,0.8,0.12386666666666667,0.8761333333333333
wand_text,pil_controlled,hard,0.2,0.0,0.0,0.8,0.09826666666666667,0.9017333333333333
wand_text,wand_text,clean,0.2,0.0,0.0,0.8,0.09813333333333332,0.9018666666666667
wand_text,wand_text,easy,0.2,0.0,0.0,0.8,0.09786666666666666,0.9021333333333333
wand_text,wand_text,medium,0.2,0.0,0.0,0.8,0.0416,0.9584
wand_text,wand_text,hard,0.2,0.0,0.0,0.8,0.01386666666666666,0.9861333333333333
captcha_image,captcha_image,clean,0.2,0.0,0.2,0.6000000000000001,0.0,1.0
captcha_image,captcha_image,easy,0.2,0.0,0.2,0.6000000000000001,0.0,1.0
captcha_image,captcha_image,medium,0.2,0.0,0.2,0.6000000000000001,0.0,1.0
captcha_image,captcha_image,hard,0.2,0.0,0.2,0.6000000000000001,0.0,1.0
captcha_image,opencv_text,clean,0.2,0.0,0.2,0.6000000000000001,0.0,1.0
captcha_image,opencv_text,easy,0.2,0.0,0.2,0.6000000000000001,0.0,1.0
captcha_image,opencv_text,medium,0.2,0.0,0.2,0.6000000000000001,0.0,1.0
captcha_image,opencv_text,hard,0.2,0.0,0.2,0.6000000000000001,0.0,1.0
captcha_image,pil_controlled,clean,0.2,0.0,0.2,0.6000000000000001,0.0,1.0
captcha_image,pil_controlled,easy,0.2,0.0,0.2,0.6000000000000001,0.0,1.0
captcha_image,pil_controlled,medium,0.2,0.0,0.2,0.6000000000000001,0.0,1.0
captcha_image,pil_controlled,hard,0.2,0.0,0.2,0.6000000000000001,0.0,1.0
captcha_image,wand_text,clean,0.2,0.0,0.2,0.6000000000000001,0.0,1.0
captcha_image,wand_text,easy,0.2,0.0,0.2,0.6000000000000001,0.0,1.0
captcha_image,wand_text,medium,0.2,0.0,0.2,0.6000000000000001,0.0,1.0
captcha_image,wand_text,hard,0.2,0.0,0.2,0.6000000000000001,0.0,1.0
opencv_text,captcha_image,clean,0.2,0.0,0.2,0.6000000000000001,0.0,1.0
opencv_text,captcha_image,easy,0.2,0.0,0.2,0.6000000000000001,0.0,1.0
opencv_text,captcha_image,medium,0.2,0.0,0.2,0.6000000000000001,0.0,1.0
opencv_text,captcha_image,hard,0.2,0.0,0.2,0.6000000000000001,0.0,1.0
opencv_text,opencv_text,clean,0.2,0.0,0.2,0.6000000000000001,0.19997036214590738,0.8000296378540926
opencv_text,opencv_text,easy,0.2,0.0,0.2,0.6000000000000001,0.1998348601128039,0.8001651398871961
opencv_text,opencv_text,medium,0.2,0.0,0.2,0.6000000000000001,0.1994602385872823,0.8005397614127177
opencv_text,opencv_text,hard,0.2,0.0,0.2,0.6000000000000001,0.1774053775042225,0.8225946224957775
opencv_text,pil_controlled,clean,0.2,0.0,0.2,0.6000000000000001,0.0413405673967296,0.9586594326032704
opencv_text,pil_controlled,easy,0.2,0.0,0.2,0.6000000000000001,0.03471909781629378,0.9652809021837062
opencv_text,pil_controlled,medium,0.2,0.0,0.2,0.6000000000000001,0.03507121421815101,0.964928785781849
opencv_text,pil_controlled,hard,0.2,0.0,0.2,0.6000000000000001,0.025138757080373282,0.9748612429196267
opencv_text,wand_text,clean,0.2,0.0,0.2,0.6000000000000001,0.0,1.0
opencv_text,wand_text,easy,0.2,0.0,0.2,0.6000000000000001,0.0,1.0
opencv_text,wand_text,medium,0.2,0.0,0.2,0.6000000000000001,0.0,1.0
opencv_text,wand_text,hard,0.2,0.0,0.2,0.6000000000000001,0.0,1.0
pil_controlled,captcha_image,clean,0.2,0.0,0.2,0.6000000000000001,0.0,1.0
pil_controlled,captcha_image,easy,0.2,0.0,0.2,0.6000000000000001,0.0,1.0
pil_controlled,captcha_image,medium,0.2,0.0,0.2,0.6000000000000001,0.0,1.0
pil_controlled,captcha_image,hard,0.2,0.0,0.2,0.6000000000000001,0.0,1.0
pil_controlled,opencv_text,clean,0.2,0.0,0.2,0.6000000000000001,0.1345486835284789,0.8654513164715211
pil_controlled,opencv_text,easy,0.2,0.0,0.2,0.6000000000000001,0.13497753388638545,0.8650224661136146
pil_controlled,opencv_text,medium,0.2,0.0,0.2,0.6000000000000001,0.11341776554276174,0.8865822344572383
pil_controlled,opencv_text,hard,0.2,0.0,0.2,0.6000000000000001,0.0711018452829536,0.9288981547170464
pil_controlled,pil_controlled,clean,0.2,0.0,0.2,0.6000000000000001,0.19897516234672585,0.8010248376532741
pil_controlled,pil_controlled,easy,0.2,0.0,0.2,0.6000000000000001,0.19667260640074846,0.8033273935992515
pil_controlled,pil_controlled,medium,0.2,0.0,0.2,0.6000000000000001,0.19333474829213215,0.8066652517078678
pil_controlled,pil_controlled,hard,0.2,0.0,0.2,0.6000000000000001,0.16543672642282134,0.8345632735771786
pil_controlled,wand_text,clean,0.2,0.0,0.2,0.6000000000000001,0.02554422029851316,0.9744557797014869
pil_controlled,wand_text,easy,0.2,0.0,0.2,0.6000000000000001,0.006847165478495301,0.9931528345215047
pil_controlled,wand_text,medium,0.2,0.0,0.2,0.6000000000000001,0.0,1.0
pil_controlled,wand_text,hard,0.2,0.0,0.2,0.6000000000000001,0.0,1.0
wand_text,captcha_image,clean,0.2,0.0,0.2,0.6000000000000001,0.0,1.0
wand_text,captcha_image,easy,0.2,0.0,0.2,0.6000000000000001,0.0,1.0
wand_text,captcha_image,medium,0.2,0.0,0.2,0.6000000000000001,0.0,1.0
wand_text,captcha_image,hard,0.2,0.0,0.2,0.6000000000000001,0.0,1.0
wand_text,opencv_text,clean,0.2,0.0,0.2,0.6000000000000001,0.017473645127813027,0.982526354872187
wand_text,opencv_text,easy,0.2,0.0,0.2,0.6000000000000001,0.015054783925910802,0.9849452160740892
wand_text,opencv_text,medium,0.2,0.0,0.2,0.6000000000000001,0.007928951487690197,0.9920710485123098
wand_text,opencv_text,hard,0.2,0.0,0.2,0.6000000000000001,0.0,1.0
wand_text,pil_controlled,clean,0.2,0.0,0.2,0.6000000000000001,0.09889763341595731,0.9011023665840427
wand_text,pil_controlled,easy,0.2,0.0,0.2,0.6000000000000001,0.1113462447901567,0.8886537552098432
wand_text,pil_controlled,medium,0.2,0.0,0.2,0.6000000000000001,0.09616440103997786,0.9038355989600222
wand_text,pil_controlled,hard,0.2,0.0,0.2,0.6000000000000001,0.062304157373805846,0.9376958426261941
wand_text,wand_text,clean,0.2,0.0,0.2,0.6000000000000001,0.06419302418256798,0.935806975817432
wand_text,wand_text,easy,0.2,0.0,0.2,0.6000000000000001,0.06233766204516092,0.9376623379548391
wand_text,wand_text,medium,0.2,0.0,0.2,0.6000000000000001,0.0,1.0
wand_text,wand_text,hard,0.2,0.0,0.2,0.6000000000000001,0.0,1.0
captcha_image,captcha_image,clean,0.2,0.0,0.4,0.4,0.0,1.0
captcha_image,captcha_image,easy,0.2,0.0,0.4,0.4,0.0,1.0
captcha_image,captcha_image,medium,0.2,0.0,0.4,0.4,0.0,1.0
captcha_image,captcha_image,hard,0.2,0.0,0.4,0.4,0.0,1.0
captcha_image,opencv_text,clean,0.2,0.0,0.4,0.4,0.0,1.0
captcha_image,opencv_text,easy,0.2,0.0,0.4,0.4,0.0,1.0
captcha_image,opencv_text,medium,0.2,0.0,0.4,0.4,0.0,1.0
captcha_image,opencv_text,hard,0.2,0.0,0.4,0.4,0.0,1.0
captcha_image,pil_controlled,clean,0.2,0.0,0.4,0.4,0.0,1.0
captcha_image,pil_controlled,easy,0.2,0.0,0.4,0.4,0.0,1.0
captcha_image,pil_controlled,medium,0.2,0.0,0.4,0.4,0.0,1.0
captcha_image,pil_controlled,hard,0.2,0.0,0.4,0.4,0.0,1.0
captcha_image,wand_text,clean,0.2,0.0,0.4,0.4,0.0,1.0
captcha_image,wand_text,easy,0.2,0.0,0.4,0.4,0.0,1.0
captcha_image,wand_text,medium,0.2,0.0,0.4,0.4,0.0,1.0
captcha_image,wand_text,hard,0.2,0.0,0.4,0.4,0.0,1.0
opencv_text,captcha_image,clean,0.2,0.0,0.4,0.4,0.0,1.0
opencv_text,captcha_image,easy,0.2,0.0,0.4,0.4,0.0,1.0
opencv_text,captcha_image,medium,0.2,0.0,0.4,0.4,0.0,1.0
opencv_text,captcha_image,hard,0.2,0.0,0.4,0.4,0.0,1.0
opencv_text,opencv_text,clean,0.2,0.0,0.4,0.4,0.19994072429181478,0.8000592757081852
opencv_text,opencv_text,easy,0.2,0.0,0.4,0.4,0.19980305355894115,0.8001969464410589
opencv_text,opencv_text,medium,0.2,0.0,0.4,0.4,0.1993204771745646,0.8006795228254354
opencv_text,opencv_text,hard,0.2,0.0,0.4,0.4,0.1750774216751117,0.8249225783248884
opencv_text,pil_controlled,clean,0.2,0.0,0.4,0.4,0.030414468126792542,0.9695855318732075
opencv_text,pil_controlled,easy,0.2,0.0,0.4,0.4,0.0239715289659209,0.9760284710340791
opencv_text,pil_controlled,medium,0.2,0.0,0.4,0.4,0.024142428436302005,0.975857571563698
opencv_text,pil_controlled,hard,0.2,0.0,0.4,0.4,0.01307751416074656,0.9869224858392535
opencv_text,wand_text,clean,0.2,0.0,0.4,0.4,0.0,1.0
opencv_text,wand_text,easy,0.2,0.0,0.4,0.4,0.0,1.0
opencv_text,wand_text,medium,0.2,0.0,0.4,0.4,0.0,1.0
opencv_text,wand_text,hard,0.2,0.0,0.4,0.4,0.0,1.0
pil_controlled,captcha_image,clean,0.2,0.0,0.4,0.4,0.0,1.0
pil_controlled,captcha_image,easy,0.2,0.0,0.4,0.4,0.0,1.0
pil_controlled,captcha_image,medium,0.2,0.0,0.4,0.4,0.0,1.0
pil_controlled,captcha_image,hard,0.2,0.0,0.4,0.4,0.0,1.0
pil_controlled,opencv_text,clean,0.2,0.0,0.4,0.4,0.12989736705695784,0.8701026329430421
pil_controlled,opencv_text,easy,0.2,0.0,0.4,0.4,0.13035506777277092,0.869644932227229
pil_controlled,opencv_text,medium,0.2,0.0,0.4,0.4,0.10670219775219014,0.8932978022478099
pil_controlled,opencv_text,hard,0.2,0.0,0.4,0.4,0.059003690565907194,0.9409963094340928
pil_controlled,pil_controlled,clean,0.2,0.0,0.4,0.4,0.19861699136011837,0.8013830086398817
pil_controlled,pil_controlled,easy,0.2,0.0,0.4,0.4,0.19614521280149688,0.8038547871985031
pil_controlled,pil_controlled,medium,0.2,0.0,0.4,0.4,0.19213616325093097,0.807863836749069
pil_controlled,pil_controlled,hard,0.2,0.0,0.4,0.4,0.16127345284564268,0.8387265471543573
pil_controlled,wand_text,clean,0.2,0.0,0.4,0.4,0.0060217739303596585,0.9939782260696404
pil_controlled,wand_text,easy,0.2,0.0,0.4,0.4,0.0,1.0
pil_controlled,wand_text,medium,0.2,0.0,0.4,0.4,0.0,1.0
pil_controlled,wand_text,hard,0.2,0.0,0.4,0.4,0.0,1.0
wand_text,captcha_image,clean,0.2,0.0,0.4,0.4,0.0,1.0
wand_text,captcha_image,easy,0.2,0.0,0.4,0.4,0.0,1.0
wand_text,captcha_image,medium,0.2,0.0,0.4,0.4,0.0,1.0
wand_text,captcha_image,hard,0.2,0.0,0.4,0.4,0.0,1.0
wand_text,opencv_text,clean,0.2,0.0,0.4,0.4,0.0,1.0
wand_text,opencv_text,easy,0.2,0.0,0.4,0.4,0.0,1.0
wand_text,opencv_text,medium,0.2,0.0,0.4,0.4,0.0,1.0
wand_text,opencv_text,hard,0.2,0.0,0.4,0.4,0.0,1.0
wand_text,pil_controlled,clean,0.2,0.0,0.4,0.4,0.0725952668319146,0.9274047331680854
wand_text,pil_controlled,easy,0.2,0.0,0.4,0.4,0.08602582291364672,0.9139741770863533
wand_text,pil_controlled,medium,0.2,0.0,0.4,0.4,0.06846213541328906,0.931537864586711
wand_text,pil_controlled,hard,0.2,0.0,0.4,0.4,0.026341648080945024,0.9736583519190549
wand_text,wand_text,clean,0.2,0.0,0.4,0.4,0.030252715031802643,0.9697472849681974
wand_text,wand_text,easy,0.2,0.0,0.4,0.4,0.02680865742365518,0.9731913425763448
wand_text,wand_text,medium,0.2,0.0,0.4,0.4,0.0,1.0
wand_text,wand_text,hard,0.2,0.0,0.4,0.4,0.0,1.0
captcha_image,captcha_image,clean,0.2,0.0,0.6000000000000001,0.2,0.0,1.0
captcha_image,captcha_image,easy,0.2,0.0,0.6000000000000001,0.2,0.0,1.0
captcha_image,captcha_image,medium,0.2,0.0,0.6000000000000001,0.2,0.0,1.0
captcha_image,captcha_image,hard,0.2,0.0,0.6000000000000001,0.2,0.0,1.0
captcha_image,opencv_text,clean,0.2,0.0,0.6000000000000001,0.2,0.0,1.0
captcha_image,opencv_text,easy,0.2,0.0,0.6000000000000001,0.2,0.0,1.0
captcha_image,opencv_text,medium,0.2,0.0,0.6000000000000001,0.2,0.0,1.0
captcha_image,opencv_text,hard,0.2,0.0,0.6000000000000001,0.2,0.0,1.0
captcha_image,pil_controlled,clean,0.2,0.0,0.6000000000000001,0.2,0.0,1.0
captcha_image,pil_controlled,easy,0.2,0.0,0.6000000000000001,0.2,0.0,1.0
captcha_image,pil_controlled,medium,0.2,0.0,0.6000000000000001,0.2,0.0,1.0
captcha_image,pil_controlled,hard,0.2,0.0,0.6000000000000001,0.2,0.0,1.0
captcha_image,wand_text,clean,0.2,0.0,0.6000000000000001,0.2,0.0,1.0
captcha_image,wand_text,easy,0.2,0.0,0.6000000000000001,0.2,0.0,1.0
captcha_image,wand_text,medium,0.2,0.0,0.6000000000000001,0.2,0.0,1.0
captcha_image,wand_text,hard,0.2,0.0,0.6000000000000001,0.2,0.0,1.0
opencv_text,captcha_image,clean,0.2,0.0,0.6000000000000001,0.2,0.0,1.0
opencv_text,captcha_image,easy,0.2,0.0,0.6000000000000001,0.2,0.0,1.0
opencv_text,captcha_image,medium,0.2,0.0,0.6000000000000001,0.2,0.0,1.0
opencv_text,captcha_image,hard,0.2,0.0,0.6000000000000001,0.2,0.0,1.0
opencv_text,opencv_text,clean,0.2,0.0,0.6000000000000001,0.2,0.19991108643772215,0.8000889135622778
opencv_text,opencv_text,easy,0.2,0.0,0.6000000000000001,0.2,0.19977124700507842,0.8002287529949216
opencv_text,opencv_text,medium,0.2,0.0,0.6000000000000001,0.2,0.1991807157618469,0.8008192842381531
opencv_text,opencv_text,hard,0.2,0.0,0.6000000000000001,0.2,0.17274946584600087,0.8272505341539991
opencv_text,pil_controlled,clean,0.2,0.0,0.6000000000000001,0.2,0.019488368856855474,0.9805116311431445
opencv_text,pil_controlled,easy,0.2,0.0,0.6000000000000001,0.2,0.013223960115548022,0.986776039884452
opencv_text,pil_controlled,medium,0.2,0.0,0.6000000000000001,0.2,0.013213642654453003,0.986786357345547
opencv_text,pil_controlled,hard,0.2,0.0,0.6000000000000001,0.2,0.0010162712411198385,0.9989837287588802
opencv_text,wand_text,clean,0.2,0.0,0.6000000000000001,0.2,0.0,1.0
opencv_text,wand_text,easy,0.2,0.0,0.6000000000000001,0.2,0.0,1.0
opencv_text,wand_text,medium,0.2,0.0,0.6000000000000001,0.2,0.0,1.0
opencv_text,wand_text,hard,0.2,0.0,0.6000000000000001,0.2,0.0,1.0
pil_controlled,captcha_image,clean,0.2,0.0,0.6000000000000001,0.2,0.0,1.0
pil_controlled,captcha_image,easy,0.2,0.0,0.6000000000000001,0.2,0.0,1.0
pil_controlled,captcha_image,medium,0.2,0.0,0.6000000000000001,0.2,0.0,1.0
pil_controlled,captcha_image,hard,0.2,0.0,0.6000000000000001,0.2,0.0,1.0
pil_controlled,opencv_text,clean,0.2,0.0,0.6000000000000001,0.2,0.12524605058543675,0.8747539494145633
pil_controlled,opencv_text,easy,0.2,0.0,0.6000000000000001,0.2,0.12573260165915637,0.8742673983408437
pil_controlled,opencv_text,medium,0.2,0.0,0.6000000000000001,0.2,0.09998662996161854,0.9000133700383814
pil_controlled,opencv_text,hard,0.2,0.0,0.6000000000000001,0.2,0.04690553584886079,0.9530944641511392
pil_controlled,pil_controlled,clean,0.2,0.0,0.6000000000000001,0.2,0.19825882037351086,0.8017411796264892
pil_controlled,pil_controlled,easy,0.2,0.0,0.6000000000000001,0.2,0.19561781920224533,0.8043821807977547
pil_controlled,pil_controlled,medium,0.2,0.0,0.6000000000000001,0.2,0.19093757820972976,0.8090624217902702
pil_controlled,pil_controlled,hard,0.2,0.0,0.6000000000000001,0.2,0.15711017926846402,0.842889820731536
pil_controlled,wand_text,clean,0.2,0.0,0.6000000000000001,0.2,0.0,1.0
pil_controlled,wand_text,easy,0.2,0.0,0.6000000000000001,0.2,0.0,1.0
pil_controlled,wand_text,medium,0.2,0.0,0.6000000000000001,0.2,0.0,1.0
pil_controlled,wand_text,hard,0.2,0.0,0.6000000000000001,0.2,0.0,1.0
wand_text,captcha_image,clean,0.2,0.0,0.6000000000000001,0.2,0.0,1.0
wand_text,captcha_image,easy,0.2,0.0,0.6000000000000001,0.2,0.0,1.0
wand_text,captcha_image,medium,0.2,0.0,0.6000000000000001,0.2,0.0,1.0
wand_text,captcha_image,hard,0.2,0.0,0.6000000000000001,0.2,0.0,1.0
wand_text,opencv_text,clean,0.2,0.0,0.6000000000000001,0.2,0.0,1.0
wand_text,opencv_text,easy,0.2,0.0,0.6000000000000001,0.2,0.0,1.0
wand_text,opencv_text,medium,0.2,0.0,0.6000000000000001,0.2,0.0,1.0
wand_text,opencv_text,hard,0.2,0.0,0.6000000000000001,0.2,0.0,1.0
wand_text,pil_controlled,clean,0.2,0.0,0.6000000000000001,0.2,0.04629290024787189,0.9537070997521281
wand_text,pil_controlled,easy,0.2,0.0,0.6000000000000001,0.2,0.06070540103713673,0.9392945989628633
wand_text,pil_controlled,medium,0.2,0.0,0.6000000000000001,0.2,0.04075986978660026,0.9592401302133997
wand_text,pil_controlled,hard,0.2,0.0,0.6000000000000001,0.2,0.0,1.0
wand_text,wand_text,clean,0.2,0.0,0.6000000000000001,0.2,0.0,1.0
wand_text,wand_text,easy,0.2,0.0,0.6000000000000001,0.2,0.0,1.0
wand_text,wand_text,medium,0.2,0.0,0.6000000000000001,0.2,0.0,1.0
wand_text,wand_text,hard,0.2,0.0,0.6000000000000001,0.2,0.0,1.0
captcha_image,captcha_image,clean,0.2,0.0,0.8,0.0,0.0,1.0
captcha_image,captcha_image,easy,0.2,0.0,0.8,0.0,0.0,1.0
captcha_image,captcha_image,medium,0.2,0.0,0.8,0.0,0.0,1.0
captcha_image,captcha_image,hard,0.2,0.0,0.8,0.0,0.0,1.0
captcha_image,opencv_text,clean,0.2,0.0,0.8,0.0,0.0,1.0
captcha_image,opencv_text,easy,0.2,0.0,0.8,0.0,0.0,1.0
captcha_image,opencv_text,medium,0.2,0.0,0.8,0.0,0.0,1.0
captcha_image,opencv_text,hard,0.2,0.0,0.8,0.0,0.0,1.0
captcha_image,pil_controlled,clean,0.2,0.0,0.8,0.0,0.0,1.0
captcha_image,pil_controlled,easy,0.2,0.0,0.8,0.0,0.0,1.0
captcha_image,pil_controlled,medium,0.2,0.0,0.8,0.0,0.0,1.0
captcha_image,pil_controlled,hard,0.2,0.0,0.8,0.0,0.0,1.0
captcha_image,wand_text,clean,0.2,0.0,0.8,0.0,0.0,1.0
captcha_image,wand_text,easy,0.2,0.0,0.8,0.0,0.0,1.0
captcha_image,wand_text,medium,0.2,0.0,0.8,0.0,0.0,1.0
captcha_image,wand_text,hard,0.2,0.0,0.8,0.0,0.0,1.0
opencv_text,captcha_image,clean,0.2,0.0,0.8,0.0,0.0,1.0
opencv_text,captcha_image,easy,0.2,0.0,0.8,0.0,0.0,1.0
opencv_text,captcha_image,medium,0.2,0.0,0.8,0.0,0.0,1.0
opencv_text,captcha_image,hard,0.2,0.0,0.8,0.0,0.0,1.0
opencv_text,opencv_text,clean,0.2,0.0,0.8,0.0,0.19988144858362952,0.8001185514163704
opencv_text,opencv_text,easy,0.2,0.0,0.8,0.0,0.19973944045121567,0.8002605595487844
opencv_text,opencv_text,medium,0.2,0.0,0.8,0.0,0.1990409543491292,0.8009590456508708
opencv_text,opencv_text,hard,0.2,0.0,0.8,0.0,0.17042151001689004,0.82957848998311
opencv_text,pil_controlled,clean,0.2,0.0,0.8,0.0,0.008562269586918421,0.9914377304130816
opencv_text,pil_controlled,easy,0.2,0.0,0.8,0.0,0.00247639126517514,0.9975236087348248
opencv_text,pil_controlled,medium,0.2,0.0,0.8,0.0,0.0022848568726040047,0.997715143127396
opencv_text,pil_controlled,hard,0.2,0.0,0.8,0.0,0.0,1.0
opencv_text,wand_text,clean,0.2,0.0,0.8,0.0,0.0,1.0
opencv_text,wand_text,easy,0.2,0.0,0.8,0.0,0.0,1.0
opencv_text,wand_text,medium,0.2,0.0,0.8,0.0,0.0,1.0
opencv_text,wand_text,hard,0.2,0.0,0.8,0.0,0.0,1.0
pil_controlled,captcha_image,clean,0.2,0.0,0.8,0.0,0.0,1.0
pil_controlled,captcha_image,easy,0.2,0.0,0.8,0.0,0.0,1.0
pil_controlled,captcha_image,medium,0.2,0.0,0.8,0.0,0.0,1.0
pil_controlled,captcha_image,hard,0.2,0.0,0.8,0.0,0.0,1.0
pil_controlled,opencv_text,clean,0.2,0.0,0.8,0.0,0.12059473411391566,0.8794052658860844
pil_controlled,opencv_text,easy,0.2,0.0,0.8,0.0,0.12111013554554184,0.8788898644544582
pil_controlled,opencv_text,medium,0.2,0.0,0.8,0.0,0.09327106217104694,0.906728937828953
pil_controlled,opencv_text,hard,0.2,0.0,0.8,0.0,0.03480738113181439,0.9651926188681856
pil_controlled,pil_controlled,clean,0.2,0.0,0.8,0.0,0.19790064938690335,0.8020993506130967
pil_controlled,pil_controlled,easy,0.2,0.0,0.8,0.0,0.19509042560299378,0.8049095743970063
pil_controlled,pil_controlled,medium,0.2,0.0,0.8,0.0,0.18973899316852857,0.8102610068314714
pil_controlled,pil_controlled,hard,0.2,0.0,0.8,0.0,0.15294690569128536,0.8470530943087147
pil_controlled,wand_text,clean,0.2,0.0,0.8,0.0,0.0,1.0
pil_controlled,wand_text,easy,0.2,0.0,0.8,0.0,0.0,1.0
pil_controlled,wand_text,medium,0.2,0.0,0.8,0.0,0.0,1.0
pil_controlled,wand_text,hard,0.2,0.0,0.8,0.0,0.0,1.0
wand_text,captcha_image,clean,0.2,0.0,0.8,0.0,0.0,1.0
wand_text,captcha_image,easy,0.2,0.0,0.8,0.0,0.0,1.0
wand_text,captcha_image,medium,0.2,0.0,0.8,0.0,0.0,1.0
wand_text,captcha_image,hard,0.2,0.0,0.8,0.0,0.0,1.0
wand_text,opencv_text,clean,0.2,0.0,0.8,0.0,0.0,1.0
wand_text,opencv_text,easy,0.2,0.0,0.8,0.0,0.0,1.0
wand_text,opencv_text,medium,0.2,0.0,0.8,0.0,0.0,1.0
wand_text,opencv_text,hard,0.2,0.0,0.8,0.0,0.0,1.0
wand_text,pil_controlled,clean,0.2,0.0,0.8,0.0,0.01999053366382919,0.9800094663361708
wand_text,pil_controlled,easy,0.2,0.0,0.8,0.0,0.03538497916062676,0.9646150208393732
wand_text,pil_controlled,medium,0.2,0.0,0.8,0.0,0.01305760415991146,0.9869423958400886
wand_text,pil_controlled,hard,0.2,0.0,0.8,0.0,0.0,1.0
wand_text,wand_text,clean,0.2,0.0,0.8,0.0,0.0,1.0
wand_text,wand_text,easy,0.2,0.0,0.8,0.0,0.0,1.0
wand_text,wand_text,medium,0.2,0.0,0.8,0.0,0.0,1.0
wand_text,wand_text,hard,0.2,0.0,0.8,0.0,0.0,1.0
captcha_image,captcha_image,clean,0.2,0.2,0.0,0.6000000000000001,0.14342851380308472,0.8565714861969153
captcha_image,captcha_image,easy,0.2,0.2,0.0,0.6000000000000001,0.1431302134752274,0.8568697865247726
captcha_image,captcha_image,medium,0.2,0.2,0.0,0.6000000000000001,0.13679307040969535,0.8632069295903047
captcha_image,captcha_image,hard,0.2,0.2,0.0,0.6000000000000001,0.13023401871323584,0.8697659812867642
captcha_image,opencv_text,clean,0.2,0.2,0.0,0.6000000000000001,0.15217654944260917,0.8478234505573908
captcha_image,opencv_text,easy,0.2,0.2,0.0,0.6000000000000001,0.14777992947697638,0.8522200705230236
captcha_image,opencv_text,medium,0.2,0.2,0.0,0.6000000000000001,0.14717328444918,0.85282671555082
captcha_image,opencv_text,hard,0.2,0.2,0.0,0.6000000000000001,0.14401946195562682,0.8559805380443732
captcha_image,pil_controlled,clean,0.2,0.2,0.0,0.6000000000000001,0.1346784087042014,0.8653215912957986
captcha_image,pil_controlled,easy,0.2,0.2,0.0,0.6000000000000001,0.12889927580555283,0.8711007241944472
captcha_image,pil_controlled,medium,0.2,0.2,0.0,0.6000000000000001,0.12735103769302367,0.8726489623069763
captcha_image,pil_controlled,hard,0.2,0.2,0.0,0.6000000000000001,0.1274283986012141,0.8725716013987859
captcha_image,wand_text,clean,0.2,0.2,0.0,0.6000000000000001,0.13213689479629198,0.867863105203708
captcha_image,wand_text,easy,0.2,0.2,0.0,0.6000000000000001,0.12480175282160443,0.8751982471783956
captcha_image,wand_text,medium,0.2,0.2,0.0,0.6000000000000001,0.10433924024303756,0.8956607597569625
captcha_image,wand_text,hard,0.2,0.2,0.0,0.6000000000000001,0.09012293922106428,0.9098770607789357
opencv_text,captcha_image,clean,0.2,0.2,0.0,0.6000000000000001,0.050386229292551654,0.9496137707074483
opencv_text,captcha_image,easy,0.2,0.2,0.0,0.6000000000000001,0.04762990419069926,0.9523700958093008
opencv_text,captcha_image,medium,0.2,0.2,0.0,0.6000000000000001,0.047702721552054086,0.9522972784479459
opencv_text,captcha_image,hard,0.2,0.2,0.0,0.6000000000000001,0.04329141205151876,0.9567085879484812
opencv_text,opencv_text,clean,0.2,0.2,0.0,0.6000000000000001,0.3999874450047811,0.6000125549952189
opencv_text,opencv_text,easy,0.2,0.2,0.0,0.6000000000000001,0.3997543201843897,0.6002456798156103
opencv_text,opencv_text,medium,0.2,0.2,0.0,0.6000000000000001,0.3992907929579417,0.6007092070420583
opencv_text,opencv_text,hard,0.2,0.2,0.0,0.6000000000000001,0.3627081857919693,0.6372918142080307
opencv_text,pil_controlled,clean,0.2,0.2,0.0,0.6000000000000001,0.12090749770005546,0.8790925022999445
opencv_text,pil_controlled,easy,0.2,0.2,0.0,0.6000000000000001,0.1072692942460378,0.8927307057539622
opencv_text,pil_controlled,medium,0.2,0.2,0.0,0.6000000000000001,0.10856460692882536,0.8914353930711747
opencv_text,pil_controlled,hard,0.2,0.2,0.0,0.6000000000000001,0.09259468770821891,0.9074053122917811
opencv_text,wand_text,clean,0.2,0.2,0.0,0.6000000000000001,0.04641444295247397,0.953585557047526
opencv_text,wand_text,easy,0.2,0.2,0.0,0.6000000000000001,0.04347846476634343,0.9565215352336566
opencv_text,wand_text,medium,0.2,0.2,0.0,0.6000000000000001,0.0355369329134623,0.9644630670865377
opencv_text,wand_text,hard,0.2,0.2,0.0,0.6000000000000001,0.03539032731056211,0.9646096726894379
pil_controlled,captcha_image,clean,0.2,0.2,0.0,0.6000000000000001,0.042079033164183315,0.9579209668358167
pil_controlled,captcha_image,easy,0.2,0.2,0.0,0.6000000000000001,0.04385015701850255,0.9561498429814974
pil_controlled,captcha_image,medium,0.2,0.2,0.0,0.6000000000000001,0.046297965141137445,0.9537020348588625
pil_controlled,captcha_image,hard,0.2,0.2,0.0,0.6000000000000001,0.04730020411014557,0.9526997958898544
pil_controlled,opencv_text,clean,0.2,0.2,0.0,0.6000000000000001,0.285120542995135,0.714879457004865
pil_controlled,opencv_text,easy,0.2,0.2,0.0,0.6000000000000001,0.28602269465923313,0.7139773053407669
pil_controlled,opencv_text,medium,0.2,0.2,0.0,0.6000000000000001,0.2503797765652339,0.7496202234347661
pil_controlled,opencv_text,hard,0.2,0.2,0.0,0.6000000000000001,0.18411506055196125,0.8158849394480387
pil_controlled,pil_controlled,clean,0.2,0.2,0.0,0.6000000000000001,0.39899214841524766,0.6010078515847523
pil_controlled,pil_controlled,easy,0.2,0.2,0.0,0.6000000000000001,0.3950227389097214,0.6049772610902786
pil_controlled,pil_controlled,medium,0.2,0.2,0.0,0.6000000000000001,0.3905904095331828,0.6094095904668172
pil_controlled,pil_controlled,hard,0.2,0.2,0.0,0.6000000000000001,0.3451109385172526,0.6548890614827474
pil_controlled,wand_text,clean,0.2,0.2,0.0,0.6000000000000001,0.11821390954653421,0.8817860904534658
pil_controlled,wand_text,easy,0.2,0.2,0.0,0.6000000000000001,0.0919088218887647,0.9080911781112353
pil_controlled,wand_text,medium,0.2,0.2,0.0,0.6000000000000001,0.05226750984191894,0.947732490158081
pil_controlled,wand_text,hard,0.2,0.2,0.0,0.6000000000000001,0.044975000234444916,0.9550249997655551
wand_text,captcha_image,clean,0.2,0.2,0.0,0.6000000000000001,0.08305777384042741,0.9169422261595725
wand_text,captcha_image,easy,0.2,0.2,0.0,0.6000000000000001,0.0867863854845365,0.9132136145154635
wand_text,captcha_image,medium,0.2,0.2,0.0,0.6000000000000001,0.08997861797412238,0.9100213820258776
wand_text,captcha_image,hard,0.2,0.2,0.0,0.6000000000000001,0.08827825150489808,0.9117217484951019
wand_text,opencv_text,clean,0.2,0.2,0.0,0.6000000000000001,0.15920383156140644,0.8407961684385936
wand_text,opencv_text,easy,0.2,0.2,0.0,0.6000000000000001,0.14899517101446785,0.8510048289855321
wand_text,opencv_text,medium,0.2,0.2,0.0,0.6000000000000001,0.1435170141975085,0.8564829858024915
wand_text,opencv_text,hard,0.2,0.2,0.0,0.6000000000000001,0.12132591697772344,0.8786740830222766
wand_text,pil_controlled,clean,0.2,0.2,0.0,0.6000000000000001,0.2837792697270711,0.7162207302729289
wand_text,pil_controlled,easy,0.2,0.2,0.0,0.6000000000000001,0.305213145240148,0.694786854759852
wand_text,pil_controlled,medium,0.2,0.2,0.0,0.6000000000000001,0.28293421258926393,0.717065787410736
wand_text,pil_controlled,hard,0.2,0.2,0.0,0.6000000000000001,0.2422694770137469,0.7577305229862531
wand_text,wand_text,clean,0.2,0.2,0.0,0.6000000000000001,0.23979595799048742,0.7602040420095126
wand_text,wand_text,easy,0.2,0.2,0.0,0.6000000000000001,0.241137264808019,0.758862735191981
wand_text,wand_text,medium,0.2,0.2,0.0,0.6000000000000001,0.1555859175860882,0.8444140824139118
wand_text,wand_text,hard,0.2,0.2,0.0,0.6000000000000001,0.1315440356016159,0.8684559643983841
captcha_image,captcha_image,clean,0.2,0.2,0.2,0.4,0.03278839801549914,0.9672116019845008
captcha_image,captcha_image,easy,0.2,0.2,0.2,0.4,0.032313664744297685,0.9676863352557024
captcha_image,captcha_image,medium,0.2,0.2,0.2,0.4,0.02556717189153039,0.9744328281084697
captcha_image,captcha_image,hard,0.2,0.2,0.2,0.4,0.018314290279149992,0.98168570972085
captcha_image,opencv_text,clean,0.2,0.2,0.2,0.4,0.02287499801715215,0.9771250019828479
captcha_image,opencv_text,easy,0.2,0.2,0.2,0.4,0.024295720009009036,0.975704279990991
captcha_image,opencv_text,medium,0.2,0.2,0.2,0.4,0.030032848590612435,0.9699671514093876
captcha_image,opencv_text,hard,0.2,0.2,0.2,0.4,0.03575292253295581,0.9642470774670442
captcha_image,pil_controlled,clean,0.2,0.2,0.2,0.4,0.01460166149735452,0.9853983385026455
captcha_image,pil_controlled,easy,0.2,0.2,0.2,0.4,0.01574115760525069,0.9842588423947494
captcha_image,pil_controlled,medium,0.2,0.2,0.2,0.4,0.0189870213449001,0.9810129786550998
captcha_image,pil_controlled,hard,0.2,0.2,0.2,0.4,0.025592176210880294,0.9744078237891197
captcha_image,wand_text,clean,0.2,0.2,0.2,0.4,0.011995094730456651,0.9880049052695433
captcha_image,wand_text,easy,0.2,0.2,0.2,0.4,0.013230502841869995,0.98676949715813
captcha_image,wand_text,medium,0.2,0.2,0.2,0.4,0.012386438744266856,0.9876135612557332
captcha_image,wand_text,hard,0.2,0.2,0.2,0.4,0.011022899401684633,0.9889771005983153
opencv_text,captcha_image,clean,0.2,0.2,0.2,0.4,0.015233756419519573,0.9847662435804805
opencv_text,captcha_image,easy,0.2,0.2,0.2,0.4,0.014666965123762706,0.9853330348762372
opencv_text,captcha_image,medium,0.2,0.2,0.2,0.4,0.015281093665786706,0.9847189063342133
opencv_text,captcha_image,hard,0.2,0.2,0.2,0.4,0.01381960984872034,0.9861803901512797
opencv_text,opencv_text,clean,0.2,0.2,0.2,0.4,0.3999578071506885,0.6000421928493115
opencv_text,opencv_text,easy,0.2,0.2,0.2,0.4,0.39972251363052697,0.6002774863694731
opencv_text,opencv_text,medium,0.2,0.2,0.2,0.4,0.39915103154522397,0.600848968454776
opencv_text,opencv_text,hard,0.2,0.2,0.2,0.4,0.36038022996285846,0.6396197700371415
opencv_text,pil_controlled,clean,0.2,0.2,0.2,0.4,0.1099813984301184,0.8900186015698817
opencv_text,pil_controlled,easy,0.2,0.2,0.2,0.4,0.09652172539566492,0.903478274604335
opencv_text,pil_controlled,medium,0.2,0.2,0.2,0.4,0.09763582114697636,0.9023641788530237
opencv_text,pil_controlled,hard,0.2,0.2,0.2,0.4,0.08053344478859219,0.9194665552114079
opencv_text,wand_text,clean,0.2,0.2,0.2,0.4,0.02317195635992105,0.9768280436400789
opencv_text,wand_text,easy,0.2,0.2,0.2,0.4,0.020301906741728704,0.9796980932582713
opencv_text,wand_text,medium,0.2,0.2,0.2,0.4,0.012617353231987597,0.9873826467680124
opencv_text,wand_text,hard,0.2,0.2,0.2,0.4,0.012949023642990509,0.9870509763570094
pil_controlled,captcha_image,clean,0.2,0.2,0.2,0.4,0.012289943175817233,0.9877100568241828
pil_controlled,captcha_image,easy,0.2,0.2,0.2,0.4,0.012854237280165166,0.9871457627198348
pil_controlled,captcha_image,medium,0.2,0.2,0.2,0.4,0.013507402286181865,0.9864925977138181
pil_controlled,captcha_image,hard,0.2,0.2,0.2,0.4,0.014100350369264693,0.9858996496307353
pil_controlled,opencv_text,clean,0.2,0.2,0.2,0.4,0.28046922652361395,0.719530773476386
pil_controlled,opencv_text,easy,0.2,0.2,0.2,0.4,0.2814002285456186,0.7185997714543815
pil_controlled,opencv_text,medium,0.2,0.2,0.2,0.4,0.24366420877466233,0.7563357912253377
pil_controlled,opencv_text,hard,0.2,0.2,0.2,0.4,0.17201690583491486,0.8279830941650852
pil_controlled,pil_controlled,clean,0.2,0.2,0.2,0.4,0.39863397742864015,0.6013660225713598
pil_controlled,pil_controlled,easy,0.2,0.2,0.2,0.4,0.3944953453104698,0.6055046546895302
pil_controlled,pil_controlled,medium,0.2,0.2,0.2,0.4,0.3893918244919816,0.6106081755080184
pil_controlled,pil_controlled,hard,0.2,0.2,0.2,0.4,0.34094766494007395,0.659052335059926
pil_controlled,wand_text,clean,0.2,0.2,0.2,0.4,0.0986914631783807,0.9013085368216193
pil_controlled,wand_text,easy,0.2,0.2,0.2,0.4,0.06915598736726,0.93084401263274
pil_controlled,wand_text,medium,0.2,0.2,0.2,0.4,0.0260584279807789,0.973941572019221
pil_controlled,wand_text,hard,0.2,0.2,0.2,0.4,0.018298818127345275,0.9817011818726548
wand_text,captcha_image,clean,0.2,0.2,0.2,0.4,0.02430457495152951,0.9756954250484705
wand_text,captcha_image,easy,0.2,0.2,0.2,0.4,0.023334927930434554,0.9766650720695654
wand_text,captcha_image,medium,0.2,0.2,0.2,0.4,0.023472156848510117,0.9765278431514899
wand_text,captcha_image,hard,0.2,0.2,0.2,0.4,0.024385780435800558,0.9756142195641995
wand_text,opencv_text,clean,0.2,0.2,0.2,0.4,0.12134414335588614,0.8786558566441138
wand_text,opencv_text,easy,0.2,0.2,0.2,0.4,0.11298328827371198,0.887016711726288
wand_text,opencv_text,medium,0.2,0.2,0.2,0.4,0.10491263235186538,0.8950873676481346
wand_text,opencv_text,hard,0.2,0.2,0.2,0.4,0.07362376125703254,0.9263762387429675
wand_text,pil_controlled,clean,0.2,0.2,0.2,0.4,0.2574769031430284,0.7425230968569716
wand_text,pil_controlled,easy,0.2,0.2,0.2,0.4,0.279892723363638,0.720107276636362
wand_text,pil_controlled,medium,0.2,0.2,0.2,0.4,0.2552319469625751,0.7447680530374249
wand_text,pil_controlled,hard,0.2,0.2,0.2,0.4,0.20630696772088608,0.7936930322791139
wand_text,wand_text,clean,0.2,0.2,0.2,0.4,0.20585564883972207,0.7941443511602779
wand_text,wand_text,easy,0.2,0.2,0.2,0.4,0.20560826018651326,0.7943917398134868
wand_text,wand_text,medium,0.2,0.2,0.2,0.4,0.09759330533444882,0.9024066946655511
wand_text,wand_text,hard,0.2,0.2,0.2,0.4,0.04299211082309483,0.9570078891769052
captcha_image,captcha_image,clean,0.2,0.2,0.4,0.2,0.0,1.0
captcha_image,captcha_image,easy,0.2,0.2,0.4,0.2,0.0,1.0
captcha_image,captcha_image,medium,0.2,0.2,0.4,0.2,0.0,1.0
captcha_image,captcha_image,hard,0.2,0.2,0.4,0.2,0.0,1.0
captcha_image,opencv_text,clean,0.2,0.2,0.4,0.2,0.0,1.0
captcha_image,opencv_text,easy,0.2,0.2,0.4,0.2,0.0,1.0
captcha_image,opencv_text,medium,0.2,0.2,0.4,0.2,0.0,1.0
captcha_image,opencv_text,hard,0.2,0.2,0.4,0.2,0.0,1.0
captcha_image,pil_controlled,clean,0.2,0.2,0.4,0.2,0.0,1.0
captcha_image,pil_controlled,easy,0.2,0.2,0.4,0.2,0.0,1.0
captcha_image,pil_controlled,medium,0.2,0.2,0.4,0.2,0.0,1.0
captcha_image,pil_controlled,hard,0.2,0.2,0.4,0.2,0.0,1.0
captcha_image,wand_text,clean,0.2,0.2,0.4,0.2,0.0,1.0
captcha_image,wand_text,easy,0.2,0.2,0.4,0.2,0.0,1.0
captcha_image,wand_text,medium,0.2,0.2,0.4,0.2,0.0,1.0
captcha_image,wand_text,hard,0.2,0.2,0.4,0.2,0.0,1.0
opencv_text,captcha_image,clean,0.2,0.2,0.4,0.2,0.0,1.0
opencv_text,captcha_image,easy,0.2,0.2,0.4,0.2,0.0,1.0
opencv_text,captcha_image,medium,0.2,0.2,0.4,0.2,0.0,1.0
opencv_text,captcha_image,hard,0.2,0.2,0.4,0.2,0.0,1.0
opencv_text,opencv_text,clean,0.2,0.2,0.4,0.2,0.39992816929659586,0.6000718307034041
opencv_text,opencv_text,easy,0.2,0.2,0.4,0.2,0.39969070707666426,0.6003092929233358
opencv_text,opencv_text,medium,0.2,0.2,0.4,0.2,0.39901127013250626,0.6009887298674937
opencv_text,opencv_text,hard,0.2,0.2,0.4,0.2,0.35805227413374763,0.6419477258662524
opencv_text,pil_controlled,clean,0.2,0.2,0.4,0.2,0.09905529916018134,0.9009447008398187
opencv_text,pil_controlled,easy,0.2,0.2,0.4,0.2,0.08577415654529204,0.9142258434547079
opencv_text,pil_controlled,medium,0.2,0.2,0.4,0.2,0.08670703536512736,0.9132929646348726
opencv_text,pil_controlled,hard,0.2,0.2,0.4,0.2,0.06847220186896547,0.9315277981310346
opencv_text,wand_text,clean,0.2,0.2,0.4,0.2,0.0,1.0
opencv_text,wand_text,easy,0.2,0.2,0.4,0.2,0.0,1.0
opencv_text,wand_text,medium,0.2,0.2,0.4,0.2,0.0,1.0
opencv_text,wand_text,hard,0.2,0.2,0.4,0.2,0.0,1.0
pil_controlled,captcha_image,clean,0.2,0.2,0.4,0.2,0.0,1.0
pil_controlled,captcha_image,easy,0.2,0.2,0.4,0.2,0.0,1.0
pil_controlled,captcha_image,medium,0.2,0.2,0.4,0.2,0.0,1.0
pil_controlled,captcha_image,hard,0.2,0.2,0.4,0.2,0.0,1.0
pil_controlled,opencv_text,clean,0.2,0.2,0.4,0.2,0.27581791005209283,0.7241820899479072
pil_controlled,opencv_text,easy,0.2,0.2,0.4,0.2,0.276777762432004,0.723222237567996
pil_controlled,opencv_text,medium,0.2,0.2,0.4,0.2,0.2369486409840907,0.7630513590159093
pil_controlled,opencv_text,hard,0.2,0.2,0.4,0.2,0.15991875111786846,0.8400812488821315
pil_controlled,pil_controlled,clean,0.2,0.2,0.4,0.2,0.39827580644203264,0.6017241935579674
pil_controlled,pil_controlled,easy,0.2,0.2,0.4,0.2,0.3939679517112183,0.6060320482887818
pil_controlled,pil_controlled,medium,0.2,0.2,0.4,0.2,0.3881932394507804,0.6118067605492197
pil_controlled,pil_controlled,hard,0.2,0.2,0.4,0.2,0.3367843913628953,0.6632156086371047
pil_controlled,wand_text,clean,0.2,0.2,0.4,0.2,0.0791690168102272,0.9208309831897727
pil_controlled,wand_text,easy,0.2,0.2,0.4,0.2,0.0464031528457553,0.9535968471542446
pil_controlled,wand_text,medium,0.2,0.2,0.4,0.2,0.0,1.0
pil_controlled,wand_text,hard,0.2,0.2,0.4,0.2,0.0,1.0
wand_text,captcha_image,clean,0.2,0.2,0.4,0.2,0.0,1.0
wand_text,captcha_image,easy,0.2,0.2,0.4,0.2,0.0,1.0
wand_text,captcha_image,medium,0.2,0.2,0.4,0.2,0.0,1.0
wand_text,captcha_image,hard,0.2,0.2,0.4,0.2,0.0,1.0
wand_text,opencv_text,clean,0.2,0.2,0.4,0.2,0.08348445515036584,0.9165155448496342
wand_text,opencv_text,easy,0.2,0.2,0.4,0.2,0.07697140553295613,0.9230285944670439
wand_text,opencv_text,medium,0.2,0.2,0.4,0.2,0.06630825050622226,0.9336917494937778
wand_text,opencv_text,hard,0.2,0.2,0.4,0.2,0.025921605536341666,0.9740783944636583
wand_text,pil_controlled,clean,0.2,0.2,0.4,0.2,0.23117453655898573,0.7688254634410143
wand_text,pil_controlled,easy,0.2,0.2,0.4,0.2,0.254572301487128,0.745427698512872
wand_text,pil_controlled,medium,0.2,0.2,0.4,0.2,0.22752968133588633,0.7724703186641136
wand_text,pil_controlled,hard,0.2,0.2,0.4,0.2,0.17034445842802526,0.8296555415719747
wand_text,wand_text,clean,0.2,0.2,0.4,0.2,0.17191533968895673,0.8280846603110432
wand_text,wand_text,easy,0.2,0.2,0.4,0.2,0.17007925556500753,0.8299207444349925
wand_text,wand_text,medium,0.2,0.2,0.4,0.2,0.03960069308280946,0.9603993069171906
wand_text,wand_text,hard,0.2,0.2,0.4,0.2,0.0,1.0
captcha_image,captcha_image,clean,0.2,0.2,0.6000000000000001,0.0,0.0,1.0
captcha_image,captcha_image,easy,0.2,0.2,0.6000000000000001,0.0,0.0,1.0
captcha_image,captcha_image,medium,0.2,0.2,0.6000000000000001,0.0,0.0,1.0
captcha_image,captcha_image,hard,0.2,0.2,0.6000000000000001,0.0,0.0,1.0
captcha_image,opencv_text,clean,0.2,0.2,0.6000000000000001,0.0,0.0,1.0
captcha_image,opencv_text,easy,0.2,0.2,0.6000000000000001,0.0,0.0,1.0
captcha_image,opencv_text,medium,0.2,0.2,0.6000000000000001,0.0,0.0,1.0
captcha_image,opencv_text,hard,0.2,0.2,0.6000000000000001,0.0,0.0,1.0
captcha_image,pil_controlled,clean,0.2,0.2,0.6000000000000001,0.0,0.0,1.0
captcha_image,pil_controlled,easy,0.2,0.2,0.6000000000000001,0.0,0.0,1.0
captcha_image,pil_controlled,medium,0.2,0.2,0.6000000000000001,0.0,0.0,1.0
captcha_image,pil_controlled,hard,0.2,0.2,0.6000000000000001,0.0,0.0,1.0
captcha_image,wand_text,clean,0.2,0.2,0.6000000000000001,0.0,0.0,1.0
captcha_image,wand_text,easy,0.2,0.2,0.6000000000000001,0.0,0.0,1.0
captcha_image,wand_text,medium,0.2,0.2,0.6000000000000001,0.0,0.0,1.0
captcha_image,wand_text,hard,0.2,0.2,0.6000000000000001,0.0,0.0,1.0
opencv_text,captcha_image,clean,0.2,0.2,0.6000000000000001,0.0,0.0,1.0
opencv_text,captcha_image,easy,0.2,0.2,0.6000000000000001,0.0,0.0,1.0
opencv_text,captcha_image,medium,0.2,0.2,0.6000000000000001,0.0,0.0,1.0
opencv_text,captcha_image,hard,0.2,0.2,0.6000000000000001,0.0,0.0,1.0
opencv_text,opencv_text,clean,0.2,0.2,0.6000000000000001,0.0,0.39989853144250326,0.6001014685574968
opencv_text,opencv_text,easy,0.2,0.2,0.6000000000000001,0.0,0.3996589005228015,0.6003410994771985
opencv_text,opencv_text,medium,0.2,0.2,0.6000000000000001,0.0,0.3988715087197886,0.6011284912802114
opencv_text,opencv_text,hard,0.2,0.2,0.6000000000000001,0.0,0.3557243183046368,0.6442756816953632
opencv_text,pil_controlled,clean,0.2,0.2,0.6000000000000001,0.0,0.08812919989024427,0.9118708001097557
opencv_text,pil_controlled,easy,0.2,0.2,0.6000000000000001,0.0,0.07502658769491916,0.9249734123050808
opencv_text,pil_controlled,medium,0.2,0.2,0.6000000000000001,0.0,0.07577824958327836,0.9242217504167216
opencv_text,pil_controlled,hard,0.2,0.2,0.6000000000000001,0.0,0.056410958949338744,0.9435890410506612
opencv_text,wand_text,clean,0.2,0.2,0.6000000000000001,0.0,0.0,1.0
opencv_text,wand_text,easy,0.2,0.2,0.6000000000000001,0.0,0.0,1.0
opencv_text,wand_text,medium,0.2,0.2,0.6000000000000001,0.0,0.0,1.0
opencv_text,wand_text,hard,0.2,0.2,0.6000000000000001,0.0,0.0,1.0
pil_controlled,captcha_image,clean,0.2,0.2,0.6000000000000001,0.0,0.0,1.0
pil_controlled,captcha_image,easy,0.2,0.2,0.6000000000000001,0.0,0.0,1.0
pil_controlled,captcha_image,medium,0.2,0.2,0.6000000000000001,0.0,0.0,1.0
pil_controlled,captcha_image,hard,0.2,0.2,0.6000000000000001,0.0,0.0,1.0
pil_controlled,opencv_text,clean,0.2,0.2,0.6000000000000001,0.0,0.27116659358057177,0.7288334064194282
pil_controlled,opencv_text,easy,0.2,0.2,0.6000000000000001,0.0,0.27215529631838953,0.7278447036816105
pil_controlled,opencv_text,medium,0.2,0.2,0.6000000000000001,0.0,0.2302330731935191,0.7697669268064808
pil_controlled,opencv_text,hard,0.2,0.2,0.6000000000000001,0.0,0.14782059640082204,0.852179403599178
pil_controlled,pil_controlled,clean,0.2,0.2,0.6000000000000001,0.0,0.39791763545542513,0.6020823645445749
pil_controlled,pil_controlled,easy,0.2,0.2,0.6000000000000001,0.0,0.3934405581119667,0.6065594418880333
pil_controlled,pil_controlled,medium,0.2,0.2,0.6000000000000001,0.0,0.3869946544095792,0.6130053455904207
pil_controlled,pil_controlled,hard,0.2,0.2,0.6000000000000001,0.0,0.3326211177857166,0.6673788822142834
pil_controlled,wand_text,clean,0.2,0.2,0.6000000000000001,0.0,0.0596465704420737,0.9403534295579263
pil_controlled,wand_text,easy,0.2,0.2,0.6000000000000001,0.0,0.023650318324250588,0.9763496816757494
pil_controlled,wand_text,medium,0.2,0.2,0.6000000000000001,0.0,0.0,1.0
pil_controlled,wand_text,hard,0.2,0.2,0.6000000000000001,0.0,0.0,1.0
wand_text,captcha_image,clean,0.2,0.2,0.6000000000000001,0.0,0.0,1.0
wand_text,captcha_image,easy,0.2,0.2,0.6000000000000001,0.0,0.0,1.0
wand_text,captcha_image,medium,0.2,0.2,0.6000000000000001,0.0,0.0,1.0
wand_text,captcha_image,hard,0.2,0.2,0.6000000000000001,0.0,0.0,1.0
wand_text,opencv_text,clean,0.2,0.2,0.6000000000000001,0.0,0.04562476694484553,0.9543752330551545
wand_text,opencv_text,easy,0.2,0.2,0.6000000000000001,0.0,0.04095952279220026,0.9590404772077997
wand_text,opencv_text,medium,0.2,0.2,0.6000000000000001,0.0,0.027703868660579126,0.9722961313394208
wand_text,opencv_text,hard,0.2,0.2,0.6000000000000001,0.0,0.0,1.0
wand_text,pil_controlled,clean,0.2,0.2,0.6000000000000001,0.0,0.204872169974943,0.795127830025057
wand_text,pil_controlled,easy,0.2,0.2,0.6000000000000001,0.0,0.22925187961061802,0.770748120389382
wand_text,pil_controlled,medium,0.2,0.2,0.6000000000000001,0.0,0.19982741570919754,0.8001725842908025
wand_text,pil_controlled,hard,0.2,0.2,0.6000000000000001,0.0,0.13438194913516444,0.8656180508648356
wand_text,wand_text,clean,0.2,0.2,0.6000000000000001,0.0,0.13797503053819138,0.8620249694618086
wand_text,wand_text,easy,0.2,0.2,0.6000000000000001,0.0,0.13455025094350176,0.8654497490564983
wand_text,wand_text,medium,0.2,0.2,0.6000000000000001,0.0,0.0,1.0
wand_text,wand_text,hard,0.2,0.2,0.6000000000000001,0.0,0.0,1.0
captcha_image,captcha_image,clean,0.2,0.4,0.0,0.4,0.27579036093950277,0.7242096390604973
captcha_image,captcha_image,easy,0.2,0.4,0.0,0.4,0.27546042695045475,0.7245395730495452
captcha_image,captcha_image,medium,0.2,0.4,0.0,0.4,0.26638614081939066,0.7336138591806094
captcha_image,captcha_image,hard,0.2,0.4,0.0,0.4,0.2568680374264717,0.7431319625735283
captcha_image,opencv_text,clean,0.2,0.4,0.0,0.4,0.2971530988852183,0.7028469011147818
captcha_image,opencv_text,easy,0.2,0.4,0.0,0.4,0.2882265256206194,0.7117734743793807
captcha_image,opencv_text,medium,0.2,0.4,0.0,0.4,0.28474656889836,0.7152534311016401
captcha_image,opencv_text,hard,0.2,0.4,0.0,0.4,0.27617225724458694,0.7238277427554131
captcha_image,pil_controlled,clean,0.2,0.4,0.0,0.4,0.2678901507417361,0.7321098492582638
captcha_image,pil_controlled,easy,0.2,0.4,0.0,0.4,0.256331884944439,0.7436681150555611
captcha_image,pil_controlled,medium,0.2,0.4,0.0,0.4,0.25176874205271405,0.748231257947286
captcha_image,pil_controlled,hard,0.2,0.4,0.0,0.4,0.24885679720242823,0.7511432027975717
captcha_image,wand_text,clean,0.2,0.4,0.0,0.4,0.26414045625925064,0.7358595437407494
captcha_image,wand_text,easy,0.2,0.4,0.0,0.4,0.24933683897654219,0.7506631610234578
captcha_image,wand_text,medium,0.2,0.4,0.0,0.4,0.20827848048607514,0.7917215195139249
captcha_image,wand_text,hard,0.2,0.4,0.0,0.4,0.17984587844212857,0.8201541215578714
opencv_text,captcha_image,clean,0.2,0.4,0.0,0.4,0.10077245858510331,0.8992275414148967
opencv_text,captcha_image,easy,0.2,0.4,0.0,0.4,0.09525980838139853,0.9047401916186015
opencv_text,captcha_image,medium,0.2,0.4,0.0,0.4,0.09540544310410817,0.9045945568958919
opencv_text,captcha_image,hard,0.2,0.4,0.0,0.4,0.08658282410303753,0.9134171758969625
opencv_text,opencv_text,clean,0.2,0.4,0.0,0.4,0.5999748900095623,0.4000251099904377
opencv_text,opencv_text,easy,0.2,0.4,0.0,0.4,0.5996419737021128,0.4003580262978872
opencv_text,opencv_text,medium,0.2,0.4,0.0,0.4,0.5989815859158834,0.40101841408411665
opencv_text,opencv_text,hard,0.2,0.4,0.0,0.4,0.5456830382506053,0.45431696174939473
opencv_text,pil_controlled,clean,0.2,0.4,0.0,0.4,0.18954832873344424,0.8104516712665557
opencv_text,pil_controlled,easy,0.2,0.4,0.0,0.4,0.16907192182540895,0.830928078174591
opencv_text,pil_controlled,medium,0.2,0.4,0.0,0.4,0.17112921385765073,0.8288707861423492
opencv_text,pil_controlled,hard,0.2,0.4,0.0,0.4,0.1479893754164378,0.8520106245835621
opencv_text,wand_text,clean,0.2,0.4,0.0,0.4,0.08656221923828127,0.9134377807617188
opencv_text,wand_text,easy,0.2,0.4,0.0,0.4,0.0822902628660202,0.9177097371339797
opencv_text,wand_text,medium,0.2,0.4,0.0,0.4,0.07014053249359127,0.9298594675064087
opencv_text,wand_text,hard,0.2,0.4,0.0,0.4,0.06984732128779089,0.9301526787122091
pil_controlled,captcha_image,clean,0.2,0.4,0.0,0.4,0.08415806632836663,0.9158419336716334
pil_controlled,captcha_image,easy,0.2,0.4,0.0,0.4,0.0877003140370051,0.9122996859629949
pil_controlled,captcha_image,medium,0.2,0.4,0.0,0.4,0.09259593028227489,0.9074040697177251
pil_controlled,captcha_image,hard,0.2,0.4,0.0,0.4,0.09460040822029114,0.9053995917797089
pil_controlled,opencv_text,clean,0.2,0.4,0.0,0.4,0.43104108599026997,0.56895891400973
pil_controlled,opencv_text,easy,0.2,0.4,0.0,0.4,0.4324453893184662,0.5675546106815338
pil_controlled,opencv_text,medium,0.2,0.4,0.0,0.4,0.3806262197971345,0.6193737802028655
pil_controlled,opencv_text,hard,0.2,0.4,0.0,0.4,0.28503012110392256,0.7149698788960774
pil_controlled,pil_controlled,clean,0.2,0.4,0.0,0.4,0.598650963497162,0.40134903650283804
pil_controlled,pil_controlled,easy,0.2,0.4,0.0,0.4,0.5928454778194427,0.40715452218055725
pil_controlled,pil_controlled,medium,0.2,0.4,0.0,0.4,0.5866474857330323,0.41335251426696773
pil_controlled,pil_controlled,hard,0.2,0.4,0.0,0.4,0.5206218770345052,0.47937812296549476
pil_controlled,wand_text,clean,0.2,0.4,0.0,0.4,0.19136115242640178,0.8086388475735982
pil_controlled,wand_text,easy,0.2,0.4,0.0,0.4,0.1542176437775294,0.8457823562224707
pil_controlled,wand_text,medium,0.2,0.4,0.0,0.4,0.09720168635050457,0.9027983136494955
pil_controlled,wand_text,hard,0.2,0.4,0.0,0.4,0.08661666713555652,0.9133833328644435
wand_text,captcha_image,clean,0.2,0.4,0.0,0.4,0.16611554768085482,0.8338844523191452
wand_text,captcha_image,easy,0.2,0.4,0.0,0.4,0.173572770969073,0.826427229030927
wand_text,captcha_image,medium,0.2,0.4,0.0,0.4,0.17995723594824475,0.8200427640517552
wand_text,captcha_image,hard,0.2,0.4,0.0,0.4,0.17655650300979617,0.8234434969902038
wand_text,opencv_text,clean,0.2,0.4,0.0,0.4,0.26307432978947953,0.7369256702105205
wand_text,opencv_text,easy,0.2,0.4,0.0,0.4,0.24692367536226906,0.753076324637731
wand_text,opencv_text,medium,0.2,0.4,0.0,0.4,0.24050069506168367,0.7594993049383163
wand_text,opencv_text,hard,0.2,0.4,0.0,0.4,0.21265183395544687,0.7873481660445532
wand_text,pil_controlled,clean,0.2,0.4,0.0,0.4,0.4423585394541423,0.5576414605458577
wand_text,pil_controlled,easy,0.2,0.4,0.0,0.4,0.47375962381362924,0.5262403761863708
wand_text,pil_controlled,medium,0.2,0.4,0.0,0.4,0.44200175851186124,0.5579982414881388
wand_text,pil_controlled,hard,0.2,0.4,0.0,0.4,0.38627228736082714,0.6137277126391729
wand_text,wand_text,clean,0.2,0.4,0.0,0.4,0.38145858264764154,0.6185414173523585
wand_text,wand_text,easy,0.2,0.4,0.0,0.4,0.38440786294937135,0.6155921370506287
wand_text,wand_text,medium,0.2,0.4,0.0,0.4,0.26957183517217637,0.7304281648278237
wand_text,wand_text,hard,0.2,0.4,0.0,0.4,0.24922140453656516,0.7507785954634348
captcha_image,captcha_image,clean,0.2,0.4,0.2,0.2,0.16515024515191717,0.8348497548480829
captcha_image,captcha_image,easy,0.2,0.4,0.2,0.2,0.16464387821952503,0.835356121780475
captcha_image,captcha_image,medium,0.2,0.4,0.2,0.2,0.15516024230122571,0.8448397576987743
captcha_image,captcha_image,hard,0.2,0.4,0.2,0.2,0.14494830899238584,0.8550516910076141
captcha_image,opencv_text,clean,0.2,0.4,0.2,0.2,0.16785154745976127,0.8321484525402387
captcha_image,opencv_text,easy,0.2,0.4,0.2,0.2,0.16474231615265206,0.835257683847348
captcha_image,opencv_text,medium,0.2,0.4,0.2,0.2,0.16760613303979244,0.8323938669602076
captcha_image,opencv_text,hard,0.2,0.4,0.2,0.2,0.16790571782191593,0.8320942821780841
captcha_image,pil_controlled,clean,0.2,0.4,0.2,0.2,0.14781340353488925,0.8521865964651107
captcha_image,pil_controlled,easy,0.2,0.4,0.2,0.2,0.14317376674413684,0.8568262332558632
captcha_image,pil_controlled,medium,0.2,0.4,0.2,0.2,0.14340472570459048,0.8565952742954095
captcha_image,pil_controlled,hard,0.2,0.4,0.2,0.2,0.1470205748120944,0.8529794251879056
captcha_image,wand_text,clean,0.2,0.4,0.2,0.2,0.14399865619341531,0.8560013438065847
captcha_image,wand_text,easy,0.2,0.4,0.2,0.2,0.13776558899680774,0.8622344110031923
captcha_image,wand_text,medium,0.2,0.4,0.2,0.2,0.11632567898730443,0.8836743210126956
captcha_image,wand_text,hard,0.2,0.4,0.2,0.2,0.10074583862274893,0.8992541613772511
opencv_text,captcha_image,clean,0.2,0.4,0.2,0.2,0.06561998571207123,0.9343800142879288
opencv_text,captcha_image,easy,0.2,0.4,0.2,0.2,0.06229686931446197,0.937703130685538
opencv_text,captcha_image,medium,0.2,0.4,0.2,0.2,0.0629838152178408,0.9370161847821592
opencv_text,captcha_image,hard,0.2,0.4,0.2,0.2,0.0571110219002391,0.9428889780997609
opencv_text,opencv_text,clean,0.2,0.4,0.2,0.2,0.5999452521554697,0.4000547478445303
opencv_text,opencv_text,easy,0.2,0.4,0.2,0.2,0.5996101671482501,0.4003898328517499
opencv_text,opencv_text,medium,0.2,0.4,0.2,0.2,0.5988418245031657,0.4011581754968343
opencv_text,opencv_text,hard,0.2,0.4,0.2,0.2,0.5433550824214944,0.45664491757850556
opencv_text,pil_controlled,clean,0.2,0.4,0.2,0.2,0.17862222946350717,0.8213777705364929
opencv_text,pil_controlled,easy,0.2,0.4,0.2,0.2,0.15832435297503608,0.8416756470249639
opencv_text,pil_controlled,medium,0.2,0.4,0.2,0.2,0.16020042807580173,0.8397995719241983
opencv_text,pil_controlled,hard,0.2,0.4,0.2,0.2,0.13592813249681107,0.8640718675031889
opencv_text,wand_text,clean,0.2,0.4,0.2,0.2,0.06331973264572835,0.9366802673542717
opencv_text,wand_text,easy,0.2,0.4,0.2,0.2,0.059113704841405476,0.9408862951585946
opencv_text,wand_text,medium,0.2,0.4,0.2,0.2,0.047220952812116565,0.9527790471878834
opencv_text,wand_text,hard,0.2,0.4,0.2,0.2,0.04740601762021929,0.9525939823797807
pil_controlled,captcha_image,clean,0.2,0.4,0.2,0.2,0.05436897634000055,0.9456310236599994
pil_controlled,captcha_image,easy,0.2,0.4,0.2,0.2,0.056704394298667714,0.9432956057013323
pil_controlled,captcha_image,medium,0.2,0.4,0.2,0.2,0.05980536742731931,0.9401946325726807
pil_controlled,captcha_image,hard,0.2,0.4,0.2,0.2,0.061400554479410265,0.9385994455205897
pil_controlled,opencv_text,clean,0.2,0.4,0.2,0.2,0.4263897695187489,0.5736102304812511
pil_controlled,opencv_text,easy,0.2,0.4,0.2,0.2,0.42782292320485166,0.5721770767951484
pil_controlled,opencv_text,medium,0.2,0.4,0.2,0.2,0.3739106520065629,0.6260893479934371
pil_controlled,opencv_text,hard,0.2,0.4,0.2,0.2,0.27293196638687617,0.7270680336131239
pil_controlled,pil_controlled,clean,0.2,0.4,0.2,0.2,0.5982927925105544,0.40170720748944555
pil_controlled,pil_controlled,easy,0.2,0.4,0.2,0.2,0.5923180842201912,0.40768191577980883
pil_controlled,pil_controlled,medium,0.2,0.4,0.2,0.2,0.5854489006918311,0.4145510993081689
pil_controlled,pil_controlled,hard,0.2,0.4,0.2,0.2,0.5164586034573266,0.48354139654267336
pil_controlled,wand_text,clean,0.2,0.4,0.2,0.2,0.17183870605824828,0.8281612939417518
pil_controlled,wand_text,easy,0.2,0.4,0.2,0.2,0.1314648092560247,0.8685351907439753
pil_controlled,wand_text,medium,0.2,0.4,0.2,0.2,0.07099260448936452,0.9290073955106355
pil_controlled,wand_text,hard,0.2,0.4,0.2,0.2,0.05994048502845688,0.9400595149715432
wand_text,captcha_image,clean,0.2,0.4,0.2,0.2,0.10736234879195691,0.8926376512080431
wand_text,captcha_image,easy,0.2,0.4,0.2,0.2,0.11012131341497106,0.889878686585029
wand_text,captcha_image,medium,0.2,0.4,0.2,0.2,0.1134507748226325,0.8865492251773675
wand_text,captcha_image,hard,0.2,0.4,0.2,0.2,0.11266403194069864,0.8873359680593014
wand_text,opencv_text,clean,0.2,0.4,0.2,0.2,0.22521464158395924,0.7747853584160408
wand_text,opencv_text,easy,0.2,0.4,0.2,0.2,0.2109117926215132,0.7890882073784868
wand_text,opencv_text,medium,0.2,0.4,0.2,0.2,0.20189631321604054,0.7981036867839595
wand_text,opencv_text,hard,0.2,0.4,0.2,0.2,0.16494967823475598,0.8350503217652441
wand_text,pil_controlled,clean,0.2,0.4,0.2,0.2,0.41605617287009955,0.5839438271299005
wand_text,pil_controlled,easy,0.2,0.4,0.2,0.2,0.4484392019371193,0.5515607980628807
wand_text,pil_controlled,medium,0.2,0.4,0.2,0.2,0.4142994928851724,0.5857005071148276
wand_text,pil_controlled,hard,0.2,0.4,0.2,0.2,0.3503097780679663,0.6496902219320337
wand_text,wand_text,clean,0.2,0.4,0.2,0.2,0.3475182734968762,0.6524817265031237
wand_text,wand_text,easy,0.2,0.4,0.2,0.2,0.3488788583278656,0.6511211416721344
wand_text,wand_text,medium,0.2,0.4,0.2,0.2,0.211579222920537,0.788420777079463
wand_text,wand_text,hard,0.2,0.4,0.2,0.2,0.16066947975804408,0.8393305202419559
captcha_image,captcha_image,clean,0.2,0.4,0.4,0.0,0.05451012936433161,0.9454898706356684
captcha_image,captcha_image,easy,0.2,0.4,0.4,0.0,0.05382732948859534,0.9461726705114046
captcha_image,captcha_image,medium,0.2,0.4,0.4,0.0,0.04393434378306074,0.9560656562169393
captcha_image,captcha_image,hard,0.2,0.4,0.4,0.0,0.03302858055829999,0.9669714194417001
captcha_image,opencv_text,clean,0.2,0.4,0.4,0.0,0.03854999603430426,0.9614500039656957
captcha_image,opencv_text,easy,0.2,0.4,0.4,0.0,0.041258106684684714,0.9587418933153153
captcha_image,opencv_text,medium,0.2,0.4,0.4,0.0,0.05046569718122487,0.9495343028187752
captcha_image,opencv_text,hard,0.2,0.4,0.4,0.0,0.05963917839924493,0.9403608216007551
captcha_image,pil_controlled,clean,0.2,0.4,0.4,0.0,0.02773665632804237,0.9722633436719577
captcha_image,pil_controlled,easy,0.2,0.4,0.4,0.0,0.030015648543834705,0.9699843514561652
captcha_image,pil_controlled,medium,0.2,0.4,0.4,0.0,0.035040709356466915,0.9649592906435331
captcha_image,pil_controlled,hard,0.2,0.4,0.4,0.0,0.04518435242176061,0.9548156475782394
captcha_image,wand_text,clean,0.2,0.4,0.4,0.0,0.023856856127579984,0.97614314387242
captcha_image,wand_text,easy,0.2,0.4,0.4,0.0,0.026194339017073326,0.9738056609829266
captcha_image,wand_text,medium,0.2,0.4,0.4,0.0,0.02437287748853373,0.9756271225114663
captcha_image,wand_text,hard,0.2,0.4,0.4,0.0,0.02164579880336928,0.9783542011966307
opencv_text,captcha_image,clean,0.2,0.4,0.4,0.0,0.030467512839039146,0.9695324871609609
opencv_text,captcha_image,easy,0.2,0.4,0.4,0.0,0.02933393024752541,0.9706660697524746
opencv_text,captcha_image,medium,0.2,0.4,0.4,0.0,0.030562187331573412,0.9694378126684265
opencv_text,captcha_image,hard,0.2,0.4,0.4,0.0,0.02763921969744068,0.9723607803025593
opencv_text,opencv_text,clean,0.2,0.4,0.4,0.0,0.5999156143013771,0.4000843856986229
opencv_text,opencv_text,easy,0.2,0.4,0.4,0.0,0.5995783605943873,0.4004216394056127
opencv_text,opencv_text,medium,0.2,0.4,0.4,0.0,0.5987020630904479,0.40129793690955207
opencv_text,opencv_text,hard,0.2,0.4,0.4,0.0,0.5410271265923836,0.4589728734076164
opencv_text,pil_controlled,clean,0.2,0.4,0.4,0.0,0.1676961301935701,0.8323038698064299
opencv_text,pil_controlled,easy,0.2,0.4,0.4,0.0,0.14757678412466319,0.8524232158753369
opencv_text,pil_controlled,medium,0.2,0.4,0.4,0.0,0.14927164229395273,0.8507283577060473
opencv_text,pil_controlled,hard,0.2,0.4,0.4,0.0,0.12386688957718436,0.8761331104228156
opencv_text,wand_text,clean,0.2,0.4,0.4,0.0,0.040077246053175426,0.9599227539468246
opencv_text,wand_text,easy,0.2,0.4,0.4,0.0,0.035937146816790756,0.9640628531832093
opencv_text,wand_text,medium,0.2,0.4,0.4,0.0,0.024301373130641866,0.9756986268693582
opencv_text,wand_text,hard,0.2,0.4,0.4,0.0,0.02496471395264769,0.9750352860473523
pil_controlled,captcha_image,clean,0.2,0.4,0.4,0.0,0.024579886351634467,0.9754201136483656
pil_controlled,captcha_image,easy,0.2,0.4,0.4,0.0,0.025708474560330333,0.9742915254396697
pil_controlled,captcha_image,medium,0.2,0.4,0.4,0.0,0.02701480457236373,0.9729851954276363
pil_controlled,captcha_image,hard,0.2,0.4,0.4,0.0,0.028200700738529386,0.9717992992614706
pil_controlled,opencv_text,clean,0.2,0.4,0.4,0.0,0.4217384530472278,0.5782615469527722
pil_controlled,opencv_text,easy,0.2,0.4,0.4,0.0,0.4232004570912371,0.5767995429087629
pil_controlled,opencv_text,medium,0.2,0.4,0.4,0.0,0.36719508421599134,0.6328049157840087
pil_controlled,opencv_text,hard,0.2,0.4,0.4,0.0,0.2608338116698298,0.7391661883301702
pil_controlled,pil_controlled,clean,0.2,0.4,0.4,0.0,0.5979346215239469,0.40206537847605306
pil_controlled,pil_controlled,easy,0.2,0.4,0.4,0.0,0.5917906906209396,0.4082093093790604
pil_controlled,pil_controlled,medium,0.2,0.4,0.4,0.0,0.5842503156506299,0.4157496843493701
pil_controlled,pil_controlled,hard,0.2,0.4,0.4,0.0,0.5122953298801479,0.4877046701198521
pil_controlled,wand_text,clean,0.2,0.4,0.4,0.0,0.15231625969009477,0.8476837403099052
pil_controlled,wand_text,easy,0.2,0.4,0.4,0.0,0.10871197473451999,0.89128802526548
pil_controlled,wand_text,medium,0.2,0.4,0.4,0.0,0.044783522628224486,0.9552164773717755
pil_controlled,wand_text,hard,0.2,0.4,0.4,0.0,0.033264302921357236,0.9667356970786427
wand_text,captcha_image,clean,0.2,0.4,0.4,0.0,0.04860914990305902,0.951390850096941
wand_text,captcha_image,easy,0.2,0.4,0.4,0.0,0.04666985586086911,0.9533301441391309
wand_text,captcha_image,medium,0.2,0.4,0.4,0.0,0.046944313697020235,0.9530556863029798
wand_text,captcha_image,hard,0.2,0.4,0.4,0.0,0.048771560871601116,0.9512284391283989
wand_text,opencv_text,clean,0.2,0.4,0.4,0.0,0.18735495337843894,0.8126450466215611
wand_text,opencv_text,easy,0.2,0.4,0.4,0.0,0.17489990988075732,0.8251000901192427
wand_text,opencv_text,medium,0.2,0.4,0.4,0.0,0.16329193137039744,0.8367080686296026
wand_text,opencv_text,hard,0.2,0.4,0.4,0.0,0.1172475225140651,0.8827524774859349
wand_text,pil_controlled,clean,0.2,0.4,0.4,0.0,0.3897538062860569,0.6102461937139432
wand_text,pil_controlled,easy,0.2,0.4,0.4,0.0,0.42311878006060927,0.5768812199393907
wand_text,pil_controlled,medium,0.2,0.4,0.4,0.0,0.38659722725848367,0.6134027727415163
wand_text,pil_controlled,hard,0.2,0.4,0.4,0.0,0.3143472687751055,0.6856527312248946
wand_text,wand_text,clean,0.2,0.4,0.4,0.0,0.31357796434611085,0.6864220356538892
wand_text,wand_text,easy,0.2,0.4,0.4,0.0,0.31334985370635987,0.6866501462936401
wand_text,wand_text,medium,0.2,0.4,0.4,0.0,0.15358661066889762,0.8464133893311023
wand_text,wand_text,hard,0.2,0.4,0.4,0.0,0.07211755497952302,0.927882445020477
captcha_image,captcha_image,clean,0.2,0.6000000000000001,0.0,0.2,0.40815220807592084,0.5918477919240792
captcha_image,captcha_image,easy,0.2,0.6000000000000001,0.0,0.2,0.40779064042568214,0.5922093595743179
captcha_image,captcha_image,medium,0.2,0.6000000000000001,0.0,0.2,0.395979211229086,0.6040207887709139
captcha_image,captcha_image,hard,0.2,0.6000000000000001,0.0,0.2,0.3835020561397076,0.6164979438602924
captcha_image,opencv_text,clean,0.2,0.6000000000000001,0.0,0.2,0.44212964832782753,0.5578703516721725
captcha_image,opencv_text,easy,0.2,0.6000000000000001,0.0,0.2,0.42867312176426253,0.5713268782357375
captcha_image,opencv_text,medium,0.2,0.6000000000000001,0.0,0.2,0.42231985334754,0.5776801466524599
captcha_image,opencv_text,hard,0.2,0.6000000000000001,0.0,0.2,0.4083250525335472,0.5916749474664529
captcha_image,pil_controlled,clean,0.2,0.6000000000000001,0.0,0.2,0.4011018927792709,0.5988981072207291
captcha_image,pil_controlled,easy,0.2,0.6000000000000001,0.0,0.2,0.38376449408332514,0.6162355059166749
captcha_image,pil_controlled,medium,0.2,0.6000000000000001,0.0,0.2,0.37618644641240445,0.6238135535875955
captcha_image,pil_controlled,hard,0.2,0.6000000000000001,0.0,0.2,0.3702851958036424,0.6297148041963576
captcha_image,wand_text,clean,0.2,0.6000000000000001,0.0,0.2,0.39614401772220936,0.6038559822777907
captcha_image,wand_text,easy,0.2,0.6000000000000001,0.0,0.2,0.37387192513148,0.6261280748685201
captcha_image,wand_text,medium,0.2,0.6000000000000001,0.0,0.2,0.31221772072911275,0.6877822792708872
captcha_image,wand_text,hard,0.2,0.6000000000000001,0.0,0.2,0.26956881766319285,0.7304311823368071
opencv_text,captcha_image,clean,0.2,0.6000000000000001,0.0,0.2,0.151158687877655,0.848841312122345
opencv_text,captcha_image,easy,0.2,0.6000000000000001,0.0,0.2,0.1428897125720978,0.8571102874279022
opencv_text,captcha_image,medium,0.2,0.6000000000000001,0.0,0.2,0.14310816465616227,0.8568918353438377
opencv_text,captcha_image,hard,0.2,0.6000000000000001,0.0,0.2,0.12987423615455632,0.8701257638454437
opencv_text,opencv_text,clean,0.2,0.6000000000000001,0.0,0.2,0.7999623350143434,0.20003766498565656
opencv_text,opencv_text,easy,0.2,0.6000000000000001,0.0,0.2,0.799529627219836,0.200470372780164
opencv_text,opencv_text,medium,0.2,0.6000000000000001,0.0,0.2,0.7986723788738251,0.20132762112617486
opencv_text,opencv_text,hard,0.2,0.6000000000000001,0.0,0.2,0.7286578907092414,0.27134210929075864
opencv_text,pil_controlled,clean,0.2,0.6000000000000001,0.0,0.2,0.25818915976683304,0.7418108402331669
opencv_text,pil_controlled,easy,0.2,0.6000000000000001,0.0,0.2,0.2308745494047801,0.7691254505952199
opencv_text,pil_controlled,medium,0.2,0.6000000000000001,0.0,0.2,0.2336938207864761,0.766306179213524
opencv_text,pil_controlled,hard,0.2,0.6000000000000001,0.0,0.2,0.2033840631246567,0.7966159368753433
opencv_text,wand_text,clean,0.2,0.6000000000000001,0.0,0.2,0.1267099955240886,0.8732900044759114
opencv_text,wand_text,easy,0.2,0.6000000000000001,0.0,0.2,0.12110206096569698,0.878897939034303
opencv_text,wand_text,medium,0.2,0.6000000000000001,0.0,0.2,0.10474413207372026,0.8952558679262798
opencv_text,wand_text,hard,0.2,0.6000000000000001,0.0,0.2,0.1043043152650197,0.8956956847349803
pil_controlled,captcha_image,clean,0.2,0.6000000000000001,0.0,0.2,0.12623709949254994,0.8737629005074501
pil_controlled,captcha_image,easy,0.2,0.6000000000000001,0.0,0.2,0.13155047105550766,0.8684495289444923
pil_controlled,captcha_image,medium,0.2,0.6000000000000001,0.0,0.2,0.13889389542341235,0.8611061045765876
pil_controlled,captcha_image,hard,0.2,0.6000000000000001,0.0,0.2,0.14190061233043674,0.8580993876695633
pil_controlled,opencv_text,clean,0.2,0.6000000000000001,0.0,0.2,0.576961628985405,0.42303837101459496
pil_controlled,opencv_text,easy,0.2,0.6000000000000001,0.0,0.2,0.5788680839776994,0.4211319160223006
pil_controlled,opencv_text,medium,0.2,0.6000000000000001,0.0,0.2,0.5108726630290351,0.4891273369709649
pil_controlled,opencv_text,hard,0.2,0.6000000000000001,0.0,0.2,0.3859451816558838,0.6140548183441161
pil_controlled,pil_controlled,clean,0.2,0.6000000000000001,0.0,0.2,0.7983097785790763,0.20169022142092374
pil_controlled,pil_controlled,easy,0.2,0.6000000000000001,0.0,0.2,0.7906682167291642,0.2093317832708358
pil_controlled,pil_controlled,medium,0.2,0.6000000000000001,0.0,0.2,0.7827045619328818,0.21729543806711815
pil_controlled,pil_controlled,hard,0.2,0.6000000000000001,0.0,0.2,0.6961328155517579,0.3038671844482421
pil_controlled,wand_text,clean,0.2,0.6000000000000001,0.0,0.2,0.26450839530626935,0.7354916046937306
pil_controlled,wand_text,easy,0.2,0.6000000000000001,0.0,0.2,0.21652646566629413,0.7834735343337058
pil_controlled,wand_text,medium,0.2,0.6000000000000001,0.0,0.2,0.14213586285909022,0.8578641371409098
pil_controlled,wand_text,hard,0.2,0.6000000000000001,0.0,0.2,0.12825833403666811,0.8717416659633319
wand_text,captcha_image,clean,0.2,0.6000000000000001,0.0,0.2,0.24917332152128227,0.7508266784787178
wand_text,captcha_image,easy,0.2,0.6000000000000001,0.0,0.2,0.2603591564536095,0.7396408435463905
wand_text,captcha_image,medium,0.2,0.6000000000000001,0.0,0.2,0.26993585392236713,0.7300641460776329
wand_text,captcha_image,hard,0.2,0.6000000000000001,0.0,0.2,0.2648347545146943,0.7351652454853057
wand_text,opencv_text,clean,0.2,0.6000000000000001,0.0,0.2,0.3669448280175527,0.6330551719824473
wand_text,opencv_text,easy,0.2,0.6000000000000001,0.0,0.2,0.34485217971007026,0.6551478202899297
wand_text,opencv_text,medium,0.2,0.6000000000000001,0.0,0.2,0.3374843759258589,0.6625156240741411
wand_text,opencv_text,hard,0.2,0.6000000000000001,0.0,0.2,0.30397775093317037,0.6960222490668296
wand_text,pil_controlled,clean,0.2,0.6000000000000001,0.0,0.2,0.6009378091812135,0.39906219081878647
wand_text,pil_controlled,easy,0.2,0.6000000000000001,0.0,0.2,0.6423061023871105,0.3576938976128895
wand_text,pil_controlled,medium,0.2,0.6000000000000001,0.0,0.2,0.6010693044344585,0.3989306955655415
wand_text,pil_controlled,hard,0.2,0.6000000000000001,0.0,0.2,0.5302750977079074,0.4697249022920926
wand_text,wand_text,clean,0.2,0.6000000000000001,0.0,0.2,0.5231212073047956,0.4768787926952044
wand_text,wand_text,easy,0.2,0.6000000000000001,0.0,0.2,0.5276784610907237,0.4723215389092763
wand_text,wand_text,medium,0.2,0.6000000000000001,0.0,0.2,0.38355775275826465,0.6164422472417354
wand_text,wand_text,hard,0.2,0.6000000000000001,0.0,0.2,0.36689877347151445,0.6331012265284856
captcha_image,captcha_image,clean,0.2,0.6000000000000001,0.2,0.0,0.29751209228833525,0.7024879077116648
captcha_image,captcha_image,easy,0.2,0.6000000000000001,0.2,0.0,0.2969740916947524,0.7030259083052476
captcha_image,captcha_image,medium,0.2,0.6000000000000001,0.2,0.0,0.2847533127109211,0.7152466872890789
captcha_image,captcha_image,hard,0.2,0.6000000000000001,0.2,0.0,0.27158232770562174,0.7284176722943783
captcha_image,opencv_text,clean,0.2,0.6000000000000001,0.2,0.0,0.3128280969023705,0.6871719030976295
captcha_image,opencv_text,easy,0.2,0.6000000000000001,0.2,0.0,0.3051889122962952,0.6948110877037048
captcha_image,opencv_text,medium,0.2,0.6000000000000001,0.2,0.0,0.3051794174889725,0.6948205825110275
captcha_image,opencv_text,hard,0.2,0.6000000000000001,0.2,0.0,0.30005851311087617,0.6999414868891238
captcha_image,pil_controlled,clean,0.2,0.6000000000000001,0.2,0.0,0.28102514557242403,0.718974854427576
captcha_image,pil_controlled,easy,0.2,0.6000000000000001,0.2,0.0,0.270606375883023,0.729393624116977
captcha_image,pil_controlled,medium,0.2,0.6000000000000001,0.2,0.0,0.26782243006428086,0.7321775699357191
captcha_image,pil_controlled,hard,0.2,0.6000000000000001,0.2,0.0,0.2684489734133086,0.7315510265866914
captcha_image,wand_text,clean,0.2,0.6000000000000001,0.2,0.0,0.276002217656374,0.723997782343626
captcha_image,wand_text,easy,0.2,0.6000000000000001,0.2,0.0,0.26230067515174554,0.7376993248482544
captcha_image,wand_text,medium,0.2,0.6000000000000001,0.2,0.0,0.22026491923034203,0.7797350807696579
captcha_image,wand_text,hard,0.2,0.6000000000000001,0.2,0.0,0.19046877784381322,0.8095312221561868
opencv_text,captcha_image,clean,0.2,0.6000000000000001,0.2,0.0,0.11600621500462291,0.8839937849953771
opencv_text,captcha_image,easy,0.2,0.6000000000000001,0.2,0.0,0.10992677350516122,0.8900732264948388
opencv_text,captcha_image,medium,0.2,0.6000000000000001,0.2,0.0,0.1106865367698949,0.8893134632301051
opencv_text,captcha_image,hard,0.2,0.6000000000000001,0.2,0.0,0.1004024339517579,0.8995975660482421
opencv_text,opencv_text,clean,0.2,0.6000000000000001,0.2,0.0,0.7999326971602508,0.20006730283974916
opencv_text,opencv_text,easy,0.2,0.6000000000000001,0.2,0.0,0.7994978206659733,0.2005021793340267
opencv_text,opencv_text,medium,0.2,0.6000000000000001,0.2,0.0,0.7985326174611075,0.20146738253889251
opencv_text,opencv_text,hard,0.2,0.6000000000000001,0.2,0.0,0.7263299348801305,0.27367006511986947
opencv_text,pil_controlled,clean,0.2,0.6000000000000001,0.2,0.0,0.24726306049689598,0.752736939503104
opencv_text,pil_controlled,easy,0.2,0.6000000000000001,0.2,0.0,0.22012698055440724,0.7798730194455927
opencv_text,pil_controlled,medium,0.2,0.6000000000000001,0.2,0.0,0.2227650350046271,0.7772349649953729
opencv_text,pil_controlled,hard,0.2,0.6000000000000001,0.2,0.0,0.19132282020503,0.80867717979497
opencv_text,wand_text,clean,0.2,0.6000000000000001,0.2,0.0,0.10346750893153568,0.8965324910684643
opencv_text,wand_text,easy,0.2,0.6000000000000001,0.2,0.0,0.09792550294108225,0.9020744970589177
opencv_text,wand_text,medium,0.2,0.6000000000000001,0.2,0.0,0.08182455239224555,0.9181754476077545
opencv_text,wand_text,hard,0.2,0.6000000000000001,0.2,0.0,0.08186301159744809,0.9181369884025519
pil_controlled,captcha_image,clean,0.2,0.6000000000000001,0.2,0.0,0.09644800950418386,0.9035519904958161
pil_controlled,captcha_image,easy,0.2,0.6000000000000001,0.2,0.0,0.10055455131717028,0.8994454486828297
pil_controlled,captcha_image,medium,0.2,0.6000000000000001,0.2,0.0,0.10610333256845678,0.8938966674315432
pil_controlled,captcha_image,hard,0.2,0.6000000000000001,0.2,0.0,0.10870075858955586,0.8912992414104441
pil_controlled,opencv_text,clean,0.2,0.6000000000000001,0.2,0.0,0.572310312513884,0.427689687486116
pil_controlled,opencv_text,easy,0.2,0.6000000000000001,0.2,0.0,0.5742456178640849,0.4257543821359151
pil_controlled,opencv_text,medium,0.2,0.6000000000000001,0.2,0.0,0.5041570952384635,0.4958429047615365
pil_controlled,opencv_text,hard,0.2,0.6000000000000001,0.2,0.0,0.3738470269388374,0.6261529730611626
pil_controlled,pil_controlled,clean,0.2,0.6000000000000001,0.2,0.0,0.7979516075924687,0.20204839240753125
pil_controlled,pil_controlled,easy,0.2,0.6000000000000001,0.2,0.0,0.7901408231299126,0.20985917687008737
pil_controlled,pil_controlled,medium,0.2,0.6000000000000001,0.2,0.0,0.7815059768916807,0.21849402310831934
pil_controlled,pil_controlled,hard,0.2,0.6000000000000001,0.2,0.0,0.6919695419745793,0.30803045802542073
pil_controlled,wand_text,clean,0.2,0.6000000000000001,0.2,0.0,0.24498594893811584,0.7550140510618841
pil_controlled,wand_text,easy,0.2,0.6000000000000001,0.2,0.0,0.19377363114478943,0.8062263688552106
pil_controlled,wand_text,medium,0.2,0.6000000000000001,0.2,0.0,0.11592678099795017,0.8840732190020498
pil_controlled,wand_text,hard,0.2,0.6000000000000001,0.2,0.0,0.10158215192956847,0.8984178480704316
wand_text,captcha_image,clean,0.2,0.6000000000000001,0.2,0.0,0.19042012263238436,0.8095798773676156
wand_text,captcha_image,easy,0.2,0.6000000000000001,0.2,0.0,0.19690769889950757,0.8030923011004925
wand_text,captcha_image,medium,0.2,0.6000000000000001,0.2,0.0,0.20342939279675487,0.7965706072032451
wand_text,captcha_image,hard,0.2,0.6000000000000001,0.2,0.0,0.20094228344559678,0.7990577165544033
wand_text,opencv_text,clean,0.2,0.6000000000000001,0.2,0.0,0.32908513981203236,0.6709148601879676
wand_text,opencv_text,easy,0.2,0.6000000000000001,0.2,0.0,0.3088402969693144,0.6911597030306855
wand_text,opencv_text,medium,0.2,0.6000000000000001,0.2,0.0,0.29887999408021576,0.7011200059197842
wand_text,opencv_text,hard,0.2,0.6000000000000001,0.2,0.0,0.2562755952124795,0.7437244047875204
wand_text,pil_controlled,clean,0.2,0.6000000000000001,0.2,0.0,0.5746354425971708,0.4253645574028292
wand_text,pil_controlled,easy,0.2,0.6000000000000001,0.2,0.0,0.6169856805106005,0.38301431948939946
wand_text,pil_controlled,medium,0.2,0.6000000000000001,0.2,0.0,0.5733670388077697,0.42663296119223026
wand_text,pil_controlled,hard,0.2,0.6000000000000001,0.2,0.0,0.49431258841504655,0.5056874115849535
wand_text,wand_text,clean,0.2,0.6000000000000001,0.2,0.0,0.48918089815403026,0.5108191018459698
wand_text,wand_text,easy,0.2,0.6000000000000001,0.2,0.0,0.4921494564692179,0.5078505435307821
wand_text,wand_text,medium,0.2,0.6000000000000001,0.2,0.0,0.3255651405066253,0.6744348594933747
wand_text,wand_text,hard,0.2,0.6000000000000001,0.2,0.0,0.27834684869299336,0.7216531513070066
captcha_image,captcha_image,clean,0.2,0.8,0.0,0.0,0.5405140552123389,0.45948594478766114
captcha_image,captcha_image,easy,0.2,0.8,0.0,0.0,0.5401208539009096,0.4598791460990904
captcha_image,captcha_image,medium,0.2,0.8,0.0,0.0,0.5255722816387813,0.47442771836121866
captcha_image,captcha_image,hard,0.2,0.8,0.0,0.0,0.5101360748529434,0.48986392514705657
captcha_image,opencv_text,clean,0.2,0.8,0.0,0.0,0.5871061977704366,0.4128938022295634
captcha_image,opencv_text,easy,0.2,0.8,0.0,0.0,0.5691197179079055,0.4308802820920945
captcha_image,opencv_text,medium,0.2,0.8,0.0,0.0,0.55989313779672,0.44010686220328
captcha_image,opencv_text,hard,0.2,0.8,0.0,0.0,0.5404778478225073,0.4595221521774927
captcha_image,pil_controlled,clean,0.2,0.8,0.0,0.0,0.5343136348168055,0.4656863651831945
captcha_image,pil_controlled,easy,0.2,0.8,0.0,0.0,0.5111971032222112,0.48880289677778876
captcha_image,pil_controlled,medium,0.2,0.8,0.0,0.0,0.5006041507720947,0.49939584922790525
captcha_image,pil_controlled,hard,0.2,0.8,0.0,0.0,0.49171359440485646,0.5082864055951435
captcha_image,wand_text,clean,0.2,0.8,0.0,0.0,0.528147579185168,0.47185242081483203
captcha_image,wand_text,easy,0.2,0.8,0.0,0.0,0.4984070112864177,0.5015929887135824
captcha_image,wand_text,medium,0.2,0.8,0.0,0.0,0.41615696097215027,0.5838430390278497
captcha_image,wand_text,hard,0.2,0.8,0.0,0.0,0.35929175688425713,0.6407082431157429
opencv_text,captcha_image,clean,0.2,0.8,0.0,0.0,0.20154491717020662,0.7984550828297934
opencv_text,captcha_image,easy,0.2,0.8,0.0,0.0,0.19051961676279705,0.809480383237203
opencv_text,captcha_image,medium,0.2,0.8,0.0,0.0,0.19081088620821635,0.8091891137917837
opencv_text,captcha_image,hard,0.2,0.8,0.0,0.0,0.17316564820607505,0.826834351793925
opencv_text,opencv_text,clean,0.2,0.8,0.0,0.0,0.9999497800191244,5.021998087562096e-05
opencv_text,opencv_text,easy,0.2,0.8,0.0,0.0,0.9994172807375591,0.0005827192624409117
opencv_text,opencv_text,medium,0.2,0.8,0.0,0.0,0.9983631718317668,0.0016368281682331842
opencv_text,opencv_text,hard,0.2,0.8,0.0,0.0,0.9116327431678772,0.08836725683212276
opencv_text,pil_controlled,clean,0.2,0.8,0.0,0.0,0.32682999080022185,0.6731700091997781
opencv_text,pil_controlled,easy,0.2,0.8,0.0,0.0,0.29267717698415124,0.7073228230158488
opencv_text,pil_controlled,medium,0.2,0.8,0.0,0.0,0.2962584277153014,0.7037415722846986
opencv_text,pil_controlled,hard,0.2,0.8,0.0,0.0,0.2587787508328756,0.7412212491671244
opencv_text,wand_text,clean,0.2,0.8,0.0,0.0,0.1668577718098959,0.8331422281901041
opencv_text,wand_text,easy,0.2,0.8,0.0,0.0,0.15991385906537373,0.8400861409346263
opencv_text,wand_text,medium,0.2,0.8,0.0,0.0,0.13934773165384923,0.8606522683461508
opencv_text,wand_text,hard,0.2,0.8,0.0,0.0,0.13876130924224847,0.8612386907577515
pil_controlled,captcha_image,clean,0.2,0.8,0.0,0.0,0.16831613265673326,0.8316838673432667
pil_controlled,captcha_image,easy,0.2,0.8,0.0,0.0,0.1754006280740102,0.8245993719259899
pil_controlled,captcha_image,medium,0.2,0.8,0.0,0.0,0.18519186056454978,0.8148081394354503
pil_controlled,captcha_image,hard,0.2,0.8,0.0,0.0,0.1892008164405823,0.8107991835594177
pil_controlled,opencv_text,clean,0.2,0.8,0.0,0.0,0.72288217198054,0.27711782801946006
pil_controlled,opencv_text,easy,0.2,0.8,0.0,0.0,0.7252907786369325,0.2747092213630675
pil_controlled,opencv_text,medium,0.2,0.8,0.0,0.0,0.6411191062609356,0.3588808937390644
pil_controlled,opencv_text,hard,0.2,0.8,0.0,0.0,0.4868602422078451,0.5131397577921549
pil_controlled,pil_controlled,clean,0.2,0.8,0.0,0.0,0.9979685936609904,0.002031406339009556
pil_controlled,pil_controlled,easy,0.2,0.8,0.0,0.0,0.9884909556388856,0.01150904436111444
pil_controlled,pil_controlled,medium,0.2,0.8,0.0,0.0,0.9787616381327312,0.021238361867268796
pil_controlled,pil_controlled,hard,0.2,0.8,0.0,0.0,0.8716437540690104,0.1283562459309896
pil_controlled,wand_text,clean,0.2,0.8,0.0,0.0,0.33765563818613686,0.6623443618138631
pil_controlled,wand_text,easy,0.2,0.8,0.0,0.0,0.2788352875550588,0.7211647124449412
pil_controlled,wand_text,medium,0.2,0.8,0.0,0.0,0.18707003936767583,0.8129299606323241
pil_controlled,wand_text,hard,0.2,0.8,0.0,0.0,0.1699000009377797,0.8300999990622203
wand_text,captcha_image,clean,0.2,0.8,0.0,0.0,0.33223109536170964,0.6677689046382904
wand_text,captcha_image,easy,0.2,0.8,0.0,0.0,0.347145541938146,0.652854458061854
wand_text,captcha_image,medium,0.2,0.8,0.0,0.0,0.3599144718964895,0.6400855281035105
wand_text,captcha_image,hard,0.2,0.8,0.0,0.0,0.35311300601959233,0.6468869939804076
wand_text,opencv_text,clean,0.2,0.8,0.0,0.0,0.4708153262456258,0.5291846737543742
wand_text,opencv_text,easy,0.2,0.8,0.0,0.0,0.4427806840578714,0.5572193159421286
wand_text,opencv_text,medium,0.2,0.8,0.0,0.0,0.43446805679003403,0.5655319432099659
wand_text,opencv_text,hard,0.2,0.8,0.0,0.0,0.3953036679108938,0.6046963320891062
wand_text,pil_controlled,clean,0.2,0.8,0.0,0.0,0.7595170789082846,0.24048292109171543
wand_text,pil_controlled,easy,0.2,0.8,0.0,0.0,0.8108525809605918,0.18914741903940824
wand_text,pil_controlled,medium,0.2,0.8,0.0,0.0,0.7601368503570558,0.2398631496429442
wand_text,pil_controlled,hard,0.2,0.8,0.0,0.0,0.6742779080549877,0.32572209194501234
wand_text,wand_text,clean,0.2,0.8,0.0,0.0,0.6647838319619497,0.3352161680380503
wand_text,wand_text,easy,0.2,0.8,0.0,0.0,0.670949059232076,0.32905094076792396
wand_text,wand_text,medium,0.2,0.8,0.0,0.0,0.49754367034435276,0.5024563296556472
wand_text,wand_text,hard,0.2,0.8,0.0,0.0,0.48457614240646363,0.5154238575935364
captcha_image,captcha_image,clean,0.4,0.0,0.0,0.6000000000000001,0.02213333333333332,0.9778666666666667
captcha_image,captcha_image,easy,0.4,0.0,0.0,0.6000000000000001,0.0216,0.9784
captcha_image,captcha_image,medium,0.4,0.0,0.0,0.6000000000000001,0.0144,0.9856
captcha_image,captcha_image,hard,0.4,0.0,0.0,0.6000000000000001,0.0072,0.9928
captcha_image,opencv_text,clean,0.4,0.0,0.0,0.6000000000000001,0.0144,0.9856
captcha_image,opencv_text,easy,0.4,0.0,0.0,0.6000000000000001,0.01466666666666664,0.9853333333333334
captcha_image,opencv_text,medium,0.4,0.0,0.0,0.6000000000000001,0.019200000000000002,0.9808
captcha_image,opencv_text,hard,0.4,0.0,0.0,0.6000000000000001,0.02373333333333332,0.9762666666666667
captcha_image,pil_controlled,clean,0.4,0.0,0.0,0.6000000000000001,0.0029333333333333204,0.9970666666666667
captcha_image,pil_controlled,easy,0.4,0.0,0.0,0.6000000000000001,0.0029333333333333204,0.9970666666666667
captcha_image,pil_controlled,medium,0.4,0.0,0.0,0.6000000000000001,0.005866666666666641,0.9941333333333333
captcha_image,pil_controlled,hard,0.4,0.0,0.0,0.6000000000000001,0.012,0.988
captcha_image,wand_text,clean,0.4,0.0,0.0,0.6000000000000001,0.00026666666666664,0.9997333333333334
captcha_image,wand_text,easy,0.4,0.0,0.0,0.6000000000000001,0.00053333333333332,0.9994666666666667
captcha_image,wand_text,medium,0.4,0.0,0.0,0.6000000000000001,0.0008,0.9992
captcha_image,wand_text,hard,0.4,0.0,0.0,0.6000000000000001,0.0008,0.9992
opencv_text,captcha_image,clean,0.4,0.0,0.0,0.6000000000000001,0.0,1.0
opencv_text,captcha_image,easy,0.4,0.0,0.0,0.6000000000000001,0.0,1.0
opencv_text,captcha_image,medium,0.4,0.0,0.0,0.6000000000000001,0.0,1.0
opencv_text,captcha_image,hard,0.4,0.0,0.0,0.6000000000000001,0.0,1.0
opencv_text,opencv_text,clean,0.4,0.0,0.0,0.6000000000000001,0.4,0.6
opencv_text,opencv_text,easy,0.4,0.0,0.0,0.6000000000000001,0.3997333333333333,0.6002666666666667
opencv_text,opencv_text,medium,0.4,0.0,0.0,0.6000000000000001,0.3992,0.6008
opencv_text,opencv_text,hard,0.4,0.0,0.0,0.6000000000000001,0.35946666666666666,0.6405333333333334
opencv_text,pil_controlled,clean,0.4,0.0,0.0,0.6000000000000001,0.10453333333333333,0.8954666666666666
opencv_text,pil_controlled,easy,0.4,0.0,0.0,0.6000000000000001,0.09093333333333332,0.9090666666666667
opencv_text,pil_controlled,medium,0.4,0.0,0.0,0.6000000000000001,0.09200000000000001,0.908
opencv_text,pil_controlled,hard,0.4,0.0,0.0,0.6000000000000001,0.07440000000000001,0.9256
opencv_text,wand_text,clean,0.4,0.0,0.0,0.6000000000000001,0.012533333333333322,0.9874666666666667
opencv_text,wand_text,easy,0.4,0.0,0.0,0.6000000000000001,0.00933333333333332,0.9906666666666667
opencv_text,wand_text,medium,0.4,0.0,0.0,0.6000000000000001,0.0018666666666666402,0.9981333333333333
opencv_text,wand_text,hard,0.4,0.0,0.0,0.6000000000000001,0.0018666666666666402,0.9981333333333333
pil_controlled,captcha_image,clean,0.4,0.0,0.0,0.6000000000000001,0.0,1.0
pil_controlled,captcha_image,easy,0.4,0.0,0.0,0.6000000000000001,0.0,1.0
pil_controlled,captcha_image,medium,0.4,0.0,0.0,0.6000000000000001,0.0,1.0
pil_controlled,captcha_image,hard,0.4,0.0,0.0,0.6000000000000001,0.0,1.0
pil_controlled,opencv_text,clean,0.4,0.0,0.0,0.6000000000000001,0.2784,0.7216
pil_controlled,opencv_text,easy,0.4,0.0,0.0,0.6000000000000001,0.2792,0.7208
pil_controlled,opencv_text,medium,0.4,0.0,0.0,0.6000000000000001,0.24026666666666668,0.7597333333333334
pil_controlled,opencv_text,hard,0.4,0.0,0.0,0.6000000000000001,0.1664,0.8336
pil_controlled,pil_controlled,clean,0.4,0.0,0.0,0.6000000000000001,0.3986666666666667,0.6013333333333333
pil_controlled,pil_controlled,easy,0.4,0.0,0.0,0.6000000000000001,0.39440000000000003,0.6055999999999999
pil_controlled,pil_controlled,medium,0.4,0.0,0.0,0.6000000000000001,0.3890666666666667,0.6109333333333333
pil_controlled,pil_controlled,hard,0.4,0.0,0.0,0.6000000000000001,0.3392,0.6608
pil_controlled,wand_text,clean,0.4,0.0,0.0,0.6000000000000001,0.09013333333333333,0.9098666666666667
pil_controlled,wand_text,easy,0.4,0.0,0.0,0.6000000000000001,0.0592,0.9408
pil_controlled,wand_text,medium,0.4,0.0,0.0,0.6000000000000001,0.01466666666666664,0.9853333333333334
pil_controlled,wand_text,hard,0.4,0.0,0.0,0.6000000000000001,0.00666666666666664,0.9933333333333334
wand_text,captcha_image,clean,0.4,0.0,0.0,0.6000000000000001,0.0,1.0
wand_text,captcha_image,easy,0.4,0.0,0.0,0.6000000000000001,0.0,1.0
wand_text,captcha_image,medium,0.4,0.0,0.0,0.6000000000000001,0.0,1.0
wand_text,captcha_image,hard,0.4,0.0,0.0,0.6000000000000001,0.0,1.0
wand_text,opencv_text,clean,0.4,0.0,0.0,0.6000000000000001,0.11066666666666665,0.8893333333333333
wand_text,opencv_text,easy,0.4,0.0,0.0,0.6000000000000001,0.10213333333333333,0.8978666666666667
wand_text,opencv_text,medium,0.4,0.0,0.0,0.6000000000000001,0.09306666666666664,0.9069333333333334
wand_text,opencv_text,hard,0.4,0.0,0.0,0.6000000000000001,0.06,0.94
wand_text,pil_controlled,clean,0.4,0.0,0.0,0.6000000000000001,0.2504,0.7496
wand_text,pil_controlled,easy,0.4,0.0,0.0,0.6000000000000001,0.2733333333333334,0.7266666666666666
wand_text,pil_controlled,medium,0.4,0.0,0.0,0.6000000000000001,0.24773333333333333,0.7522666666666666
wand_text,pil_controlled,hard,0.4,0.0,0.0,0.6000000000000001,0.19653333333333334,0.8034666666666667
wand_text,wand_text,clean,0.4,0.0,0.0,0.6000000000000001,0.19626666666666664,0.8037333333333334
wand_text,wand_text,easy,0.4,0.0,0.0,0.6000000000000001,0.19573333333333331,0.8042666666666667
wand_text,wand_text,medium,0.4,0.0,0.0,0.6000000000000001,0.0832,0.9168000000000001
wand_text,wand_text,hard,0.4,0.0,0.0,0.6000000000000001,0.02773333333333332,0.9722666666666667
captcha_image,captcha_image,clean,0.4,0.0,0.2,0.4,0.0,1.0
captcha_image,captcha_image,easy,0.4,0.0,0.2,0.4,0.0,1.0
captcha_image,captcha_image,medium,0.4,0.0,0.2,0.4,0.0,1.0
captcha_image,captcha_image,hard,0.4,0.0,0.2,0.4,0.0,1.0
captcha_image,opencv_text,clean,0.4,0.0,0.2,0.4,0.0,1.0
captcha_image,opencv_text,easy,0.4,0.0,0.2,0.4,0.0,1.0
captcha_image,opencv_text,medium,0.4,0.0,0.2,0.4,0.0,1.0
captcha_image,opencv_text,hard,0.4,0.0,0.2,0.4,0.0,1.0
captcha_image,pil_controlled,clean,0.4,0.0,0.2,0.4,0.0,1.0
captcha_image,pil_controlled,easy,0.4,0.0,0.2,0.4,0.0,1.0
captcha_image,pil_controlled,medium,0.4,0.0,0.2,0.4,0.0,1.0
captcha_image,pil_controlled,hard,0.4,0.0,0.2,0.4,0.0,1.0
captcha_image,wand_text,clean,0.4,0.0,0.2,0.4,0.0,1.0
captcha_image,wand_text,easy,0.4,0.0,0.2,0.4,0.0,1.0
captcha_image,wand_text,medium,0.4,0.0,0.2,0.4,0.0,1.0
captcha_image,wand_text,hard,0.4,0.0,0.2,0.4,0.0,1.0
opencv_text,captcha_image,clean,0.4,0.0,0.2,0.4,0.0,1.0
opencv_text,captcha_image,easy,0.4,0.0,0.2,0.4,0.0,1.0
opencv_text,captcha_image,medium,0.4,0.0,0.2,0.4,0.0,1.0
opencv_text,captcha_image,hard,0.4,0.0,0.2,0.4,0.0,1.0
opencv_text,opencv_text,clean,0.4,0.0,0.2,0.4,0.3999703621459074,0.6000296378540926
opencv_text,opencv_text,easy,0.4,0.0,0.2,0.4,0.3997015267794705,0.6002984732205294
opencv_text,opencv_text,medium,0.4,0.0,0.2,0.4,0.3990602385872823,0.6009397614127177
opencv_text,opencv_text,hard,0.4,0.0,0.2,0.4,0.35713871083755583,0.6428612891624441
opencv_text,pil_controlled,clean,0.4,0.0,0.2,0.4,0.09360723406339627,0.9063927659366038
opencv_text,pil_controlled,easy,0.4,0.0,0.2,0.4,0.08018576448296044,0.9198142355170396
opencv_text,pil_controlled,medium,0.4,0.0,0.2,0.4,0.08107121421815101,0.918928785781849
opencv_text,pil_controlled,hard,0.4,0.0,0.2,0.4,0.062338757080373286,0.9376612429196267
opencv_text,wand_text,clean,0.4,0.0,0.2,0.4,0.0,1.0
opencv_text,wand_text,easy,0.4,0.0,0.2,0.4,0.0,1.0
opencv_text,wand_text,medium,0.4,0.0,0.2,0.4,0.0,1.0
opencv_text,wand_text,hard,0.4,0.0,0.2,0.4,0.0,1.0
pil_controlled,captcha_image,clean,0.4,0.0,0.2,0.4,0.0,1.0
pil_controlled,captcha_image,easy,0.4,0.0,0.2,0.4,0.0,1.0
pil_controlled,captcha_image,medium,0.4,0.0,0.2,0.4,0.0,1.0
pil_controlled,captcha_image,hard,0.4,0.0,0.2,0.4,0.0,1.0
pil_controlled,opencv_text,clean,0.4,0.0,0.2,0.4,0.2737486835284789,0.7262513164715211
pil_controlled,opencv_text,easy,0.4,0.0,0.2,0.4,0.27457753388638545,0.7254224661136146
pil_controlled,opencv_text,medium,0.4,0.0,0.2,0.4,0.2335510988760951,0.7664489011239048
pil_controlled,opencv_text,hard,0.4,0.0,0.2,0.4,0.1543018452829536,0.8456981547170463
pil_controlled,pil_controlled,clean,0.4,0.0,0.2,0.4,0.3983084956800592,0.6016915043199408
pil_controlled,pil_controlled,easy,0.4,0.0,0.2,0.4,0.39387260640074845,0.6061273935992515
pil_controlled,pil_controlled,medium,0.4,0.0,0.2,0.4,0.38786808162546554,0.6121319183745344
pil_controlled,pil_controlled,hard,0.4,0.0,0.2,0.4,0.33503672642282134,0.6649632735771787
pil_controlled,wand_text,clean,0.4,0.0,0.2,0.4,0.07061088696517982,0.9293891130348202
pil_controlled,wand_text,easy,0.4,0.0,0.2,0.4,0.0364471654784953,0.9635528345215048
pil_controlled,wand_text,medium,0.4,0.0,0.2,0.4,0.0,1.0
pil_controlled,wand_text,hard,0.4,0.0,0.2,0.4,0.0,1.0
wand_text,captcha_image,clean,0.4,0.0,0.2,0.4,0.0,1.0
wand_text,captcha_image,easy,0.4,0.0,0.2,0.4,0.0,1.0
wand_text,captcha_image,medium,0.4,0.0,0.2,0.4,0.0,1.0
wand_text,captcha_image,hard,0.4,0.0,0.2,0.4,0.0,1.0
wand_text,opencv_text,clean,0.4,0.0,0.2,0.4,0.07280697846114635,0.9271930215388536
wand_text,opencv_text,easy,0.4,0.0,0.2,0.4,0.06612145059257746,0.9338785494074225
wand_text,opencv_text,medium,0.4,0.0,0.2,0.4,0.05446228482102352,0.9455377151789764
wand_text,opencv_text,hard,0.4,0.0,0.2,0.4,0.012297844279309113,0.9877021557206909
wand_text,pil_controlled,clean,0.4,0.0,0.2,0.4,0.22409763341595731,0.7759023665840427
wand_text,pil_controlled,easy,0.4,0.0,0.2,0.4,0.2480129114568234,0.7519870885431766
wand_text,pil_controlled,medium,0.4,0.0,0.2,0.4,0.22003106770664455,0.7799689322933554
wand_text,pil_controlled,hard,0.4,0.0,0.2,0.4,0.16057082404047252,0.8394291759595275
wand_text,wand_text,clean,0.4,0.0,0.2,0.4,0.1623263575159013,0.8376736424840987
wand_text,wand_text,easy,0.4,0.0,0.2,0.4,0.16020432871182758,0.8397956712881725
wand_text,wand_text,medium,0.4,0.0,0.2,0.4,0.025207387748360628,0.9747926122516394
wand_text,wand_text,hard,0.4,0.0,0.2,0.4,0.0,1.0
captcha_image,captcha_image,clean,0.4,0.0,0.4,0.2,0.0,1.0
captcha_image,captcha_image,easy,0.4,0.0,0.4,0.2,0.0,1.0
captcha_image,captcha_image,medium,0.4,0.0,0.4,0.2,0.0,1.0
captcha_image,captcha_image,hard,0.4,0.0,0.4,0.2,0.0,1.0
captcha_image,opencv_text,clean,0.4,0.0,0.4,0.2,0.0,1.0
captcha_image,opencv_text,easy,0.4,0.0,0.4,0.2,0.0,1.0
captcha_image,opencv_text,medium,0.4,0.0,0.4,0.2,0.0,1.0
captcha_image,opencv_text,hard,0.4,0.0,0.4,0.2,0.0,1.0
captcha_image,pil_controlled,clean,0.4,0.0,0.4,0.2,0.0,1.0
captcha_image,pil_controlled,easy,0.4,0.0,0.4,0.2,0.0,1.0
captcha_image,pil_controlled,medium,0.4,0.0,0.4,0.2,0.0,1.0
captcha_image,pil_controlled,hard,0.4,0.0,0.4,0.2,0.0,1.0
captcha_image,wand_text,clean,0.4,0.0,0.4,0.2,0.0,1.0
captcha_image,wand_text,easy,0.4,0.0,0.4,0.2,0.0,1.0
captcha_image,wand_text,medium,0.4,0.0,0.4,0.2,0.0,1.0
captcha_image,wand_text,hard,0.4,0.0,0.4,0.2,0.0,1.0
opencv_text,captcha_image,clean,0.4,0.0,0.4,0.2,0.0,1.0
opencv_text,captcha_image,easy,0.4,0.0,0.4,0.2,0.0,1.0
opencv_text,captcha_image,medium,0.4,0.0,0.4,0.2,0.0,1.0
opencv_text,captcha_image,hard,0.4,0.0,0.4,0.2,0.0,1.0
opencv_text,opencv_text,clean,0.4,0.0,0.4,0.2,0.39994072429181476,0.6000592757081853
opencv_text,opencv_text,easy,0.4,0.0,0.4,0.2,0.3996697202256078,0.6003302797743921
opencv_text,opencv_text,medium,0.4,0.0,0.4,0.2,0.3989204771745646,0.6010795228254354
opencv_text,opencv_text,hard,0.4,0.0,0.4,0.2,0.354810755008445,0.645189244991555
opencv_text,pil_controlled,clean,0.4,0.0,0.4,0.2,0.0826811347934592,0.9173188652065408
opencv_text,pil_controlled,easy,0.4,0.0,0.4,0.2,0.06943819563258756,0.9305618043674124
opencv_text,pil_controlled,medium,0.4,0.0,0.4,0.2,0.07014242843630202,0.929857571563698
opencv_text,pil_controlled,hard,0.4,0.0,0.4,0.2,0.050277514160746564,0.9497224858392534
opencv_text,wand_text,clean,0.4,0.0,0.4,0.2,0.0,1.0
opencv_text,wand_text,easy,0.4,0.0,0.4,0.2,0.0,1.0
opencv_text,wand_text,medium,0.4,0.0,0.4,0.2,0.0,1.0
opencv_text,wand_text,hard,0.4,0.0,0.4,0.2,0.0,1.0
pil_controlled,captcha_image,clean,0.4,0.0,0.4,0.2,0.0,1.0
pil_controlled,captcha_image,easy,0.4,0.0,0.4,0.2,0.0,1.0
pil_controlled,captcha_image,medium,0.4,0.0,0.4,0.2,0.0,1.0
pil_controlled,captcha_image,hard,0.4,0.0,0.4,0.2,0.0,1.0
pil_controlled,opencv_text,clean,0.4,0.0,0.4,0.2,0.2690973670569578,0.7309026329430421
pil_controlled,opencv_text,easy,0.4,0.0,0.4,0.2,0.2699550677727709,0.7300449322272291
pil_controlled,opencv_text,medium,0.4,0.0,0.4,0.2,0.22683553108552348,0.7731644689144765
pil_controlled,opencv_text,hard,0.4,0.0,0.4,0.2,0.1422036905659072,0.8577963094340928
pil_controlled,pil_controlled,clean,0.4,0.0,0.4,0.2,0.3979503246934517,0.6020496753065483
pil_controlled,pil_controlled,easy,0.4,0.0,0.4,0.2,0.3933452128014969,0.6066547871985031
pil_controlled,pil_controlled,medium,0.4,0.0,0.4,0.2,0.3866694965842643,0.6133305034157357
pil_controlled,pil_controlled,hard,0.4,0.0,0.4,0.2,0.3308734528456427,0.6691265471543573
pil_controlled,wand_text,clean,0.4,0.0,0.4,0.2,0.05108844059702632,0.9489115594029737
pil_controlled,wand_text,easy,0.4,0.0,0.4,0.2,0.013694330956990602,0.9863056690430094
pil_controlled,wand_text,medium,0.4,0.0,0.4,0.2,0.0,1.0
pil_controlled,wand_text,hard,0.4,0.0,0.4,0.2,0.0,1.0
wand_text,captcha_image,clean,0.4,0.0,0.4,0.2,0.0,1.0
wand_text,captcha_image,easy,0.4,0.0,0.4,0.2,0.0,1.0
wand_text,captcha_image,medium,0.4,0.0,0.4,0.2,0.0,1.0
wand_text,captcha_image,hard,0.4,0.0,0.4,0.2,0.0,1.0
wand_text,opencv_text,clean,0.4,0.0,0.4,0.2,0.034947290255626054,0.965052709744374
wand_text,opencv_text,easy,0.4,0.0,0.4,0.2,0.030109567851821603,0.9698904321481784
wand_text,opencv_text,medium,0.4,0.0,0.4,0.2,0.015857902975380395,0.9841420970246196
wand_text,opencv_text,hard,0.4,0.0,0.4,0.2,0.0,1.0
wand_text,pil_controlled,clean,0.4,0.0,0.4,0.2,0.19779526683191462,0.8022047331680854
wand_text,pil_controlled,easy,0.4,0.0,0.4,0.2,0.2226924895803134,0.7773075104196866
wand_text,pil_controlled,medium,0.4,0.0,0.4,0.2,0.19232880207995573,0.8076711979200443
wand_text,pil_controlled,hard,0.4,0.0,0.4,0.2,0.12460831474761169,0.8753916852523883
wand_text,wand_text,clean,0.4,0.0,0.4,0.2,0.12838604836513595,0.871613951634864
wand_text,wand_text,easy,0.4,0.0,0.4,0.2,0.12467532409032184,0.8753246759096782
wand_text,wand_text,medium,0.4,0.0,0.4,0.2,0.0,1.0
wand_text,wand_text,hard,0.4,0.0,0.4,0.2,0.0,1.0
captcha_image,captcha_image,clean,0.4,0.0,0.6000000000000001,0.0,0.0,1.0
captcha_image,captcha_image,easy,0.4,0.0,0.6000000000000001,0.0,0.0,1.0
captcha_image,captcha_image,medium,0.4,0.0,0.6000000000000001,0.0,0.0,1.0
captcha_image,captcha_image,hard,0.4,0.0,0.6000000000000001,0.0,0.0,1.0
captcha_image,opencv_text,clean,0.4,0.0,0.6000000000000001,0.0,0.0,1.0
captcha_image,opencv_text,easy,0.4,0.0,0.6000000000000001,0.0,0.0,1.0
captcha_image,opencv_text,medium,0.4,0.0,0.6000000000000001,0.0,0.0,1.0
captcha_image,opencv_text,hard,0.4,0.0,0.6000000000000001,0.0,0.0,1.0
captcha_image,pil_controlled,clean,0.4,0.0,0.6000000000000001,0.0,0.0,1.0
captcha_image,pil_controlled,easy,0.4,0.0,0.6000000000000001,0.0,0.0,1.0
captcha_image,pil_controlled,medium,0.4,0.0,0.6000000000000001,0.0,0.0,1.0
captcha_image,pil_controlled,hard,0.4,0.0,0.6000000000000001,0.0,0.0,1.0
captcha_image,wand_text,clean,0.4,0.0,0.6000000000000001,0.0,0.0,1.0
captcha_image,wand_text,easy,0.4,0.0,0.6000000000000001,0.0,0.0,1.0
captcha_image,wand_text,medium,0.4,0.0,0.6000000000000001,0.0,0.0,1.0
captcha_image,wand_text,hard,0.4,0.0,0.6000000000000001,0.0,0.0,1.0
opencv_text,captcha_image,clean,0.4,0.0,0.6000000000000001,0.0,0.0,1.0
opencv_text,captcha_image,easy,0.4,0.0,0.6000000000000001,0.0,0.0,1.0
opencv_text,captcha_image,medium,0.4,0.0,0.6000000000000001,0.0,0.0,1.0
opencv_text,captcha_image,hard,0.4,0.0,0.6000000000000001,0.0,0.0,1.0
opencv_text,opencv_text,clean,0.4,0.0,0.6000000000000001,0.0,0.39991108643772216,0.6000889135622778
opencv_text,opencv_text,easy,0.4,0.0,0.6000000000000001,0.0,0.39963791367174506,0.6003620863282549
opencv_text,opencv_text,medium,0.4,0.0,0.6000000000000001,0.0,0.3987807157618469,0.6012192842381531
opencv_text,opencv_text,hard,0.4,0.0,0.6000000000000001,0.0,0.35248279917933417,0.6475172008206658
opencv_text,pil_controlled,clean,0.4,0.0,0.6000000000000001,0.0,0.07175503552352214,0.9282449644764779
opencv_text,pil_controlled,easy,0.4,0.0,0.6000000000000001,0.0,0.058690626782214685,0.9413093732177853
opencv_text,pil_controlled,medium,0.4,0.0,0.6000000000000001,0.0,0.05921364265445301,0.9407863573455469
opencv_text,pil_controlled,hard,0.4,0.0,0.6000000000000001,0.0,0.03821627124111984,0.9617837287588802
opencv_text,wand_text,clean,0.4,0.0,0.6000000000000001,0.0,0.0,1.0
opencv_text,wand_text,easy,0.4,0.0,0.6000000000000001,0.0,0.0,1.0
opencv_text,wand_text,medium,0.4,0.0,0.6000000000000001,0.0,0.0,1.0
opencv_text,wand_text,hard,0.4,0.0,0.6000000000000001,0.0,0.0,1.0
pil_controlled,captcha_image,clean,0.4,0.0,0.6000000000000001,0.0,0.0,1.0
pil_controlled,captcha_image,easy,0.4,0.0,0.6000000000000001,0.0,0.0,1.0
pil_controlled,captcha_image,medium,0.4,0.0,0.6000000000000001,0.0,0.0,1.0
pil_controlled,captcha_image,hard,0.4,0.0,0.6000000000000001,0.0,0.0,1.0
pil_controlled,opencv_text,clean,0.4,0.0,0.6000000000000001,0.0,0.26444605058543674,0.7355539494145633
pil_controlled,opencv_text,easy,0.4,0.0,0.6000000000000001,0.0,0.2653326016591564,0.7346673983408436
pil_controlled,opencv_text,medium,0.4,0.0,0.6000000000000001,0.0,0.22011996329495187,0.7798800367050481
pil_controlled,opencv_text,hard,0.4,0.0,0.6000000000000001,0.0,0.13010553584886078,0.8698944641511392
pil_controlled,pil_controlled,clean,0.4,0.0,0.6000000000000001,0.0,0.3975921537068442,0.6024078462931558
pil_controlled,pil_controlled,easy,0.4,0.0,0.6000000000000001,0.0,0.39281781920224534,0.6071821807977547
pil_controlled,pil_controlled,medium,0.4,0.0,0.6000000000000001,0.0,0.3854709115430631,0.6145290884569369
pil_controlled,pil_controlled,hard,0.4,0.0,0.6000000000000001,0.0,0.326710179268464,0.673289820731536
pil_controlled,wand_text,clean,0.4,0.0,0.6000000000000001,0.0,0.031565994228872817,0.9684340057711271
pil_controlled,wand_text,easy,0.4,0.0,0.6000000000000001,0.0,0.0,1.0
pil_controlled,wand_text,medium,0.4,0.0,0.6000000000000001,0.0,0.0,1.0
pil_controlled,wand_text,hard,0.4,0.0,0.6000000000000001,0.0,0.0,1.0
wand_text,captcha_image,clean,0.4,0.0,0.6000000000000001,0.0,0.0,1.0
wand_text,captcha_image,easy,0.4,0.0,0.6000000000000001,0.0,0.0,1.0
wand_text,captcha_image,medium,0.4,0.0,0.6000000000000001,0.0,0.0,1.0
wand_text,captcha_image,hard,0.4,0.0,0.6000000000000001,0.0,0.0,1.0
wand_text,opencv_text,clean,0.4,0.0,0.6000000000000001,0.0,0.0,1.0
wand_text,opencv_text,easy,0.4,0.0,0.6000000000000001,0.0,0.0,1.0
wand_text,opencv_text,medium,0.4,0.0,0.6000000000000001,0.0,0.0,1.0
wand_text,opencv_text,hard,0.4,0.0,0.6000000000000001,0.0,0.0,1.0
wand_text,pil_controlled,clean,0.4,0.0,0.6000000000000001,0.0,0.1714929002478719,0.8285070997521281
wand_text,pil_controlled,easy,0.4,0.0,0.6000000000000001,0.0,0.19737206770380342,0.8026279322961966
wand_text,pil_controlled,medium,0.4,0.0,0.6000000000000001,0.0,0.16462653645326691,0.8353734635467331
wand_text,pil_controlled,hard,0.4,0.0,0.6000000000000001,0.0,0.08864580545475086,0.9113541945452491
wand_text,wand_text,clean,0.4,0.0,0.6000000000000001,0.0,0.0944457392143706,0.9055542607856294
wand_text,wand_text,easy,0.4,0.0,0.6000000000000001,0.0,0.08914631946881608,0.9108536805311839
wand_text,wand_text,medium,0.4,0.0,0.6000000000000001,0.0,0.0,1.0
wand_text,wand_text,hard,0.4,0.0,0.6000000000000001,0.0,0.0,1.0
captcha_image,captcha_image,clean,0.4,0.2,0.0,0.4,0.15449518046975136,0.8455048195302486
captcha_image,captcha_image,easy,0.4,0.2,0.0,0.4,0.1539302134752274,0.8460697865247726
captcha_image,captcha_image,medium,0.4,0.2,0.0,0.4,0.14399307040969533,0.8560069295903047
captcha_image,captcha_image,hard,0.4,0.2,0.0,0.4,0.13383401871323586,0.8661659812867641
captcha_image,opencv_text,clean,0.4,0.2,0.0,0.4,0.15937654944260915,0.8406234505573908
captcha_image,opencv_text,easy,0.4,0.2,0.0,0.4,0.15511326281030968,0.8448867371896903
captcha_image,opencv_text,medium,0.4,0.2,0.0,0.4,0.15677328444917998,0.84322671555082
captcha_image,opencv_text,hard,0.4,0.2,0.0,0.4,0.15588612862229348,0.8441138713777065
captcha_image,pil_controlled,clean,0.4,0.2,0.0,0.4,0.13614507537086804,0.8638549246291319
captcha_image,pil_controlled,easy,0.4,0.2,0.0,0.4,0.13036594247221947,0.8696340575277806
captcha_image,pil_controlled,medium,0.4,0.2,0.0,0.4,0.13028437102635698,0.869715628973643
captcha_image,pil_controlled,hard,0.4,0.2,0.0,0.4,0.1334283986012141,0.8665716013987859
captcha_image,wand_text,clean,0.4,0.2,0.0,0.4,0.1322702281296253,0.8677297718703747
captcha_image,wand_text,easy,0.4,0.2,0.0,0.4,0.12506841948827108,0.8749315805117289
captcha_image,wand_text,medium,0.4,0.2,0.0,0.4,0.10473924024303756,0.8952607597569624
captcha_image,wand_text,hard,0.4,0.2,0.0,0.4,0.09052293922106427,0.9094770607789358
opencv_text,captcha_image,clean,0.4,0.2,0.0,0.4,0.050386229292551654,0.9496137707074483
opencv_text,captcha_image,easy,0.4,0.2,0.0,0.4,0.04762990419069926,0.9523700958093008
opencv_text,captcha_image,medium,0.4,0.2,0.0,0.4,0.047702721552054086,0.9522972784479459
opencv_text,captcha_image,hard,0.4,0.2,0.0,0.4,0.04329141205151876,0.9567085879484812
opencv_text,opencv_text,clean,0.4,0.2,0.0,0.4,0.5999874450047811,0.4000125549952189
opencv_text,opencv_text,easy,0.4,0.2,0.0,0.4,0.5996209868510564,0.40037901314894364
opencv_text,opencv_text,medium,0.4,0.2,0.0,0.4,0.5988907929579417,0.4011092070420583
opencv_text,opencv_text,hard,0.4,0.2,0.0,0.4,0.5424415191253027,0.4575584808746973
opencv_text,pil_controlled,clean,0.4,0.2,0.0,0.4,0.17317416436672212,0.8268258356332778
opencv_text,pil_controlled,easy,0.4,0.2,0.0,0.4,0.15273596091270447,0.8472640390872955
opencv_text,pil_controlled,medium,0.4,0.2,0.0,0.4,0.15456460692882537,0.8454353930711747
opencv_text,pil_controlled,hard,0.4,0.2,0.0,0.4,0.1297946877082189,0.8702053122917811
opencv_text,wand_text,clean,0.4,0.2,0.0,0.4,0.052681109619140624,0.9473188903808594
opencv_text,wand_text,easy,0.4,0.2,0.0,0.4,0.04814513143301009,0.9518548685669899
opencv_text,wand_text,medium,0.4,0.2,0.0,0.4,0.03647026624679562,0.9635297337532044
opencv_text,wand_text,hard,0.4,0.2,0.0,0.4,0.03632366064389543,0.9636763393561045
pil_controlled,captcha_image,clean,0.4,0.2,0.0,0.4,0.042079033164183315,0.9579209668358167
pil_controlled,captcha_image,easy,0.4,0.2,0.0,0.4,0.04385015701850255,0.9561498429814974
pil_controlled,captcha_image,medium,0.4,0.2,0.0,0.4,0.046297965141137445,0.9537020348588625
pil_controlled,captcha_image,hard,0.4,0.2,0.0,0.4,0.04730020411014557,0.9526997958898544
pil_controlled,opencv_text,clean,0.4,0.2,0.0,0.4,0.424320542995135,0.575679457004865
pil_controlled,opencv_text,easy,0.4,0.2,0.0,0.4,0.4256226946592331,0.5743773053407669
pil_controlled,opencv_text,medium,0.4,0.2,0.0,0.4,0.37051310989856723,0.6294868901014328
pil_controlled,opencv_text,hard,0.4,0.2,0.0,0.4,0.26731506055196125,0.7326849394480388
pil_controlled,pil_controlled,clean,0.4,0.2,0.0,0.4,0.598325481748581,0.401674518251419
pil_controlled,pil_controlled,easy,0.4,0.2,0.0,0.4,0.5922227389097214,0.40777726109027856
pil_controlled,pil_controlled,medium,0.4,0.2,0.0,0.4,0.5851237428665161,0.41487625713348386
pil_controlled,pil_controlled,hard,0.4,0.2,0.0,0.4,0.5147109385172526,0.4852890614827474
pil_controlled,wand_text,clean,0.4,0.2,0.0,0.4,0.16328057621320088,0.8367194237867991
pil_controlled,wand_text,easy,0.4,0.2,0.0,0.4,0.1215088218887647,0.8784911781112353
pil_controlled,wand_text,medium,0.4,0.2,0.0,0.4,0.059600843175252265,0.9403991568247477
pil_controlled,wand_text,hard,0.4,0.2,0.0,0.4,0.048308333567778236,0.9516916664322218
wand_text,captcha_image,clean,0.4,0.2,0.0,0.4,0.08305777384042741,0.9169422261595725
wand_text,captcha_image,easy,0.4,0.2,0.0,0.4,0.0867863854845365,0.9132136145154635
wand_text,captcha_image,medium,0.4,0.2,0.0,0.4,0.08997861797412238,0.9100213820258776
wand_text,captcha_image,hard,0.4,0.2,0.0,0.4,0.08827825150489808,0.9117217484951019
wand_text,opencv_text,clean,0.4,0.2,0.0,0.4,0.21453716489473976,0.7854628351052603
wand_text,opencv_text,easy,0.4,0.2,0.0,0.4,0.2000618376811345,0.7999381623188655
wand_text,opencv_text,medium,0.4,0.2,0.0,0.4,0.19005034753084182,0.8099496524691582
wand_text,opencv_text,hard,0.4,0.2,0.0,0.4,0.15132591697772343,0.8486740830222765
wand_text,pil_controlled,clean,0.4,0.2,0.0,0.4,0.40897926972707116,0.5910207302729289
wand_text,pil_controlled,easy,0.4,0.2,0.0,0.4,0.44187981190681463,0.5581201880931854
wand_text,pil_controlled,medium,0.4,0.2,0.0,0.4,0.4068008792559306,0.5931991207440694
wand_text,pil_controlled,hard,0.4,0.2,0.0,0.4,0.34053614368041357,0.6594638563195865
wand_text,wand_text,clean,0.4,0.2,0.0,0.4,0.33792929132382077,0.6620707086761792
wand_text,wand_text,easy,0.4,0.2,0.0,0.4,0.33900393147468566,0.6609960685253143
wand_text,wand_text,medium,0.4,0.2,0.0,0.4,0.19718591758608817,0.8028140824139118
wand_text,wand_text,hard,0.4,0.2,0.0,0.4,0.14541070226828257,0.8545892977317174
captcha_image,captcha_image,clean,0.4,0.2,0.2,0.2,0.04385506468216578,0.9561449353178342
captcha_image,captcha_image,easy,0.4,0.2,0.2,0.2,0.04311366474429769,0.9568863352557023
captcha_image,captcha_image,medium,0.4,0.2,0.2,0.2,0.032767171891530375,0.9672328281084697
captcha_image,captcha_image,hard,0.4,0.2,0.2,0.2,0.02191429027915001,0.97808570972085
captcha_image,opencv_text,clean,0.4,0.2,0.2,0.2,0.030074998017152133,0.9699250019828478
captcha_image,opencv_text,easy,0.4,0.2,0.2,0.2,0.03162905334234234,0.9683709466576577
captcha_image,opencv_text,medium,0.4,0.2,0.2,0.2,0.03963284859061243,0.9603671514093876
captcha_image,opencv_text,hard,0.4,0.2,0.2,0.2,0.047619589199622475,0.9523804108003775
captcha_image,pil_controlled,clean,0.4,0.2,0.2,0.2,0.016068328164021164,0.9839316718359788
captcha_image,pil_controlled,easy,0.4,0.2,0.2,0.2,0.017207824271917332,0.9827921757280826
captcha_image,pil_controlled,medium,0.4,0.2,0.2,0.2,0.021920354678233417,0.9780796453217666
captcha_image,pil_controlled,hard,0.4,0.2,0.2,0.2,0.0315921762108803,0.9684078237891197
captcha_image,wand_text,clean,0.4,0.2,0.2,0.2,0.01212842806378997,0.98787157193621
captcha_image,wand_text,easy,0.4,0.2,0.2,0.2,0.013497169508536647,0.9865028304914634
captcha_image,wand_text,medium,0.4,0.2,0.2,0.2,0.012786438744266854,0.9872135612557331
captcha_image,wand_text,hard,0.4,0.2,0.2,0.2,0.01142289940168463,0.9885771005983154
opencv_text,captcha_image,clean,0.4,0.2,0.2,0.2,0.015233756419519573,0.9847662435804805
opencv_text,captcha_image,easy,0.4,0.2,0.2,0.2,0.014666965123762706,0.9853330348762372
opencv_text,captcha_image,medium,0.4,0.2,0.2,0.2,0.015281093665786706,0.9847189063342133
opencv_text,captcha_image,hard,0.4,0.2,0.2,0.2,0.01381960984872034,0.9861803901512797
opencv_text,opencv_text,clean,0.4,0.2,0.2,0.2,0.5999578071506885,0.40004219284931153
opencv_text,opencv_text,easy,0.4,0.2,0.2,0.2,0.5995891802971937,0.40041081970280634
opencv_text,opencv_text,medium,0.4,0.2,0.2,0.2,0.598751031545224,0.401248968454776
opencv_text,opencv_text,hard,0.4,0.2,0.2,0.2,0.5401135632961919,0.45988643670380813
opencv_text,pil_controlled,clean,0.4,0.2,0.2,0.2,0.16224806509678505,0.837751934903215
opencv_text,pil_controlled,easy,0.4,0.2,0.2,0.2,0.1419883920623316,0.8580116079376684
opencv_text,pil_controlled,medium,0.4,0.2,0.2,0.2,0.14363582114697637,0.8563641788530236
opencv_text,pil_controlled,hard,0.4,0.2,0.2,0.2,0.11773344478859217,0.8822665552114078
opencv_text,wand_text,clean,0.4,0.2,0.2,0.2,0.029438623026587705,0.9705613769734123
opencv_text,wand_text,easy,0.4,0.2,0.2,0.2,0.024968573408395364,0.9750314265916047
opencv_text,wand_text,medium,0.4,0.2,0.2,0.2,0.013550686565320918,0.9864493134346791
opencv_text,wand_text,hard,0.4,0.2,0.2,0.2,0.01388235697632383,0.9861176430236762
pil_controlled,captcha_image,clean,0.4,0.2,0.2,0.2,0.012289943175817233,0.9877100568241828
pil_controlled,captcha_image,easy,0.4,0.2,0.2,0.2,0.012854237280165166,0.9871457627198348
pil_controlled,captcha_image,medium,0.4,0.2,0.2,0.2,0.013507402286181865,0.9864925977138181
pil_controlled,captcha_image,hard,0.4,0.2,0.2,0.2,0.014100350369264693,0.9858996496307353
pil_controlled,opencv_text,clean,0.4,0.2,0.2,0.2,0.41966922652361394,0.5803307734763861
pil_controlled,opencv_text,easy,0.4,0.2,0.2,0.2,0.4210002285456185,0.5789997714543815
pil_controlled,opencv_text,medium,0.4,0.2,0.2,0.2,0.36379754210799564,0.6362024578920044
pil_controlled,opencv_text,hard,0.4,0.2,0.2,0.2,0.25521690583491485,0.7447830941650851
pil_controlled,pil_controlled,clean,0.4,0.2,0.2,0.2,0.5979673107619735,0.4020326892380265
pil_controlled,pil_controlled,easy,0.4,0.2,0.2,0.2,0.5916953453104699,0.40830465468953014
pil_controlled,pil_controlled,medium,0.4,0.2,0.2,0.2,0.583925157825315,0.41607484217468504
pil_controlled,pil_controlled,hard,0.4,0.2,0.2,0.2,0.510547664940074,0.489452335059926
pil_controlled,wand_text,clean,0.4,0.2,0.2,0.2,0.14375812984504738,0.8562418701549526
pil_controlled,wand_text,easy,0.4,0.2,0.2,0.2,0.09875598736726,0.90124401263274
pil_controlled,wand_text,medium,0.4,0.2,0.2,0.2,0.03339176131411223,0.9666082386858877
pil_controlled,wand_text,hard,0.4,0.2,0.2,0.2,0.021632151460678595,0.9783678485393215
wand_text,captcha_image,clean,0.4,0.2,0.2,0.2,0.02430457495152951,0.9756954250484705
wand_text,captcha_image,easy,0.4,0.2,0.2,0.2,0.023334927930434554,0.9766650720695654
wand_text,captcha_image,medium,0.4,0.2,0.2,0.2,0.023472156848510117,0.9765278431514899
wand_text,captcha_image,hard,0.4,0.2,0.2,0.2,0.024385780435800558,0.9756142195641995
wand_text,opencv_text,clean,0.4,0.2,0.2,0.2,0.17667747668921946,0.8233225233107806
wand_text,opencv_text,easy,0.4,0.2,0.2,0.2,0.16404995494037863,0.8359500450596213
wand_text,opencv_text,medium,0.4,0.2,0.2,0.2,0.1514459656851987,0.8485540343148013
wand_text,opencv_text,hard,0.4,0.2,0.2,0.2,0.10362376125703254,0.8963762387429675
wand_text,pil_controlled,clean,0.4,0.2,0.2,0.2,0.38267690314302844,0.6173230968569716
wand_text,pil_controlled,easy,0.4,0.2,0.2,0.2,0.4165593900303047,0.5834406099696954
wand_text,pil_controlled,medium,0.4,0.2,0.2,0.2,0.3790986136292418,0.6209013863707582
wand_text,pil_controlled,hard,0.4,0.2,0.2,0.2,0.30457363438755275,0.6954263656124473
wand_text,wand_text,clean,0.4,0.2,0.2,0.2,0.3039889821730554,0.6960110178269445
wand_text,wand_text,easy,0.4,0.2,0.2,0.2,0.3034749268531799,0.6965250731468201
wand_text,wand_text,medium,0.4,0.2,0.2,0.2,0.1391933053344488,0.8608066946655513
wand_text,wand_text,hard,0.4,0.2,0.2,0.2,0.056858777489761494,0.9431412225102385
captcha_image,captcha_image,clean,0.4,0.2,0.4,0.0,0.0,1.0
captcha_image,captcha_image,easy,0.4,0.2,0.4,0.0,0.0,1.0
captcha_image,captcha_image,medium,0.4,0.2,0.4,0.0,0.0,1.0
captcha_image,captcha_image,hard,0.4,0.2,0.4,0.0,0.0,1.0
captcha_image,opencv_text,clean,0.4,0.2,0.4,0.0,0.0,1.0
captcha_image,opencv_text,easy,0.4,0.2,0.4,0.0,0.0,1.0
captcha_image,opencv_text,medium,0.4,0.2,0.4,0.0,0.0,1.0
captcha_image,opencv_text,hard,0.4,0.2,0.4,0.0,0.0,1.0
captcha_image,pil_controlled,clean,0.4,0.2,0.4,0.0,0.0,1.0
captcha_image,pil_controlled,easy,0.4,0.2,0.4,0.0,0.0,1.0
captcha_image,pil_controlled,medium,0.4,0.2,0.4,0.0,0.0,1.0
captcha_image,pil_controlled,hard,0.4,0.2,0.4,0.0,0.0,1.0
captcha_image,wand_text,clean,0.4,0.2,0.4,0.0,0.0,1.0
captcha_image,wand_text,easy,0.4,0.2,0.4,0.0,0.0,1.0
captcha_image,wand_text,medium,0.4,0.2,0.4,0.0,0.0,1.0
captcha_image,wand_text,hard,0.4,0.2,0.4,0.0,0.0,1.0
opencv_text,captcha_image,clean,0.4,0.2,0.4,0.0,0.0,1.0
opencv_text,captcha_image,easy,0.4,0.2,0.4,0.0,0.0,1.0
opencv_text,captcha_image,medium,0.4,0.2,0.4,0.0,0.0,1.0
opencv_text,captcha_image,hard,0.4,0.2,0.4,0.0,0.0,1.0
opencv_text,opencv_text,clean,0.4,0.2,0.4,0.0,0.5999281692965959,0.40007183070340413
opencv_text,opencv_text,easy,0.4,0.2,0.4,0.0,0.5995573737433308,0.40044262625666915
opencv_text,opencv_text,medium,0.4,0.2,0.4,0.0,0.5986112701325063,0.40138872986749374
opencv_text,opencv_text,hard,0.4,0.2,0.4,0.0,0.537785607467081,0.46221439253291896
opencv_text,pil_controlled,clean,0.4,0.2,0.4,0.0,0.15132196582684798,0.848678034173152
opencv_text,pil_controlled,easy,0.4,0.2,0.4,0.0,0.1312408232119587,0.8687591767880413
opencv_text,pil_controlled,medium,0.4,0.2,0.4,0.0,0.13270703536512737,0.8672929646348726
opencv_text,pil_controlled,hard,0.4,0.2,0.4,0.0,0.10567220186896545,0.8943277981310346
opencv_text,wand_text,clean,0.4,0.2,0.4,0.0,0.006196136434034785,0.9938038635659652
opencv_text,wand_text,easy,0.4,0.2,0.4,0.0,0.0017920153837806402,0.9982079846162194
opencv_text,wand_text,medium,0.4,0.2,0.4,0.0,0.0,1.0
opencv_text,wand_text,hard,0.4,0.2,0.4,0.0,0.0,1.0
pil_controlled,captcha_image,clean,0.4,0.2,0.4,0.0,0.0,1.0
pil_controlled,captcha_image,easy,0.4,0.2,0.4,0.0,0.0,1.0
pil_controlled,captcha_image,medium,0.4,0.2,0.4,0.0,0.0,1.0
pil_controlled,captcha_image,hard,0.4,0.2,0.4,0.0,0.0,1.0
pil_controlled,opencv_text,clean,0.4,0.2,0.4,0.0,0.4150179100520928,0.5849820899479072
pil_controlled,opencv_text,easy,0.4,0.2,0.4,0.0,0.416377762432004,0.583622237567996
pil_controlled,opencv_text,medium,0.4,0.2,0.4,0.0,0.35708197431742406,0.6429180256825759
pil_controlled,opencv_text,hard,0.4,0.2,0.4,0.0,0.24311875111786846,0.7568812488821315
pil_controlled,pil_controlled,clean,0.4,0.2,0.4,0.0,0.597609139775366,0.402390860224634
pil_controlled,pil_controlled,easy,0.4,0.2,0.4,0.0,0.5911679517112183,0.4088320482887817
pil_controlled,pil_controlled,medium,0.4,0.2,0.4,0.0,0.5827265727841138,0.41727342721588623
pil_controlled,pil_controlled,hard,0.4,0.2,0.4,0.0,0.5063843913628953,0.49361560863710474
pil_controlled,wand_text,clean,0.4,0.2,0.4,0.0,0.12423568347689387,0.8757643165231062
pil_controlled,wand_text,easy,0.4,0.2,0.4,0.0,0.0760031528457553,0.9239968471542447
pil_controlled,wand_text,medium,0.4,0.2,0.4,0.0,0.007182679452972185,0.9928173205470279
pil_controlled,wand_text,hard,0.4,0.2,0.4,0.0,0.0,1.0
wand_text,captcha_image,clean,0.4,0.2,0.4,0.0,0.0,1.0
wand_text,captcha_image,easy,0.4,0.2,0.4,0.0,0.0,1.0
wand_text,captcha_image,medium,0.4,0.2,0.4,0.0,0.0,1.0
wand_text,captcha_image,hard,0.4,0.2,0.4,0.0,0.0,1.0
wand_text,opencv_text,clean,0.4,0.2,0.4,0.0,0.13881778848369916,0.8611822115163008
wand_text,opencv_text,easy,0.4,0.2,0.4,0.0,0.12803807219962277,0.8719619278003772
wand_text,opencv_text,medium,0.4,0.2,0.4,0.0,0.11284158383955557,0.8871584161604444
wand_text,opencv_text,hard,0.4,0.2,0.4,0.0,0.055921605536341665,0.9440783944636584
wand_text,pil_controlled,clean,0.4,0.2,0.4,0.0,0.35637453655898577,0.6436254634410142
wand_text,pil_controlled,easy,0.4,0.2,0.4,0.0,0.39123896815379466,0.6087610318462053
wand_text,pil_controlled,medium,0.4,0.2,0.4,0.0,0.35139634800255304,0.648603651997447
wand_text,pil_controlled,hard,0.4,0.2,0.4,0.0,0.2686111250946919,0.7313888749053081
wand_text,wand_text,clean,0.4,0.2,0.4,0.0,0.2700486730222901,0.7299513269777099
wand_text,wand_text,easy,0.4,0.2,0.4,0.0,0.2679459222316742,0.7320540777683258
wand_text,wand_text,medium,0.4,0.2,0.4,0.0,0.08120069308280943,0.9187993069171906
wand_text,wand_text,hard,0.4,0.2,0.4,0.0,0.0,1.0
captcha_image,captcha_image,clean,0.4,0.4,0.0,0.2,0.28685702760616943,0.7131429723938305
captcha_image,captcha_image,easy,0.4,0.4,0.0,0.2,0.2862604269504548,0.7137395730495453
captcha_image,captcha_image,medium,0.4,0.4,0.0,0.2,0.2735861408193907,0.7264138591806093
captcha_image,captcha_image,hard,0.4,0.4,0.0,0.2,0.2604680374264717,0.7395319625735284
captcha_image,opencv_text,clean,0.4,0.4,0.0,0.2,0.30435309888521833,0.6956469011147817
captcha_image,opencv_text,easy,0.4,0.4,0.0,0.2,0.29555985895395276,0.7044401410460472
captcha_image,opencv_text,medium,0.4,0.4,0.0,0.2,0.29434656889836,0.70565343110164
captcha_image,opencv_text,hard,0.4,0.4,0.0,0.2,0.28803892391125363,0.7119610760887464
captcha_image,pil_controlled,clean,0.4,0.4,0.0,0.2,0.2693568174084028,0.7306431825915972
captcha_image,pil_controlled,easy,0.4,0.4,0.0,0.2,0.25779855161110565,0.7422014483888943
captcha_image,pil_controlled,medium,0.4,0.4,0.0,0.2,0.25470207538604733,0.7452979246139526
captcha_image,pil_controlled,hard,0.4,0.4,0.0,0.2,0.2548567972024282,0.7451432027975717
captcha_image,wand_text,clean,0.4,0.4,0.0,0.2,0.26427378959258396,0.735726210407416
captcha_image,wand_text,easy,0.4,0.4,0.0,0.2,0.24960350564320885,0.7503964943567911
captcha_image,wand_text,medium,0.4,0.4,0.0,0.2,0.20867848048607512,0.7913215195139249
captcha_image,wand_text,hard,0.4,0.4,0.0,0.2,0.18024587844212855,0.8197541215578714
opencv_text,captcha_image,clean,0.4,0.4,0.0,0.2,0.10077245858510331,0.8992275414148967
opencv_text,captcha_image,easy,0.4,0.4,0.0,0.2,0.09525980838139853,0.9047401916186015
opencv_text,captcha_image,medium,0.4,0.4,0.0,0.2,0.09540544310410817,0.9045945568958919
opencv_text,captcha_image,hard,0.4,0.4,0.0,0.2,0.08658282410303753,0.9134171758969625
opencv_text,opencv_text,clean,0.4,0.4,0.0,0.2,0.7999748900095622,0.20002510999043777
opencv_text,opencv_text,easy,0.4,0.4,0.0,0.2,0.7995086403687794,0.20049135963122056
opencv_text,opencv_text,medium,0.4,0.4,0.0,0.2,0.7985815859158834,0.20141841408411665
opencv_text,opencv_text,hard,0.4,0.4,0.0,0.2,0.7254163715839386,0.27458362841606143
opencv_text,pil_controlled,clean,0.4,0.4,0.0,0.2,0.24181499540011092,0.758185004599889
opencv_text,pil_controlled,easy,0.4,0.4,0.0,0.2,0.2145385884920756,0.7854614115079244
opencv_text,pil_controlled,medium,0.4,0.4,0.0,0.2,0.21712921385765072,0.7828707861423493
opencv_text,pil_controlled,hard,0.4,0.4,0.0,0.2,0.18518937541643782,0.8148106245835622
opencv_text,wand_text,clean,0.4,0.4,0.0,0.2,0.09282888590494794,0.907171114095052
opencv_text,wand_text,easy,0.4,0.4,0.0,0.2,0.08695692953268686,0.9130430704673131
opencv_text,wand_text,medium,0.4,0.4,0.0,0.2,0.0710738658269246,0.9289261341730755
opencv_text,wand_text,hard,0.4,0.4,0.0,0.2,0.07078065462112422,0.9292193453788757
pil_controlled,captcha_image,clean,0.4,0.4,0.0,0.2,0.08415806632836663,0.9158419336716334
pil_controlled,captcha_image,easy,0.4,0.4,0.0,0.2,0.0877003140370051,0.9122996859629949
pil_controlled,captcha_image,medium,0.4,0.4,0.0,0.2,0.09259593028227489,0.9074040697177251
pil_controlled,captcha_image,hard,0.4,0.4,0.0,0.2,0.09460040822029114,0.9053995917797089
pil_controlled,opencv_text,clean,0.4,0.4,0.0,0.2,0.57024108599027,0.42975891400973
pil_controlled,opencv_text,easy,0.4,0.4,0.0,0.2,0.5720453893184663,0.42795461068153373
pil_controlled,opencv_text,medium,0.4,0.4,0.0,0.2,0.5007595531304678,0.4992404468695322
pil_controlled,opencv_text,hard,0.4,0.4,0.0,0.2,0.3682301211039225,0.6317698788960775
pil_controlled,pil_controlled,clean,0.4,0.4,0.0,0.2,0.7979842968304953,0.20201570316950468
pil_controlled,pil_controlled,easy,0.4,0.4,0.0,0.2,0.7900454778194428,0.2099545221805572
pil_controlled,pil_controlled,medium,0.4,0.4,0.0,0.2,0.7811808190663656,0.2188191809336344
pil_controlled,pil_controlled,hard,0.4,0.4,0.0,0.2,0.6902218770345052,0.3097781229654948
pil_controlled,wand_text,clean,0.4,0.4,0.0,0.2,0.23642781909306843,0.7635721809069316
pil_controlled,wand_text,easy,0.4,0.4,0.0,0.2,0.1838176437775294,0.8161823562224706
pil_controlled,wand_text,medium,0.4,0.4,0.0,0.2,0.10453501968383788,0.8954649803161621
pil_controlled,wand_text,hard,0.4,0.4,0.0,0.2,0.08995000046888983,0.9100499995311102
wand_text,captcha_image,clean,0.4,0.4,0.0,0.2,0.16611554768085482,0.8338844523191452
wand_text,captcha_image,easy,0.4,0.4,0.0,0.2,0.173572770969073,0.826427229030927
wand_text,captcha_image,medium,0.4,0.4,0.0,0.2,0.17995723594824475,0.8200427640517552
wand_text,captcha_image,hard,0.4,0.4,0.0,0.2,0.17655650300979617,0.8234434969902038
wand_text,opencv_text,clean,0.4,0.4,0.0,0.2,0.3184076631228129,0.6815923368771871
wand_text,opencv_text,easy,0.4,0.4,0.0,0.2,0.2979903420289357,0.7020096579710643
wand_text,opencv_text,medium,0.4,0.4,0.0,0.2,0.287034028395017,0.712965971604983
wand_text,opencv_text,hard,0.4,0.4,0.0,0.2,0.24265183395544687,0.7573481660445531
wand_text,pil_controlled,clean,0.4,0.4,0.0,0.2,0.5675585394541423,0.43244146054585775
wand_text,pil_controlled,easy,0.4,0.4,0.0,0.2,0.610426290480296,0.38957370951970405
wand_text,pil_controlled,medium,0.4,0.4,0.0,0.2,0.5658684251785279,0.43413157482147213
wand_text,pil_controlled,hard,0.4,0.4,0.0,0.2,0.4845389540274938,0.5154610459725062
wand_text,wand_text,clean,0.4,0.4,0.0,0.2,0.47959191598097484,0.5204080840190252
wand_text,wand_text,easy,0.4,0.4,0.0,0.2,0.482274529616038,0.517725470383962
wand_text,wand_text,medium,0.4,0.4,0.0,0.2,0.3111718351721764,0.6888281648278236
wand_text,wand_text,hard,0.4,0.4,0.0,0.2,0.2630880712032318,0.7369119287967683
captcha_image,captcha_image,clean,0.4,0.4,0.2,0.0,0.17621691181858384,0.8237830881814161
captcha_image,captcha_image,easy,0.4,0.4,0.2,0.0,0.17544387821952506,0.8245561217804749
captcha_image,captcha_image,medium,0.4,0.4,0.2,0.0,0.16236024230122575,0.8376397576987742
captcha_image,captcha_image,hard,0.4,0.4,0.2,0.0,0.14854830899238583,0.8514516910076142
captcha_image,opencv_text,clean,0.4,0.4,0.2,0.0,0.17505154745976131,0.8249484525402386
captcha_image,opencv_text,easy,0.4,0.4,0.2,0.0,0.17207564948598542,0.8279243505140146
captcha_image,opencv_text,medium,0.4,0.4,0.2,0.0,0.17720613303979244,0.8227938669602075
captcha_image,opencv_text,hard,0.4,0.4,0.2,0.0,0.17977238448858263,0.8202276155114174
captcha_image,pil_controlled,clean,0.4,0.4,0.2,0.0,0.14928007020155593,0.850719929798444
captcha_image,pil_controlled,easy,0.4,0.4,0.2,0.0,0.14464043341080352,0.8553595665891964
captcha_image,pil_controlled,medium,0.4,0.4,0.2,0.0,0.14633805903792377,0.8536619409620763
captcha_image,pil_controlled,hard,0.4,0.4,0.2,0.0,0.1530205748120944,0.8469794251879056
captcha_image,wand_text,clean,0.4,0.4,0.2,0.0,0.14413198952674863,0.8558680104732513
captcha_image,wand_text,easy,0.4,0.4,0.2,0.0,0.13803225566347443,0.8619677443365256
captcha_image,wand_text,medium,0.4,0.4,0.2,0.0,0.11672567898730442,0.8832743210126955
captcha_image,wand_text,hard,0.4,0.4,0.2,0.0,0.10114583862274891,0.898854161377251
opencv_text,captcha_image,clean,0.4,0.4,0.2,0.0,0.06561998571207123,0.9343800142879288
opencv_text,captcha_image,easy,0.4,0.4,0.2,0.0,0.06229686931446197,0.937703130685538
opencv_text,captcha_image,medium,0.4,0.4,0.2,0.0,0.0629838152178408,0.9370161847821592
opencv_text,captcha_image,hard,0.4,0.4,0.2,0.0,0.0571110219002391,0.9428889780997609
opencv_text,opencv_text,clean,0.4,0.4,0.2,0.0,0.7999452521554696,0.20005474784453037
opencv_text,opencv_text,easy,0.4,0.4,0.2,0.0,0.7994768338149167,0.20052316618508326
opencv_text,opencv_text,medium,0.4,0.4,0.2,0.0,0.7984418245031657,0.2015581754968343
opencv_text,opencv_text,hard,0.4,0.4,0.2,0.0,0.7230884157548277,0.27691158424517226
opencv_text,pil_controlled,clean,0.4,0.4,0.2,0.0,0.23088889613017385,0.7691111038698262
opencv_text,pil_controlled,easy,0.4,0.4,0.2,0.0,0.20379101964170274,0.7962089803582972
opencv_text,pil_controlled,medium,0.4,0.4,0.2,0.0,0.20620042807580172,0.7937995719241983
opencv_text,pil_controlled,hard,0.4,0.4,0.2,0.0,0.17312813249681108,0.826871867503189
opencv_text,wand_text,clean,0.4,0.4,0.2,0.0,0.06958639931239502,0.9304136006876049
opencv_text,wand_text,easy,0.4,0.4,0.2,0.0,0.06378037150807213,0.9362196284919279
opencv_text,wand_text,medium,0.4,0.4,0.2,0.0,0.04815428614544989,0.9518457138545501
opencv_text,wand_text,hard,0.4,0.4,0.2,0.0,0.048339350953552615,0.9516606490464474
pil_controlled,captcha_image,clean,0.4,0.4,0.2,0.0,0.05436897634000055,0.9456310236599994
pil_controlled,captcha_image,easy,0.4,0.4,0.2,0.0,0.056704394298667714,0.9432956057013323
pil_controlled,captcha_image,medium,0.4,0.4,0.2,0.0,0.05980536742731931,0.9401946325726807
pil_controlled,captcha_image,hard,0.4,0.4,0.2,0.0,0.061400554479410265,0.9385994455205897
pil_controlled,opencv_text,clean,0.4,0.4,0.2,0.0,0.565589769518749,0.43441023048125105
pil_controlled,opencv_text,easy,0.4,0.4,0.2,0.0,0.5674229232048518,0.43257707679514823
pil_controlled,opencv_text,medium,0.4,0.4,0.2,0.0,0.49404398533989624,0.5059560146601038
pil_controlled,opencv_text,hard,0.4,0.4,0.2,0.0,0.3561319663868761,0.643868033613124
pil_controlled,pil_controlled,clean,0.4,0.4,0.2,0.0,0.7976261258438878,0.2023738741561122
pil_controlled,pil_controlled,easy,0.4,0.4,0.2,0.0,0.7895180842201912,0.2104819157798088
pil_controlled,pil_controlled,medium,0.4,0.4,0.2,0.0,0.7799822340251644,0.22001776597483558
pil_controlled,pil_controlled,hard,0.4,0.4,0.2,0.0,0.6860586034573266,0.3139413965426734
pil_controlled,wand_text,clean,0.4,0.4,0.2,0.0,0.21690537272491492,0.783094627275085
pil_controlled,wand_text,easy,0.4,0.4,0.2,0.0,0.1610648092560247,0.8389351907439753
pil_controlled,wand_text,medium,0.4,0.4,0.2,0.0,0.07832593782269784,0.9216740621773022
pil_controlled,wand_text,hard,0.4,0.4,0.2,0.0,0.06327381836179019,0.9367261816382098
wand_text,captcha_image,clean,0.4,0.4,0.2,0.0,0.10736234879195691,0.8926376512080431
wand_text,captcha_image,easy,0.4,0.4,0.2,0.0,0.11012131341497106,0.889878686585029
wand_text,captcha_image,medium,0.4,0.4,0.2,0.0,0.1134507748226325,0.8865492251773675
wand_text,captcha_image,hard,0.4,0.4,0.2,0.0,0.11266403194069864,0.8873359680593014
wand_text,opencv_text,clean,0.4,0.4,0.2,0.0,0.28054797491729255,0.7194520250827074
wand_text,opencv_text,easy,0.4,0.4,0.2,0.0,0.26197845928817987,0.7380215407118201
wand_text,opencv_text,medium,0.4,0.4,0.2,0.0,0.24842964654937388,0.7515703534506262
wand_text,opencv_text,hard,0.4,0.4,0.2,0.0,0.19494967823475598,0.805050321765244
wand_text,pil_controlled,clean,0.4,0.4,0.2,0.0,0.5412561728700995,0.45874382712990047
wand_text,pil_controlled,easy,0.4,0.4,0.2,0.0,0.585105868603786,0.414894131396214
wand_text,pil_controlled,medium,0.4,0.4,0.2,0.0,0.5381661595518391,0.4618338404481609
wand_text,pil_controlled,hard,0.4,0.4,0.2,0.0,0.448576444734633,0.551423555265367
wand_text,wand_text,clean,0.4,0.4,0.2,0.0,0.4456516068302095,0.5543483931697906
wand_text,wand_text,easy,0.4,0.4,0.2,0.0,0.44674552499453224,0.5532544750054678
wand_text,wand_text,medium,0.4,0.4,0.2,0.0,0.253179222920537,0.746820777079463
wand_text,wand_text,hard,0.4,0.4,0.2,0.0,0.17453614642471071,0.8254638535752893
captcha_image,captcha_image,clean,0.4,0.6000000000000001,0.0,0.0,0.4192188747425875,0.5807811252574124
captcha_image,captcha_image,easy,0.4,0.6000000000000001,0.0,0.0,0.41859064042568217,0.5814093595743178
captcha_image,captcha_image,medium,0.4,0.6000000000000001,0.0,0.0,0.40317921122908607,0.5968207887709139
captcha_image,captcha_image,hard,0.4,0.6000000000000001,0.0,0.0,0.3871020561397076,0.6128979438602924
captcha_image,opencv_text,clean,0.4,0.6000000000000001,0.0,0.0,0.44932964832782757,0.5506703516721725
captcha_image,opencv_text,easy,0.4,0.6000000000000001,0.0,0.0,0.4360064550975959,0.563993544902404
captcha_image,opencv_text,medium,0.4,0.6000000000000001,0.0,0.0,0.43191985334754,0.56808014665246
captcha_image,opencv_text,hard,0.4,0.6000000000000001,0.0,0.0,0.42019171920021386,0.5798082807997862
captcha_image,pil_controlled,clean,0.4,0.6000000000000001,0.0,0.0,0.40256855944593756,0.5974314405540624
captcha_image,pil_controlled,easy,0.4,0.6000000000000001,0.0,0.0,0.3852311607499918,0.6147688392500081
captcha_image,pil_controlled,medium,0.4,0.6000000000000001,0.0,0.0,0.37911977974573774,0.6208802202542623
captcha_image,pil_controlled,hard,0.4,0.6000000000000001,0.0,0.0,0.3762851958036424,0.6237148041963576
captcha_image,wand_text,clean,0.4,0.6000000000000001,0.0,0.0,0.3962773510555427,0.6037226489444574
captcha_image,wand_text,easy,0.4,0.6000000000000001,0.0,0.0,0.3741385917981467,0.6258614082018533
captcha_image,wand_text,medium,0.4,0.6000000000000001,0.0,0.0,0.31261772072911276,0.6873822792708872
captcha_image,wand_text,hard,0.4,0.6000000000000001,0.0,0.0,0.26996881766319286,0.7300311823368071
opencv_text,captcha_image,clean,0.4,0.6000000000000001,0.0,0.0,0.151158687877655,0.848841312122345
opencv_text,captcha_image,easy,0.4,0.6000000000000001,0.0,0.0,0.1428897125720978,0.8571102874279022
opencv_text,captcha_image,medium,0.4,0.6000000000000001,0.0,0.0,0.14310816465616227,0.8568918353438377
opencv_text,captcha_image,hard,0.4,0.6000000000000001,0.0,0.0,0.12987423615455632,0.8701257638454437
opencv_text,opencv_text,clean,0.4,0.6000000000000001,0.0,0.0,0.9999623350143434,3.76649856566047e-05
opencv_text,opencv_text,easy,0.4,0.6000000000000001,0.0,0.0,0.9993962938865026,0.0006037061134973598
opencv_text,opencv_text,medium,0.4,0.6000000000000001,0.0,0.0,0.9982723788738251,0.0017276211261748609
opencv_text,opencv_text,hard,0.4,0.6000000000000001,0.0,0.0,0.9083912240425747,0.09160877595742534
opencv_text,pil_controlled,clean,0.4,0.6000000000000001,0.0,0.0,0.3104558264334997,0.6895441735665002
opencv_text,pil_controlled,easy,0.4,0.6000000000000001,0.0,0.0,0.2763412160714468,0.7236587839285532
opencv_text,pil_controlled,medium,0.4,0.6000000000000001,0.0,0.0,0.2796938207864761,0.7203061792135239
opencv_text,pil_controlled,hard,0.4,0.6000000000000001,0.0,0.0,0.2405840631246567,0.7594159368753433
opencv_text,wand_text,clean,0.4,0.6000000000000001,0.0,0.0,0.13297666219075524,0.8670233378092448
opencv_text,wand_text,easy,0.4,0.6000000000000001,0.0,0.0,0.12576872763236363,0.8742312723676364
opencv_text,wand_text,medium,0.4,0.6000000000000001,0.0,0.0,0.10567746540705358,0.8943225345929464
opencv_text,wand_text,hard,0.4,0.6000000000000001,0.0,0.0,0.10523764859835302,0.894762351401647
pil_controlled,captcha_image,clean,0.4,0.6000000000000001,0.0,0.0,0.12623709949254994,0.8737629005074501
pil_controlled,captcha_image,easy,0.4,0.6000000000000001,0.0,0.0,0.13155047105550766,0.8684495289444923
pil_controlled,captcha_image,medium,0.4,0.6000000000000001,0.0,0.0,0.13889389542341235,0.8611061045765876
pil_controlled,captcha_image,hard,0.4,0.6000000000000001,0.0,0.0,0.14190061233043674,0.8580993876695633
pil_controlled,opencv_text,clean,0.4,0.6000000000000001,0.0,0.0,0.716161628985405,0.28383837101459497
pil_controlled,opencv_text,easy,0.4,0.6000000000000001,0.0,0.0,0.7184680839776993,0.28153191602230065
pil_controlled,opencv_text,medium,0.4,0.6000000000000001,0.0,0.0,0.6310059963623684,0.3689940036376316
pil_controlled,opencv_text,hard,0.4,0.6000000000000001,0.0,0.0,0.4691451816558838,0.5308548183441162
pil_controlled,pil_controlled,clean,0.4,0.6000000000000001,0.0,0.0,0.9976431119124096,0.002356888087590381
pil_controlled,pil_controlled,easy,0.4,0.6000000000000001,0.0,0.0,0.9878682167291641,0.01213178327083586
pil_controlled,pil_controlled,medium,0.4,0.6000000000000001,0.0,0.0,0.9772378952662153,0.022762104733784705
pil_controlled,pil_controlled,hard,0.4,0.6000000000000001,0.0,0.0,0.8657328155517579,0.13426718444824215
pil_controlled,wand_text,clean,0.4,0.6000000000000001,0.0,0.0,0.30957506197293605,0.690424938027064
pil_controlled,wand_text,easy,0.4,0.6000000000000001,0.0,0.0,0.24612646566629412,0.7538735343337059
pil_controlled,wand_text,medium,0.4,0.6000000000000001,0.0,0.0,0.14946919619242352,0.8505308038075765
pil_controlled,wand_text,hard,0.4,0.6000000000000001,0.0,0.0,0.13159166737000144,0.8684083326299985
wand_text,captcha_image,clean,0.4,0.6000000000000001,0.0,0.0,0.24917332152128227,0.7508266784787178
wand_text,captcha_image,easy,0.4,0.6000000000000001,0.0,0.0,0.2603591564536095,0.7396408435463905
wand_text,captcha_image,medium,0.4,0.6000000000000001,0.0,0.0,0.26993585392236713,0.7300641460776329
wand_text,captcha_image,hard,0.4,0.6000000000000001,0.0,0.0,0.2648347545146943,0.7351652454853057
wand_text,opencv_text,clean,0.4,0.6000000000000001,0.0,0.0,0.42227816135088597,0.5777218386491141
wand_text,opencv_text,easy,0.4,0.6000000000000001,0.0,0.0,0.3959188463767369,0.6040811536232631
wand_text,opencv_text,medium,0.4,0.6000000000000001,0.0,0.0,0.3840177092591922,0.6159822907408078
wand_text,opencv_text,hard,0.4,0.6000000000000001,0.0,0.0,0.33397775093317034,0.6660222490668297
wand_text,pil_controlled,clean,0.4,0.6000000000000001,0.0,0.0,0.7261378091812135,0.2738621908187865
wand_text,pil_controlled,easy,0.4,0.6000000000000001,0.0,0.0,0.7789727690537771,0.2210272309462229
wand_text,pil_controlled,medium,0.4,0.6000000000000001,0.0,0.0,0.7249359711011252,0.2750640288988748
wand_text,pil_controlled,hard,0.4,0.6000000000000001,0.0,0.0,0.6285417643745741,0.3714582356254259
wand_text,wand_text,clean,0.4,0.6000000000000001,0.0,0.0,0.6212545406381289,0.3787454593618711
wand_text,wand_text,easy,0.4,0.6000000000000001,0.0,0.0,0.6255451277573905,0.37445487224260954
wand_text,wand_text,medium,0.4,0.6000000000000001,0.0,0.0,0.4251577527582646,0.5748422472417354
wand_text,wand_text,hard,0.4,0.6000000000000001,0.0,0.0,0.38076544013818114,0.6192345598618189
captcha_image,captcha_image,clean,0.6000000000000001,0.0,0.0,0.4,0.033199999999999986,0.9668
captcha_image,captcha_image,easy,0.6000000000000001,0.0,0.0,0.4,0.032400000000000005,0.9676
captcha_image,captcha_image,medium,0.6000000000000001,0.0,0.0,0.4,0.0216,0.9784
captcha_image,captcha_image,hard,0.6000000000000001,0.0,0.0,0.4,0.0108,0.9892
captcha_image,opencv_text,clean,0.6000000000000001,0.0,0.0,0.4,0.0216,0.9784
captcha_image,opencv_text,easy,0.6000000000000001,0.0,0.0,0.4,0.02199999999999996,0.9780000000000001
captcha_image,opencv_text,medium,0.6000000000000001,0.0,0.0,0.4,0.028800000000000006,0.9712
captcha_image,opencv_text,hard,0.6000000000000001,0.0,0.0,0.4,0.035599999999999986,0.9644
captcha_image,pil_controlled,clean,0.6000000000000001,0.0,0.0,0.4,0.004399999999999981,0.9956
captcha_image,pil_controlled,easy,0.6000000000000001,0.0,0.0,0.4,0.004399999999999981,0.9956
captcha_image,pil_controlled,medium,0.6000000000000001,0.0,0.0,0.4,0.008799999999999962,0.9912000000000001
captcha_image,pil_controlled,hard,0.6000000000000001,0.0,0.0,0.4,0.018000000000000002,0.982
captcha_image,wand_text,clean,0.6000000000000001,0.0,0.0,0.4,0.00039999999999996,0.9996
captcha_image,wand_text,easy,0.6000000000000001,0.0,0.0,0.4,0.0007999999999999801,0.9992
captcha_image,wand_text,medium,0.6000000000000001,0.0,0.0,0.4,0.0012000000000000001,0.9988
captcha_image,wand_text,hard,0.6000000000000001,0.0,0.0,0.4,0.0012000000000000001,0.9988
opencv_text,captcha_image,clean,0.6000000000000001,0.0,0.0,0.4,0.0,1.0
opencv_text,captcha_image,easy,0.6000000000000001,0.0,0.0,0.4,0.0,1.0
opencv_text,captcha_image,medium,0.6000000000000001,0.0,0.0,0.4,0.0,1.0
opencv_text,captcha_image,hard,0.6000000000000001,0.0,0.0,0.4,0.0,1.0
opencv_text,opencv_text,clean,0.6000000000000001,0.0,0.0,0.4,0.6000000000000001,0.3999999999999999
opencv_text,opencv_text,easy,0.6000000000000001,0.0,0.0,0.4,0.5996,0.4004
opencv_text,opencv_text,medium,0.6000000000000001,0.0,0.0,0.4,0.5988000000000001,0.4011999999999999
opencv_text,opencv_text,hard,0.6000000000000001,0.0,0.0,0.4,0.5392,0.4608
opencv_text,pil_controlled,clean,0.6000000000000001,0.0,0.0,0.4,0.1568,0.8432
opencv_text,pil_controlled,easy,0.6000000000000001,0.0,0.0,0.4,0.1364,0.8636
opencv_text,pil_controlled,medium,0.6000000000000001,0.0,0.0,0.4,0.13800000000000004,0.862
opencv_text,pil_controlled,hard,0.6000000000000001,0.0,0.0,0.4,0.11160000000000002,0.8884
opencv_text,wand_text,clean,0.6000000000000001,0.0,0.0,0.4,0.018799999999999983,0.9812000000000001
opencv_text,wand_text,easy,0.6000000000000001,0.0,0.0,0.4,0.013999999999999981,0.986
opencv_text,wand_text,medium,0.6000000000000001,0.0,0.0,0.4,0.0027999999999999605,0.9972000000000001
opencv_text,wand_text,hard,0.6000000000000001,0.0,0.0,0.4,0.0027999999999999605,0.9972000000000001
pil_controlled,captcha_image,clean,0.6000000000000001,0.0,0.0,0.4,0.0,1.0
pil_controlled,captcha_image,easy,0.6000000000000001,0.0,0.0,0.4,0.0,1.0
pil_controlled,captcha_image,medium,0.6000000000000001,0.0,0.0,0.4,0.0,1.0
pil_controlled,captcha_image,hard,0.6000000000000001,0.0,0.0,0.4,0.0,1.0
pil_controlled,opencv_text,clean,0.6000000000000001,0.0,0.0,0.4,0.4176,0.5824
pil_controlled,opencv_text,easy,0.6000000000000001,0.0,0.0,0.4,0.41880000000000006,0.5811999999999999
pil_controlled,opencv_text,medium,0.6000000000000001,0.0,0.0,0.4,0.36040000000000005,0.6396
pil_controlled,opencv_text,hard,0.6000000000000001,0.0,0.0,0.4,0.24960000000000002,0.7504
pil_controlled,pil_controlled,clean,0.6000000000000001,0.0,0.0,0.4,0.5980000000000002,0.4019999999999998
pil_controlled,pil_controlled,easy,0.6000000000000001,0.0,0.0,0.4,0.5916000000000001,0.4083999999999999
pil_controlled,pil_controlled,medium,0.6000000000000001,0.0,0.0,0.4,0.5836000000000001,0.4163999999999999
pil_controlled,pil_controlled,hard,0.6000000000000001,0.0,0.0,0.4,0.5088,0.49119999999999997
pil_controlled,wand_text,clean,0.6000000000000001,0.0,0.0,0.4,0.13520000000000001,0.8648
pil_controlled,wand_text,easy,0.6000000000000001,0.0,0.0,0.4,0.0888,0.9112
pil_controlled,wand_text,medium,0.6000000000000001,0.0,0.0,0.4,0.02199999999999996,0.9780000000000001
pil_controlled,wand_text,hard,0.6000000000000001,0.0,0.0,0.4,0.009999999999999962,0.99
wand_text,captcha_image,clean,0.6000000000000001,0.0,0.0,0.4,0.0,1.0
wand_text,captcha_image,easy,0.6000000000000001,0.0,0.0,0.4,0.0,1.0
wand_text,captcha_image,medium,0.6000000000000001,0.0,0.0,0.4,0.0,1.0
wand_text,captcha_image,hard,0.6000000000000001,0.0,0.0,0.4,0.0,1.0
wand_text,opencv_text,clean,0.6000000000000001,0.0,0.0,0.4,0.16599999999999998,0.8340000000000001
wand_text,opencv_text,easy,0.6000000000000001,0.0,0.0,0.4,0.1532,0.8468
wand_text,opencv_text,medium,0.6000000000000001,0.0,0.0,0.4,0.13959999999999997,0.8604
wand_text,opencv_text,hard,0.6000000000000001,0.0,0.0,0.4,0.09000000000000001,0.91
wand_text,pil_controlled,clean,0.6000000000000001,0.0,0.0,0.4,0.37560000000000004,0.6244
wand_text,pil_controlled,easy,0.6000000000000001,0.0,0.0,0.4,0.4100000000000001,0.5899999999999999
wand_text,pil_controlled,medium,0.6000000000000001,0.0,0.0,0.4,0.37160000000000004,0.6284
wand_text,pil_controlled,hard,0.6000000000000001,0.0,0.0,0.4,0.2948,0.7052
wand_text,wand_text,clean,0.6000000000000001,0.0,0.0,0.4,0.2944,0.7056
wand_text,wand_text,easy,0.6000000000000001,0.0,0.0,0.4,0.2936,0.7063999999999999
wand_text,wand_text,medium,0.6000000000000001,0.0,0.0,0.4,0.12480000000000001,0.8752
wand_text,wand_text,hard,0.6000000000000001,0.0,0.0,0.4,0.041599999999999984,0.9584
captcha_image,captcha_image,clean,0.6000000000000001,0.0,0.2,0.2,0.0,1.0
captcha_image,captcha_image,easy,0.6000000000000001,0.0,0.2,0.2,0.0,1.0
captcha_image,captcha_image,medium,0.6000000000000001,0.0,0.2,0.2,0.0,1.0
captcha_image,captcha_image,hard,0.6000000000000001,0.0,0.2,0.2,0.0,1.0
captcha_image,opencv_text,clean,0.6000000000000001,0.0,0.2,0.2,0.0,1.0
captcha_image,opencv_text,easy,0.6000000000000001,0.0,0.2,0.2,0.0,1.0
captcha_image,opencv_text,medium,0.6000000000000001,0.0,0.2,0.2,0.0,1.0
captcha_image,opencv_text,hard,0.6000000000000001,0.0,0.2,0.2,0.0,1.0
captcha_image,pil_controlled,clean,0.6000000000000001,0.0,0.2,0.2,0.0,1.0
captcha_image,pil_controlled,easy,0.6000000000000001,0.0,0.2,0.2,0.0,1.0
captcha_image,pil_controlled,medium,0.6000000000000001,0.0,0.2,0.2,0.0,1.0
captcha_image,pil_controlled,hard,0.6000000000000001,0.0,0.2,0.2,0.0,1.0
captcha_image,wand_text,clean,0.6000000000000001,0.0,0.2,0.2,0.0,1.0
captcha_image,wand_text,easy,0.6000000000000001,0.0,0.2,0.2,0.0,1.0
captcha_image,wand_text,medium,0.6000000000000001,0.0,0.2,0.2,0.0,1.0
captcha_image,wand_text,hard,0.6000000000000001,0.0,0.2,0.2,0.0,1.0
opencv_text,captcha_image,clean,0.6000000000000001,0.0,0.2,0.2,0.0,1.0
opencv_text,captcha_image,easy,0.6000000000000001,0.0,0.2,0.2,0.0,1.0
opencv_text,captcha_image,medium,0.6000000000000001,0.0,0.2,0.2,0.0,1.0
opencv_text,captcha_image,hard,0.6000000000000001,0.0,0.2,0.2,0.0,1.0
opencv_text,opencv_text,clean,0.6000000000000001,0.0,0.2,0.2,0.5999703621459075,0.4000296378540925
opencv_text,opencv_text,easy,0.6000000000000001,0.0,0.2,0.2,0.5995681934461373,0.4004318065538627
opencv_text,opencv_text,medium,0.6000000000000001,0.0,0.2,0.2,0.5986602385872825,0.40133976141271754
opencv_text,opencv_text,hard,0.6000000000000001,0.0,0.2,0.2,0.5368720441708892,0.4631279558291108
opencv_text,pil_controlled,clean,0.6000000000000001,0.0,0.2,0.2,0.14587390073006293,0.8541260992699371
opencv_text,pil_controlled,easy,0.6000000000000001,0.0,0.2,0.2,0.12565243114962713,0.8743475688503729
opencv_text,pil_controlled,medium,0.6000000000000001,0.0,0.2,0.2,0.12707121421815104,0.872928785781849
opencv_text,pil_controlled,hard,0.6000000000000001,0.0,0.2,0.2,0.0995387570803733,0.9004612429196267
opencv_text,wand_text,clean,0.6000000000000001,0.0,0.2,0.2,0.0,1.0
opencv_text,wand_text,easy,0.6000000000000001,0.0,0.2,0.2,0.0,1.0
opencv_text,wand_text,medium,0.6000000000000001,0.0,0.2,0.2,0.0,1.0
opencv_text,wand_text,hard,0.6000000000000001,0.0,0.2,0.2,0.0,1.0
pil_controlled,captcha_image,clean,0.6000000000000001,0.0,0.2,0.2,0.0,1.0
pil_controlled,captcha_image,easy,0.6000000000000001,0.0,0.2,0.2,0.0,1.0
pil_controlled,captcha_image,medium,0.6000000000000001,0.0,0.2,0.2,0.0,1.0
pil_controlled,captcha_image,hard,0.6000000000000001,0.0,0.2,0.2,0.0,1.0
pil_controlled,opencv_text,clean,0.6000000000000001,0.0,0.2,0.2,0.41294868352847897,0.587051316471521
pil_controlled,opencv_text,easy,0.6000000000000001,0.0,0.2,0.2,0.4141775338863855,0.5858224661136144
pil_controlled,opencv_text,medium,0.6000000000000001,0.0,0.2,0.2,0.35368443220942847,0.6463155677905715
pil_controlled,opencv_text,hard,0.6000000000000001,0.0,0.2,0.2,0.23750184528295362,0.7624981547170464
pil_controlled,pil_controlled,clean,0.6000000000000001,0.0,0.2,0.2,0.5976418290133927,0.4023581709866073
pil_controlled,pil_controlled,easy,0.6000000000000001,0.0,0.2,0.2,0.5910726064007485,0.40892739359925145
pil_controlled,pil_controlled,medium,0.6000000000000001,0.0,0.2,0.2,0.5824014149587989,0.41759858504120106
pil_controlled,pil_controlled,hard,0.6000000000000001,0.0,0.2,0.2,0.5046367264228214,0.4953632735771786
pil_controlled,wand_text,clean,0.6000000000000001,0.0,0.2,0.2,0.11567755363184651,0.8843224463681535
pil_controlled,wand_text,easy,0.6000000000000001,0.0,0.2,0.2,0.0660471654784953,0.9339528345215047
pil_controlled,wand_text,medium,0.6000000000000001,0.0,0.2,0.2,0.0,1.0
pil_controlled,wand_text,hard,0.6000000000000001,0.0,0.2,0.2,0.0,1.0
wand_text,captcha_image,clean,0.6000000000000001,0.0,0.2,0.2,0.0,1.0
wand_text,captcha_image,easy,0.6000000000000001,0.0,0.2,0.2,0.0,1.0
wand_text,captcha_image,medium,0.6000000000000001,0.0,0.2,0.2,0.0,1.0
wand_text,captcha_image,hard,0.6000000000000001,0.0,0.2,0.2,0.0,1.0
wand_text,opencv_text,clean,0.6000000000000001,0.0,0.2,0.2,0.12814031179447968,0.8718596882055203
wand_text,opencv_text,easy,0.6000000000000001,0.0,0.2,0.2,0.11718811725924413,0.8828118827407558
wand_text,opencv_text,medium,0.6000000000000001,0.0,0.2,0.2,0.10099561815435684,0.8990043818456431
wand_text,opencv_text,hard,0.6000000000000001,0.0,0.2,0.2,0.042297844279309126,0.9577021557206908
wand_text,pil_controlled,clean,0.6000000000000001,0.0,0.2,0.2,0.3492976334159573,0.6507023665840427
wand_text,pil_controlled,easy,0.6000000000000001,0.0,0.2,0.2,0.38467957812349013,0.6153204218765098
wand_text,pil_controlled,medium,0.6000000000000001,0.0,0.2,0.2,0.3438977343733112,0.6561022656266888
wand_text,pil_controlled,hard,0.6000000000000001,0.0,0.2,0.2,0.2588374907071392,0.7411625092928609
wand_text,wand_text,clean,0.6000000000000001,0.0,0.2,0.2,0.26045969084923465,0.7395403091507653
wand_text,wand_text,easy,0.6000000000000001,0.0,0.2,0.2,0.2580709953784943,0.7419290046215057
wand_text,wand_text,medium,0.6000000000000001,0.0,0.2,0.2,0.06680738774836065,0.9331926122516394
wand_text,wand_text,hard,0.6000000000000001,0.0,0.2,0.2,0.0,1.0
captcha_image,captcha_image,clean,0.6000000000000001,0.0,0.4,0.0,0.0,1.0
captcha_image,captcha_image,easy,0.6000000000000001,0.0,0.4,0.0,0.0,1.0
captcha_image,captcha_image,medium,0.6000000000000001,0.0,0.4,0.0,0.0,1.0
captcha_image,captcha_image,hard,0.6000000000000001,0.0,0.4,0.0,0.0,1.0
captcha_image,opencv_text,clean,0.6000000000000001,0.0,0.4,0.0,0.0,1.0
captcha_image,opencv_text,easy,0.6000000000000001,0.0,0.4,0.0,0.0,1.0
captcha_image,opencv_text,medium,0.6000000000000001,0.0,0.4,0.0,0.0,1.0
captcha_image,opencv_text,hard,0.6000000000000001,0.0,0.4,0.0,0.0,1.0
captcha_image,pil_controlled,clean,0.6000000000000001,0.0,0.4,0.0,0.0,1.0
captcha_image,pil_controlled,easy,0.6000000000000001,0.0,0.4,0.0,0.0,1.0
captcha_image,pil_controlled,medium,0.6000000000000001,0.0,0.4,0.0,0.0,1.0
captcha_image,pil_controlled,hard,0.6000000000000001,0.0,0.4,0.0,0.0,1.0
captcha_image,wand_text,clean,0.6000000000000001,0.0,0.4,0.0,0.0,1.0
captcha_image,wand_text,easy,0.6000000000000001,0.0,0.4,0.0,0.0,1.0
captcha_image,wand_text,medium,0.6000000000000001,0.0,0.4,0.0,0.0,1.0
captcha_image,wand_text,hard,0.6000000000000001,0.0,0.4,0.0,0.0,1.0
opencv_text,captcha_image,clean,0.6000000000000001,0.0,0.4,0.0,0.0,1.0
opencv_text,captcha_image,easy,0.6000000000000001,0.0,0.4,0.0,0.0,1.0
opencv_text,captcha_image,medium,0.6000000000000001,0.0,0.4,0.0,0.0,1.0
opencv_text,captcha_image,hard,0.6000000000000001,0.0,0.4,0.0,0.0,1.0
opencv_text,opencv_text,clean,0.6000000000000001,0.0,0.4,0.0,0.5999407242918149,0.4000592757081851
opencv_text,opencv_text,easy,0.6000000000000001,0.0,0.4,0.0,0.5995363868922745,0.4004636131077255
opencv_text,opencv_text,medium,0.6000000000000001,0.0,0.4,0.0,0.5985204771745647,0.4014795228254353
opencv_text,opencv_text,hard,0.6000000000000001,0.0,0.4,0.0,0.5345440883417784,0.46545591165822164
opencv_text,pil_controlled,clean,0.6000000000000001,0.0,0.4,0.0,0.13494780146012586,0.8650521985398741
opencv_text,pil_controlled,easy,0.6000000000000001,0.0,0.4,0.0,0.11490486229925423,0.8850951377007458
opencv_text,pil_controlled,medium,0.6000000000000001,0.0,0.4,0.0,0.11614242843630204,0.8838575715636979
opencv_text,pil_controlled,hard,0.6000000000000001,0.0,0.4,0.0,0.08747751416074658,0.9125224858392534
opencv_text,wand_text,clean,0.6000000000000001,0.0,0.4,0.0,0.0,1.0
opencv_text,wand_text,easy,0.6000000000000001,0.0,0.4,0.0,0.0,1.0
opencv_text,wand_text,medium,0.6000000000000001,0.0,0.4,0.0,0.0,1.0
opencv_text,wand_text,hard,0.6000000000000001,0.0,0.4,0.0,0.0,1.0
pil_controlled,captcha_image,clean,0.6000000000000001,0.0,0.4,0.0,0.0,1.0
pil_controlled,captcha_image,easy,0.6000000000000001,0.0,0.4,0.0,0.0,1.0
pil_controlled,captcha_image,medium,0.6000000000000001,0.0,0.4,0.0,0.0,1.0
pil_controlled,captcha_image,hard,0.6000000000000001,0.0,0.4,0.0,0.0,1.0
pil_controlled,opencv_text,clean,0.6000000000000001,0.0,0.4,0.0,0.40829736705695785,0.5917026329430422
pil_controlled,opencv_text,easy,0.6000000000000001,0.0,0.4,0.0,0.40955506777277095,0.590444932227229
pil_controlled,opencv_text,medium,0.6000000000000001,0.0,0.4,0.0,0.3469688644188569,0.6530311355811431
pil_controlled,opencv_text,hard,0.6000000000000001,0.0,0.4,0.0,0.2254036905659072,0.7745963094340929
pil_controlled,pil_controlled,clean,0.6000000000000001,0.0,0.4,0.0,0.5972836580267852,0.4027163419732148
pil_controlled,pil_controlled,easy,0.6000000000000001,0.0,0.4,0.0,0.590545212801497,0.40945478719850303
pil_controlled,pil_controlled,medium,0.6000000000000001,0.0,0.4,0.0,0.5812028299175978,0.41879717008240225
pil_controlled,pil_controlled,hard,0.6000000000000001,0.0,0.4,0.0,0.5004734528456427,0.4995265471543573
pil_controlled,wand_text,clean,0.6000000000000001,0.0,0.4,0.0,0.096155107263693,0.903844892736307
pil_controlled,wand_text,easy,0.6000000000000001,0.0,0.4,0.0,0.043294330956990604,0.9567056690430094
pil_controlled,wand_text,medium,0.6000000000000001,0.0,0.4,0.0,0.0,1.0
pil_controlled,wand_text,hard,0.6000000000000001,0.0,0.4,0.0,0.0,1.0
wand_text,captcha_image,clean,0.6000000000000001,0.0,0.4,0.0,0.0,1.0
wand_text,captcha_image,easy,0.6000000000000001,0.0,0.4,0.0,0.0,1.0
wand_text,captcha_image,medium,0.6000000000000001,0.0,0.4,0.0,0.0,1.0
wand_text,captcha_image,hard,0.6000000000000001,0.0,0.4,0.0,0.0,1.0
wand_text,opencv_text,clean,0.6000000000000001,0.0,0.4,0.0,0.09028062358895939,0.9097193764110406
wand_text,opencv_text,easy,0.6000000000000001,0.0,0.4,0.0,0.08117623451848828,0.9188237654815117
wand_text,opencv_text,medium,0.6000000000000001,0.0,0.4,0.0,0.062391236308713724,0.9376087636912863
wand_text,opencv_text,hard,0.6000000000000001,0.0,0.4,0.0,0.0,1.0
wand_text,pil_controlled,clean,0.6000000000000001,0.0,0.4,0.0,0.32299526683191465,0.6770047331680853
wand_text,pil_controlled,easy,0.6000000000000001,0.0,0.4,0.0,0.3593591562469801,0.6406408437530199
wand_text,pil_controlled,medium,0.6000000000000001,0.0,0.4,0.0,0.3161954687466224,0.6838045312533776
wand_text,pil_controlled,hard,0.6000000000000001,0.0,0.4,0.0,0.22287498141427836,0.7771250185857217
wand_text,wand_text,clean,0.6000000000000001,0.0,0.4,0.0,0.2265193816984693,0.7734806183015307
wand_text,wand_text,easy,0.6000000000000001,0.0,0.4,0.0,0.22254199075698855,0.7774580092430114
wand_text,wand_text,medium,0.6000000000000001,0.0,0.4,0.0,0.008814775496721272,0.9911852245032787
wand_text,wand_text,hard,0.6000000000000001,0.0,0.4,0.0,0.0,1.0
captcha_image,captcha_image,clean,0.6000000000000001,0.2,0.0,0.2,0.16556184713641803,0.834438152863582
captcha_image,captcha_image,easy,0.6000000000000001,0.2,0.0,0.2,0.1647302134752274,0.8352697865247726
captcha_image,captcha_image,medium,0.6000000000000001,0.2,0.0,0.2,0.15119307040969535,0.8488069295903047
captcha_image,captcha_image,hard,0.6000000000000001,0.2,0.0,0.2,0.13743401871323585,0.8625659812867641
captcha_image,opencv_text,clean,0.6000000000000001,0.2,0.0,0.2,0.16657654944260916,0.8334234505573909
captcha_image,opencv_text,easy,0.6000000000000001,0.2,0.0,0.2,0.162446596143643,0.837553403856357
captcha_image,opencv_text,medium,0.6000000000000001,0.2,0.0,0.2,0.16637328444917998,0.83362671555082
captcha_image,opencv_text,hard,0.6000000000000001,0.2,0.0,0.2,0.16775279528896014,0.8322472047110399
captcha_image,pil_controlled,clean,0.6000000000000001,0.2,0.0,0.2,0.1376117420375347,0.8623882579624653
captcha_image,pil_controlled,easy,0.6000000000000001,0.2,0.0,0.2,0.13183260913888614,0.8681673908611138
captcha_image,pil_controlled,medium,0.6000000000000001,0.2,0.0,0.2,0.13321770435969033,0.8667822956403097
captcha_image,pil_controlled,hard,0.6000000000000001,0.2,0.0,0.2,0.13942839860121412,0.8605716013987859
captcha_image,wand_text,clean,0.6000000000000001,0.2,0.0,0.2,0.13240356146295862,0.8675964385370414
captcha_image,wand_text,easy,0.6000000000000001,0.2,0.0,0.2,0.12533508615493774,0.8746649138450623
captcha_image,wand_text,medium,0.6000000000000001,0.2,0.0,0.2,0.10513924024303757,0.8948607597569624
captcha_image,wand_text,hard,0.6000000000000001,0.2,0.0,0.2,0.09092293922106429,0.9090770607789357
opencv_text,captcha_image,clean,0.6000000000000001,0.2,0.0,0.2,0.050386229292551654,0.9496137707074483
opencv_text,captcha_image,easy,0.6000000000000001,0.2,0.0,0.2,0.04762990419069926,0.9523700958093008
opencv_text,captcha_image,medium,0.6000000000000001,0.2,0.0,0.2,0.047702721552054086,0.9522972784479459
opencv_text,captcha_image,hard,0.6000000000000001,0.2,0.0,0.2,0.04329141205151876,0.9567085879484812
opencv_text,opencv_text,clean,0.6000000000000001,0.2,0.0,0.2,0.7999874450047813,0.20001255499521875
opencv_text,opencv_text,easy,0.6000000000000001,0.2,0.0,0.2,0.7994876535177231,0.2005123464822769
opencv_text,opencv_text,medium,0.6000000000000001,0.2,0.0,0.2,0.7984907929579418,0.2015092070420582
opencv_text,opencv_text,hard,0.6000000000000001,0.2,0.0,0.2,0.722174852458636,0.277825147541364
opencv_text,pil_controlled,clean,0.6000000000000001,0.2,0.0,0.2,0.2254408310333888,0.7745591689666111
opencv_text,pil_controlled,easy,0.6000000000000001,0.2,0.0,0.2,0.19820262757937113,0.8017973724206289
opencv_text,pil_controlled,medium,0.6000000000000001,0.2,0.0,0.2,0.20056460692882538,0.7994353930711746
opencv_text,pil_controlled,hard,0.6000000000000001,0.2,0.0,0.2,0.1669946877082189,0.8330053122917811
opencv_text,wand_text,clean,0.6000000000000001,0.2,0.0,0.2,0.05894777628580729,0.9410522237141927
opencv_text,wand_text,easy,0.6000000000000001,0.2,0.0,0.2,0.052811798099676746,0.9471882019003233
opencv_text,wand_text,medium,0.6000000000000001,0.2,0.0,0.2,0.03740359958012894,0.962596400419871
opencv_text,wand_text,hard,0.6000000000000001,0.2,0.0,0.2,0.03725699397722875,0.9627430060227713
pil_controlled,captcha_image,clean,0.6000000000000001,0.2,0.0,0.2,0.042079033164183315,0.9579209668358167
pil_controlled,captcha_image,easy,0.6000000000000001,0.2,0.0,0.2,0.04385015701850255,0.9561498429814974
pil_controlled,captcha_image,medium,0.6000000000000001,0.2,0.0,0.2,0.046297965141137445,0.9537020348588625
pil_controlled,captcha_image,hard,0.6000000000000001,0.2,0.0,0.2,0.04730020411014557,0.9526997958898544
pil_controlled,opencv_text,clean,0.6000000000000001,0.2,0.0,0.2,0.563520542995135,0.436479457004865
pil_controlled,opencv_text,easy,0.6000000000000001,0.2,0.0,0.2,0.5652226946592331,0.43477730534076686
pil_controlled,opencv_text,medium,0.6000000000000001,0.2,0.0,0.2,0.49064644323190065,0.5093535567680993
pil_controlled,opencv_text,hard,0.6000000000000001,0.2,0.0,0.2,0.3505150605519613,0.6494849394480386
pil_controlled,pil_controlled,clean,0.6000000000000001,0.2,0.0,0.2,0.7976588150819145,0.2023411849180855
pil_controlled,pil_controlled,easy,0.6000000000000001,0.2,0.0,0.2,0.7894227389097215,0.21057726109027852
pil_controlled,pil_controlled,medium,0.6000000000000001,0.2,0.0,0.2,0.7796570761998496,0.22034292380015041
pil_controlled,pil_controlled,hard,0.6000000000000001,0.2,0.0,0.2,0.6843109385172527,0.31568906148274734
pil_controlled,wand_text,clean,0.6000000000000001,0.2,0.0,0.2,0.20834724287986756,0.7916527571201324
pil_controlled,wand_text,easy,0.6000000000000001,0.2,0.0,0.2,0.1511088218887647,0.8488911781112353
pil_controlled,wand_text,medium,0.6000000000000001,0.2,0.0,0.2,0.06693417650858559,0.9330658234914144
pil_controlled,wand_text,hard,0.6000000000000001,0.2,0.0,0.2,0.051641666901111556,0.9483583330988884
wand_text,captcha_image,clean,0.6000000000000001,0.2,0.0,0.2,0.08305777384042741,0.9169422261595725
wand_text,captcha_image,easy,0.6000000000000001,0.2,0.0,0.2,0.0867863854845365,0.9132136145154635
wand_text,captcha_image,medium,0.6000000000000001,0.2,0.0,0.2,0.08997861797412238,0.9100213820258776
wand_text,captcha_image,hard,0.6000000000000001,0.2,0.0,0.2,0.08827825150489808,0.9117217484951019
wand_text,opencv_text,clean,0.6000000000000001,0.2,0.0,0.2,0.2698704982280731,0.7301295017719269
wand_text,opencv_text,easy,0.6000000000000001,0.2,0.0,0.2,0.2511285043478012,0.7488714956521988
wand_text,opencv_text,medium,0.6000000000000001,0.2,0.0,0.2,0.23658368086417514,0.7634163191358249
wand_text,opencv_text,hard,0.6000000000000001,0.2,0.0,0.2,0.18132591697772343,0.8186740830222765
wand_text,pil_controlled,clean,0.6000000000000001,0.2,0.0,0.2,0.5341792697270712,0.4658207302729288
wand_text,pil_controlled,easy,0.6000000000000001,0.2,0.0,0.2,0.5785464785734813,0.4214535214265187
wand_text,pil_controlled,medium,0.6000000000000001,0.2,0.0,0.2,0.5306675459225974,0.46933245407740265
wand_text,pil_controlled,hard,0.6000000000000001,0.2,0.0,0.2,0.43880281034708024,0.5611971896529198
wand_text,wand_text,clean,0.6000000000000001,0.2,0.0,0.2,0.43606262465715406,0.5639373753428459
wand_text,wand_text,easy,0.6000000000000001,0.2,0.0,0.2,0.4368705981413524,0.5631294018586477
wand_text,wand_text,medium,0.6000000000000001,0.2,0.0,0.2,0.2387859175860882,0.7612140824139118
wand_text,wand_text,hard,0.6000000000000001,0.2,0.0,0.2,0.15927736893494923,0.8407226310650507
captcha_image,captcha_image,clean,0.6000000000000001,0.2,0.2,0.0,0.05492173134883245,0.9450782686511675
captcha_image,captcha_image,easy,0.6000000000000001,0.2,0.2,0.0,0.05391366474429769,0.9460863352557023
captcha_image,captcha_image,medium,0.6000000000000001,0.2,0.2,0.0,0.03996717189153039,0.9600328281084696
captcha_image,captcha_image,hard,0.6000000000000001,0.2,0.2,0.0,0.025514290279150004,0.97448570972085
captcha_image,opencv_text,clean,0.6000000000000001,0.2,0.2,0.0,0.037274998017152144,0.9627250019828478
captcha_image,opencv_text,easy,0.6000000000000001,0.2,0.2,0.0,0.03896238667567567,0.9610376133243244
captcha_image,opencv_text,medium,0.6000000000000001,0.2,0.2,0.0,0.04923284859061243,0.9507671514093876
captcha_image,opencv_text,hard,0.6000000000000001,0.2,0.2,0.0,0.05948625586628914,0.9405137441337108
captcha_image,pil_controlled,clean,0.6000000000000001,0.2,0.2,0.0,0.017534994830687836,0.9824650051693121
captcha_image,pil_controlled,easy,0.6000000000000001,0.2,0.2,0.0,0.018674490938584004,0.981325509061416
captcha_image,pil_controlled,medium,0.6000000000000001,0.2,0.2,0.0,0.02485368801156676,0.9751463119884333
captcha_image,pil_controlled,hard,0.6000000000000001,0.2,0.2,0.0,0.037592176210880304,0.9624078237891197
captcha_image,wand_text,clean,0.6000000000000001,0.2,0.2,0.0,0.012261761397123289,0.9877382386028767
captcha_image,wand_text,easy,0.6000000000000001,0.2,0.2,0.0,0.013763836175203312,0.9862361638247967
captcha_image,wand_text,medium,0.6000000000000001,0.2,0.2,0.0,0.013186438744266865,0.9868135612557332
captcha_image,wand_text,hard,0.6000000000000001,0.2,0.2,0.0,0.011822899401684642,0.9881771005983153
opencv_text,captcha_image,clean,0.6000000000000001,0.2,0.2,0.0,0.015233756419519573,0.9847662435804805
opencv_text,captcha_image,easy,0.6000000000000001,0.2,0.2,0.0,0.014666965123762706,0.9853330348762372
opencv_text,captcha_image,medium,0.6000000000000001,0.2,0.2,0.0,0.015281093665786706,0.9847189063342133
opencv_text,captcha_image,hard,0.6000000000000001,0.2,0.2,0.0,0.01381960984872034,0.9861803901512797
opencv_text,opencv_text,clean,0.6000000000000001,0.2,0.2,0.0,0.7999578071506886,0.20004219284931135
opencv_text,opencv_text,easy,0.6000000000000001,0.2,0.2,0.0,0.7994558469638604,0.2005441530361396
opencv_text,opencv_text,medium,0.6000000000000001,0.2,0.2,0.0,0.7983510315452241,0.20164896845477587
opencv_text,opencv_text,hard,0.6000000000000001,0.2,0.2,0.0,0.7198468966295252,0.28015310337047483
opencv_text,pil_controlled,clean,0.6000000000000001,0.2,0.2,0.0,0.21451473176345173,0.7854852682365483
opencv_text,pil_controlled,easy,0.6000000000000001,0.2,0.2,0.0,0.18745505872899826,0.8125449412710017
opencv_text,pil_controlled,medium,0.6000000000000001,0.2,0.2,0.0,0.18963582114697639,0.8103641788530236
opencv_text,pil_controlled,hard,0.6000000000000001,0.2,0.2,0.0,0.15493344478859217,0.8450665552114078
opencv_text,wand_text,clean,0.6000000000000001,0.2,0.2,0.0,0.03570528969325437,0.9642947103067456
opencv_text,wand_text,easy,0.6000000000000001,0.2,0.2,0.0,0.029635240075062023,0.970364759924938
opencv_text,wand_text,medium,0.6000000000000001,0.2,0.2,0.0,0.014484019898654239,0.9855159801013458
opencv_text,wand_text,hard,0.6000000000000001,0.2,0.2,0.0,0.01481569030965715,0.9851843096903429
pil_controlled,captcha_image,clean,0.6000000000000001,0.2,0.2,0.0,0.012289943175817233,0.9877100568241828
pil_controlled,captcha_image,easy,0.6000000000000001,0.2,0.2,0.0,0.012854237280165166,0.9871457627198348
pil_controlled,captcha_image,medium,0.6000000000000001,0.2,0.2,0.0,0.013507402286181865,0.9864925977138181
pil_controlled,captcha_image,hard,0.6000000000000001,0.2,0.2,0.0,0.014100350369264693,0.9858996496307353
pil_controlled,opencv_text,clean,0.6000000000000001,0.2,0.2,0.0,0.5588692265236139,0.4411307734763861
pil_controlled,opencv_text,easy,0.6000000000000001,0.2,0.2,0.0,0.5606002285456186,0.43939977145438136
pil_controlled,opencv_text,medium,0.6000000000000001,0.2,0.2,0.0,0.48393087544132907,0.5160691245586709
pil_controlled,opencv_text,hard,0.6000000000000001,0.2,0.2,0.0,0.3384169058349149,0.6615830941650851
pil_controlled,pil_controlled,clean,0.6000000000000001,0.2,0.2,0.0,0.797300644095307,0.202699355904693
pil_controlled,pil_controlled,easy,0.6000000000000001,0.2,0.2,0.0,0.7888953453104699,0.2111046546895301
pil_controlled,pil_controlled,medium,0.6000000000000001,0.2,0.2,0.0,0.7784584911586484,0.2215415088413516
pil_controlled,pil_controlled,hard,0.6000000000000001,0.2,0.2,0.0,0.6801476649400741,0.31985233505992594
pil_controlled,wand_text,clean,0.6000000000000001,0.2,0.2,0.0,0.18882479651171405,0.811175203488286
pil_controlled,wand_text,easy,0.6000000000000001,0.2,0.2,0.0,0.12835598736726,0.87164401263274
pil_controlled,wand_text,medium,0.6000000000000001,0.2,0.2,0.0,0.040725094647445545,0.9592749053525544
pil_controlled,wand_text,hard,0.6000000000000001,0.2,0.2,0.0,0.024965484794011915,0.975034515205988
wand_text,captcha_image,clean,0.6000000000000001,0.2,0.2,0.0,0.02430457495152951,0.9756954250484705
wand_text,captcha_image,easy,0.6000000000000001,0.2,0.2,0.0,0.023334927930434554,0.9766650720695654
wand_text,captcha_image,medium,0.6000000000000001,0.2,0.2,0.0,0.023472156848510117,0.9765278431514899
wand_text,captcha_image,hard,0.6000000000000001,0.2,0.2,0.0,0.024385780435800558,0.9756142195641995
wand_text,opencv_text,clean,0.6000000000000001,0.2,0.2,0.0,0.23201081002255278,0.7679891899774473
wand_text,opencv_text,easy,0.6000000000000001,0.2,0.2,0.0,0.21511662160704534,0.7848833783929546
wand_text,opencv_text,medium,0.6000000000000001,0.2,0.2,0.0,0.197979299018532,0.8020207009814679
wand_text,opencv_text,hard,0.6000000000000001,0.2,0.2,0.0,0.13362376125703254,0.8663762387429674
wand_text,pil_controlled,clean,0.6000000000000001,0.2,0.2,0.0,0.5078769031430285,0.49212309685697153
wand_text,pil_controlled,easy,0.6000000000000001,0.2,0.2,0.0,0.5532260566969713,0.44677394330302866
wand_text,pil_controlled,medium,0.6000000000000001,0.2,0.2,0.0,0.5029652802959086,0.4970347197040914
wand_text,pil_controlled,hard,0.6000000000000001,0.2,0.2,0.0,0.4028403010542194,0.5971596989457806
wand_text,wand_text,clean,0.6000000000000001,0.2,0.2,0.0,0.4021223155063887,0.5978776844936113
wand_text,wand_text,easy,0.6000000000000001,0.2,0.2,0.0,0.40134159351984666,0.5986584064801533
wand_text,wand_text,medium,0.6000000000000001,0.2,0.2,0.0,0.18079330533444882,0.8192066946655512
wand_text,wand_text,hard,0.6000000000000001,0.2,0.2,0.0,0.07072544415642816,0.9292745558435719
captcha_image,captcha_image,clean,0.6000000000000001,0.4,0.0,0.0,0.2979236942728361,0.702076305727164
captcha_image,captcha_image,easy,0.6000000000000001,0.4,0.0,0.0,0.29706042695045476,0.7029395730495452
captcha_image,captcha_image,medium,0.6000000000000001,0.4,0.0,0.0,0.2807861408193907,0.7192138591806093
captcha_image,captcha_image,hard,0.6000000000000001,0.4,0.0,0.0,0.26406803742647167,0.7359319625735283
captcha_image,opencv_text,clean,0.6000000000000001,0.4,0.0,0.0,0.3115530988852183,0.6884469011147817
captcha_image,opencv_text,easy,0.6000000000000001,0.4,0.0,0.0,0.30289319228728606,0.6971068077127139
captcha_image,opencv_text,medium,0.6000000000000001,0.4,0.0,0.0,0.30394656889835997,0.69605343110164
captcha_image,opencv_text,hard,0.6000000000000001,0.4,0.0,0.0,0.29990559057792027,0.7000944094220798
captcha_image,pil_controlled,clean,0.6000000000000001,0.4,0.0,0.0,0.2708234840750694,0.7291765159249306
captcha_image,pil_controlled,easy,0.6000000000000001,0.4,0.0,0.0,0.25926521827777227,0.7407347817222277
captcha_image,pil_controlled,medium,0.6000000000000001,0.4,0.0,0.0,0.2576354087193807,0.7423645912806194
captcha_image,pil_controlled,hard,0.6000000000000001,0.4,0.0,0.0,0.2608567972024282,0.7391432027975717
captcha_image,wand_text,clean,0.6000000000000001,0.4,0.0,0.0,0.2644071229259173,0.7355928770740827
captcha_image,wand_text,easy,0.6000000000000001,0.4,0.0,0.0,0.2498701723098755,0.7501298276901245
captcha_image,wand_text,medium,0.6000000000000001,0.4,0.0,0.0,0.20907848048607514,0.7909215195139249
captcha_image,wand_text,hard,0.6000000000000001,0.4,0.0,0.0,0.18064587844212857,0.8193541215578715
opencv_text,captcha_image,clean,0.6000000000000001,0.4,0.0,0.0,0.10077245858510331,0.8992275414148967
opencv_text,captcha_image,easy,0.6000000000000001,0.4,0.0,0.0,0.09525980838139853,0.9047401916186015
opencv_text,captcha_image,medium,0.6000000000000001,0.4,0.0,0.0,0.09540544310410817,0.9045945568958919
opencv_text,captcha_image,hard,0.6000000000000001,0.4,0.0,0.0,0.08658282410303753,0.9134171758969625
opencv_text,opencv_text,clean,0.6000000000000001,0.4,0.0,0.0,0.9999748900095623,2.510999043769946e-05
opencv_text,opencv_text,easy,0.6000000000000001,0.4,0.0,0.0,0.9993753070354463,0.0006246929645536969
opencv_text,opencv_text,medium,0.6000000000000001,0.4,0.0,0.0,0.9981815859158836,0.0018184140841164265
opencv_text,opencv_text,hard,0.6000000000000001,0.4,0.0,0.0,0.905149704917272,0.09485029508272802
opencv_text,pil_controlled,clean,0.6000000000000001,0.4,0.0,0.0,0.29408166206677755,0.7059183379332225
opencv_text,pil_controlled,easy,0.6000000000000001,0.4,0.0,0.0,0.2600052551587423,0.7399947448412577
opencv_text,pil_controlled,medium,0.6000000000000001,0.4,0.0,0.0,0.26312921385765076,0.7368707861423492
opencv_text,pil_controlled,hard,0.6000000000000001,0.4,0.0,0.0,0.22238937541643783,0.7776106245835621
opencv_text,wand_text,clean,0.6000000000000001,0.4,0.0,0.0,0.09909555257161459,0.9009044474283854
opencv_text,wand_text,easy,0.6000000000000001,0.4,0.0,0.0,0.09162359619935352,0.9083764038006464
opencv_text,wand_text,medium,0.6000000000000001,0.4,0.0,0.0,0.07200719916025791,0.9279928008397421
opencv_text,wand_text,hard,0.6000000000000001,0.4,0.0,0.0,0.07171398795445753,0.9282860120455425
pil_controlled,captcha_image,clean,0.6000000000000001,0.4,0.0,0.0,0.08415806632836663,0.9158419336716334
pil_controlled,captcha_image,easy,0.6000000000000001,0.4,0.0,0.0,0.0877003140370051,0.9122996859629949
pil_controlled,captcha_image,medium,0.6000000000000001,0.4,0.0,0.0,0.09259593028227489,0.9074040697177251
pil_controlled,captcha_image,hard,0.6000000000000001,0.4,0.0,0.0,0.09460040822029114,0.9053995917797089
pil_controlled,opencv_text,clean,0.6000000000000001,0.4,0.0,0.0,0.70944108599027,0.29055891400973
pil_controlled,opencv_text,easy,0.6000000000000001,0.4,0.0,0.0,0.7116453893184662,0.2883546106815338
pil_controlled,opencv_text,medium,0.6000000000000001,0.4,0.0,0.0,0.6208928864638013,0.37910711353619875
pil_controlled,opencv_text,hard,0.6000000000000001,0.4,0.0,0.0,0.45143012110392255,0.5485698788960774
pil_controlled,pil_controlled,clean,0.6000000000000001,0.4,0.0,0.0,0.9973176301638287,0.0026823698361713166
pil_controlled,pil_controlled,easy,0.6000000000000001,0.4,0.0,0.0,0.9872454778194428,0.01275452218055717
pil_controlled,pil_controlled,medium,0.6000000000000001,0.4,0.0,0.0,0.975714152399699,0.024285847600300947
pil_controlled,pil_controlled,hard,0.6000000000000001,0.4,0.0,0.0,0.8598218770345052,0.1401781229654948
pil_controlled,wand_text,clean,0.6000000000000001,0.4,0.0,0.0,0.2814944857597351,0.7185055142402649
pil_controlled,wand_text,easy,0.6000000000000001,0.4,0.0,0.0,0.21341764377752942,0.7865823562224705
pil_controlled,wand_text,medium,0.6000000000000001,0.4,0.0,0.0,0.11186835301717121,0.8881316469828288
pil_controlled,wand_text,hard,0.6000000000000001,0.4,0.0,0.0,0.09328333380222316,0.9067166661977768
wand_text,captcha_image,clean,0.6000000000000001,0.4,0.0,0.0,0.16611554768085482,0.8338844523191452
wand_text,captcha_image,easy,0.6000000000000001,0.4,0.0,0.0,0.173572770969073,0.826427229030927
wand_text,captcha_image,medium,0.6000000000000001,0.4,0.0,0.0,0.17995723594824475,0.8200427640517552
wand_text,captcha_image,hard,0.6000000000000001,0.4,0.0,0.0,0.17655650300979617,0.8234434969902038
wand_text,opencv_text,clean,0.6000000000000001,0.4,0.0,0.0,0.3737409964561462,0.6262590035438538
wand_text,opencv_text,easy,0.6000000000000001,0.4,0.0,0.0,0.3490570086956024,0.6509429913043976
wand_text,opencv_text,medium,0.6000000000000001,0.4,0.0,0.0,0.33356736172835033,0.6664326382716497
wand_text,opencv_text,hard,0.6000000000000001,0.4,0.0,0.0,0.2726518339554469,0.7273481660445531
wand_text,pil_controlled,clean,0.6000000000000001,0.4,0.0,0.0,0.6927585394541423,0.30724146054585766
wand_text,pil_controlled,easy,0.6000000000000001,0.4,0.0,0.0,0.7470929571469627,0.25290704285303733
wand_text,pil_controlled,medium,0.6000000000000001,0.4,0.0,0.0,0.6897350918451945,0.31026490815480545
wand_text,pil_controlled,hard,0.6000000000000001,0.4,0.0,0.0,0.5828056206941605,0.41719437930583947
wand_text,wand_text,clean,0.6000000000000001,0.4,0.0,0.0,0.5777252493143081,0.42227475068569187
wand_text,wand_text,easy,0.6000000000000001,0.4,0.0,0.0,0.5801411962827048,0.4198588037172952
wand_text,wand_text,medium,0.6000000000000001,0.4,0.0,0.0,0.35277183517217636,0.6472281648278236
wand_text,wand_text,hard,0.6000000000000001,0.4,0.0,0.0,0.2769547378698985,0.7230452621301016
captcha_image,captcha_image,clean,0.8,0.0,0.0,0.2,0.04426666666666664,0.9557333333333333
captcha_image,captcha_image,easy,0.8,0.0,0.0,0.2,0.0432,0.9568
captcha_image,captcha_image,medium,0.8,0.0,0.0,0.2,0.0288,0.9712
captcha_image,captcha_image,hard,0.8,0.0,0.0,0.2,0.0144,0.9856
captcha_image,opencv_text,clean,0.8,0.0,0.0,0.2,0.0288,0.9712
captcha_image,opencv_text,easy,0.8,0.0,0.0,0.2,0.02933333333333328,0.9706666666666667
captcha_image,opencv_text,medium,0.8,0.0,0.0,0.2,0.038400000000000004,0.9616
captcha_image,opencv_text,hard,0.8,0.0,0.0,0.2,0.04746666666666664,0.9525333333333333
captcha_image,pil_controlled,clean,0.8,0.0,0.0,0.2,0.005866666666666641,0.9941333333333333
captcha_image,pil_controlled,easy,0.8,0.0,0.0,0.2,0.005866666666666641,0.9941333333333333
captcha_image,pil_controlled,medium,0.8,0.0,0.0,0.2,0.011733333333333281,0.9882666666666667
captcha_image,pil_controlled,hard,0.8,0.0,0.0,0.2,0.024,0.976
captcha_image,wand_text,clean,0.8,0.0,0.0,0.2,0.00053333333333328,0.9994666666666667
captcha_image,wand_text,easy,0.8,0.0,0.0,0.2,0.00106666666666664,0.9989333333333333
captcha_image,wand_text,medium,0.8,0.0,0.0,0.2,0.0016,0.9984
captcha_image,wand_text,hard,0.8,0.0,0.0,0.2,0.0016,0.9984
opencv_text,captcha_image,clean,0.8,0.0,0.0,0.2,0.0,1.0
opencv_text,captcha_image,easy,0.8,0.0,0.0,0.2,0.0,1.0
opencv_text,captcha_image,medium,0.8,0.0,0.0,0.2,0.0,1.0
opencv_text,captcha_image,hard,0.8,0.0,0.0,0.2,0.0,1.0
opencv_text,opencv_text,clean,0.8,0.0,0.0,0.2,0.8,0.19999999999999996
opencv_text,opencv_text,easy,0.8,0.0,0.0,0.2,0.7994666666666665,0.20053333333333345
opencv_text,opencv_text,medium,0.8,0.0,0.0,0.2,0.7984,0.2016
opencv_text,opencv_text,hard,0.8,0.0,0.0,0.2,0.7189333333333333,0.2810666666666667
opencv_text,pil_controlled,clean,0.8,0.0,0.0,0.2,0.20906666666666665,0.7909333333333334
opencv_text,pil_controlled,easy,0.8,0.0,0.0,0.2,0.18186666666666665,0.8181333333333334
opencv_text,pil_controlled,medium,0.8,0.0,0.0,0.2,0.18400000000000002,0.816
opencv_text,pil_controlled,hard,0.8,0.0,0.0,0.2,0.14880000000000002,0.8512
opencv_text,wand_text,clean,0.8,0.0,0.0,0.2,0.025066666666666643,0.9749333333333333
opencv_text,wand_text,easy,0.8,0.0,0.0,0.2,0.01866666666666664,0.9813333333333334
opencv_text,wand_text,medium,0.8,0.0,0.0,0.2,0.0037333333333332804,0.9962666666666667
opencv_text,wand_text,hard,0.8,0.0,0.0,0.2,0.0037333333333332804,0.9962666666666667
pil_controlled,captcha_image,clean,0.8,0.0,0.0,0.2,0.0,1.0
pil_controlled,captcha_image,easy,0.8,0.0,0.0,0.2,0.0,1.0
pil_controlled,captcha_image,medium,0.8,0.0,0.0,0.2,0.0,1.0
pil_controlled,captcha_image,hard,0.8,0.0,0.0,0.2,0.0,1.0
pil_controlled,opencv_text,clean,0.8,0.0,0.0,0.2,0.5568,0.44320000000000004
pil_controlled,opencv_text,easy,0.8,0.0,0.0,0.2,0.5584,0.4416
pil_controlled,opencv_text,medium,0.8,0.0,0.0,0.2,0.48053333333333337,0.5194666666666666
pil_controlled,opencv_text,hard,0.8,0.0,0.0,0.2,0.3328,0.6672
pil_controlled,pil_controlled,clean,0.8,0.0,0.0,0.2,0.7973333333333334,0.20266666666666655
pil_controlled,pil_controlled,easy,0.8,0.0,0.0,0.2,0.7888000000000001,0.21119999999999994
pil_controlled,pil_controlled,medium,0.8,0.0,0.0,0.2,0.7781333333333335,0.22186666666666655
pil_controlled,pil_controlled,hard,0.8,0.0,0.0,0.2,0.6784,0.3216
pil_controlled,wand_text,clean,0.8,0.0,0.0,0.2,0.18026666666666666,0.8197333333333333
pil_controlled,wand_text,easy,0.8,0.0,0.0,0.2,0.1184,0.8815999999999999
pil_controlled,wand_text,medium,0.8,0.0,0.0,0.2,0.02933333333333328,0.9706666666666667
pil_controlled,wand_text,hard,0.8,0.0,0.0,0.2,0.01333333333333328,0.9866666666666667
wand_text,captcha_image,clean,0.8,0.0,0.0,0.2,0.0,1.0
wand_text,captcha_image,easy,0.8,0.0,0.0,0.2,0.0,1.0
wand_text,captcha_image,medium,0.8,0.0,0.0,0.2,0.0,1.0
wand_text,captcha_image,hard,0.8,0.0,0.0,0.2,0.0,1.0
wand_text,opencv_text,clean,0.8,0.0,0.0,0.2,0.2213333333333333,0.7786666666666667
wand_text,opencv_text,easy,0.8,0.0,0.0,0.2,0.20426666666666665,0.7957333333333334
wand_text,opencv_text,medium,0.8,0.0,0.0,0.2,0.1861333333333333,0.8138666666666667
wand_text,opencv_text,hard,0.8,0.0,0.0,0.2,0.12,0.88
wand_text,pil_controlled,clean,0.8,0.0,0.0,0.2,0.5008,0.4992
wand_text,pil_controlled,easy,0.8,0.0,0.0,0.2,0.5466666666666667,0.45333333333333325
wand_text,pil_controlled,medium,0.8,0.0,0.0,0.2,0.49546666666666667,0.5045333333333333
wand_text,pil_controlled,hard,0.8,0.0,0.0,0.2,0.3930666666666667,0.6069333333333333
wand_text,wand_text,clean,0.8,0.0,0.0,0.2,0.3925333333333333,0.6074666666666667
wand_text,wand_text,easy,0.8,0.0,0.0,0.2,0.39146666666666663,0.6085333333333334
wand_text,wand_text,medium,0.8,0.0,0.0,0.2,0.1664,0.8336
wand_text,wand_text,hard,0.8,0.0,0.0,0.2,0.05546666666666664,0.9445333333333333
captcha_image,captcha_image,clean,0.8,0.0,0.2,0.0,0.0,1.0
captcha_image,captcha_image,easy,0.8,0.0,0.2,0.0,0.0,1.0
captcha_image,captcha_image,medium,0.8,0.0,0.2,0.0,0.0,1.0
captcha_image,captcha_image,hard,0.8,0.0,0.2,0.0,0.0,1.0
captcha_image,opencv_text,clean,0.8,0.0,0.2,0.0,0.0,1.0
captcha_image,opencv_text,easy,0.8,0.0,0.2,0.0,0.0,1.0
captcha_image,opencv_text,medium,0.8,0.0,0.2,0.0,0.0,1.0
captcha_image,opencv_text,hard,0.8,0.0,0.2,0.0,0.0,1.0
captcha_image,pil_controlled,clean,0.8,0.0,0.2,0.0,0.0,1.0
captcha_image,pil_controlled,easy,0.8,0.0,0.2,0.0,0.0,1.0
captcha_image,pil_controlled,medium,0.8,0.0,0.2,0.0,0.0,1.0
captcha_image,pil_controlled,hard,0.8,0.0,0.2,0.0,0.0,1.0
captcha_image,wand_text,clean,0.8,0.0,0.2,0.0,0.0,1.0
captcha_image,wand_text,easy,0.8,0.0,0.2,0.0,0.0,1.0
captcha_image,wand_text,medium,0.8,0.0,0.2,0.0,0.0,1.0
captcha_image,wand_text,hard,0.8,0.0,0.2,0.0,0.0,1.0
opencv_text,captcha_image,clean,0.8,0.0,0.2,0.0,0.0,1.0
opencv_text,captcha_image,easy,0.8,0.0,0.2,0.0,0.0,1.0
opencv_text,captcha_image,medium,0.8,0.0,0.2,0.0,0.0,1.0
opencv_text,captcha_image,hard,0.8,0.0,0.2,0.0,0.0,1.0
opencv_text,opencv_text,clean,0.8,0.0,0.2,0.0,0.7999703621459074,0.20002963785409256
opencv_text,opencv_text,easy,0.8,0.0,0.2,0.0,0.7994348601128038,0.20056513988719615
opencv_text,opencv_text,medium,0.8,0.0,0.2,0.0,0.7982602385872823,0.20173976141271766
opencv_text,opencv_text,hard,0.8,0.0,0.2,0.0,0.7166053775042225,0.2833946224957775
opencv_text,pil_controlled,clean,0.8,0.0,0.2,0.0,0.19814056739672958,0.8018594326032704
opencv_text,pil_controlled,easy,0.8,0.0,0.2,0.0,0.17111909781629378,0.8288809021837062
opencv_text,pil_controlled,medium,0.8,0.0,0.2,0.0,0.17307121421815103,0.826928785781849
opencv_text,pil_controlled,hard,0.8,0.0,0.2,0.0,0.1367387570803733,0.8632612429196267
opencv_text,wand_text,clean,0.8,0.0,0.2,0.0,0.0018241800741137237,0.9981758199258863
opencv_text,wand_text,easy,0.8,0.0,0.2,0.0,0.0,1.0
opencv_text,wand_text,medium,0.8,0.0,0.2,0.0,0.0,1.0
opencv_text,wand_text,hard,0.8,0.0,0.2,0.0,0.0,1.0
pil_controlled,captcha_image,clean,0.8,0.0,0.2,0.0,0.0,1.0
pil_controlled,captcha_image,easy,0.8,0.0,0.2,0.0,0.0,1.0
pil_controlled,captcha_image,medium,0.8,0.0,0.2,0.0,0.0,1.0
pil_controlled,captcha_image,hard,0.8,0.0,0.2,0.0,0.0,1.0
pil_controlled,opencv_text,clean,0.8,0.0,0.2,0.0,0.5521486835284789,0.4478513164715211
pil_controlled,opencv_text,easy,0.8,0.0,0.2,0.0,0.5537775338863855,0.4462224661136145
pil_controlled,opencv_text,medium,0.8,0.0,0.2,0.0,0.4738177655427618,0.5261822344572382
pil_controlled,opencv_text,hard,0.8,0.0,0.2,0.0,0.3207018452829536,0.6792981547170465
pil_controlled,pil_controlled,clean,0.8,0.0,0.2,0.0,0.7969751623467259,0.20302483765327406
pil_controlled,pil_controlled,easy,0.8,0.0,0.2,0.0,0.7882726064007485,0.21172739359925152
pil_controlled,pil_controlled,medium,0.8,0.0,0.2,0.0,0.7769347482921323,0.22306525170786773
pil_controlled,pil_controlled,hard,0.8,0.0,0.2,0.0,0.6742367264228214,0.3257632735771786
pil_controlled,wand_text,clean,0.8,0.0,0.2,0.0,0.16074422029851315,0.8392557797014868
pil_controlled,wand_text,easy,0.8,0.0,0.2,0.0,0.0956471654784953,0.9043528345215047
pil_controlled,wand_text,medium,0.8,0.0,0.2,0.0,0.003124251472193241,0.9968757485278068
pil_controlled,wand_text,hard,0.8,0.0,0.2,0.0,0.0,1.0
wand_text,captcha_image,clean,0.8,0.0,0.2,0.0,0.0,1.0
wand_text,captcha_image,easy,0.8,0.0,0.2,0.0,0.0,1.0
wand_text,captcha_image,medium,0.8,0.0,0.2,0.0,0.0,1.0
wand_text,captcha_image,hard,0.8,0.0,0.2,0.0,0.0,1.0
wand_text,opencv_text,clean,0.8,0.0,0.2,0.0,0.183473645127813,0.816526354872187
wand_text,opencv_text,easy,0.8,0.0,0.2,0.0,0.16825478392591078,0.8317452160740892
wand_text,opencv_text,medium,0.8,0.0,0.2,0.0,0.14752895148769016,0.8524710485123098
wand_text,opencv_text,hard,0.8,0.0,0.2,0.0,0.0722978442793091,0.9277021557206909
wand_text,pil_controlled,clean,0.8,0.0,0.2,0.0,0.4744976334159573,0.5255023665840427
wand_text,pil_controlled,easy,0.8,0.0,0.2,0.0,0.5213462447901568,0.4786537552098432
wand_text,pil_controlled,medium,0.8,0.0,0.2,0.0,0.46776440103997785,0.5322355989600221
wand_text,pil_controlled,hard,0.8,0.0,0.2,0.0,0.35710415737380585,0.6428958426261941
wand_text,wand_text,clean,0.8,0.0,0.2,0.0,0.35859302418256794,0.6414069758174321
wand_text,wand_text,easy,0.8,0.0,0.2,0.0,0.35593766204516086,0.6440623379548391
wand_text,wand_text,medium,0.8,0.0,0.2,0.0,0.10840738774836062,0.8915926122516393
wand_text,wand_text,hard,0.8,0.0,0.2,0.0,0.0,1.0
captcha_image,captcha_image,clean,0.8,0.2,0.0,0.0,0.1766285138030847,0.8233714861969152
captcha_image,captcha_image,easy,0.8,0.2,0.0,0.0,0.1755302134752274,0.8244697865247725
captcha_image,captcha_image,medium,0.8,0.2,0.0,0.0,0.15839307040969533,0.8416069295903047
captcha_image,captcha_image,hard,0.8,0.2,0.0,0.0,0.14103401871323584,0.8589659812867642
captcha_image,opencv_text,clean,0.8,0.2,0.0,0.0,0.17377654944260915,0.8262234505573909
captcha_image,opencv_text,easy,0.8,0.2,0.0,0.0,0.16977992947697634,0.8302200705230236
captcha_image,opencv_text,medium,0.8,0.2,0.0,0.0,0.17597328444917998,0.8240267155508201
captcha_image,opencv_text,hard,0.8,0.2,0.0,0.0,0.17961946195562678,0.8203805380443732
captcha_image,pil_controlled,clean,0.8,0.2,0.0,0.0,0.13907840870420135,0.8609215912957986
captcha_image,pil_controlled,easy,0.8,0.2,0.0,0.0,0.13329927580555279,0.8667007241944472
captcha_image,pil_controlled,medium,0.8,0.2,0.0,0.0,0.13615103769302364,0.8638489623069764
captcha_image,pil_controlled,hard,0.8,0.2,0.0,0.0,0.14542839860121412,0.8545716013987859
captcha_image,wand_text,clean,0.8,0.2,0.0,0.0,0.13253689479629194,0.8674631052037081
captcha_image,wand_text,easy,0.8,0.2,0.0,0.0,0.1256017528216044,0.8743982471783955
captcha_image,wand_text,medium,0.8,0.2,0.0,0.0,0.10553924024303757,0.8944607597569625
captcha_image,wand_text,hard,0.8,0.2,0.0,0.0,0.09132293922106428,0.9086770607789357
opencv_text,captcha_image,clean,0.8,0.2,0.0,0.0,0.050386229292551654,0.9496137707074483
opencv_text,captcha_image,easy,0.8,0.2,0.0,0.0,0.04762990419069926,0.9523700958093008
opencv_text,captcha_image,medium,0.8,0.2,0.0,0.0,0.047702721552054086,0.9522972784479459
opencv_text,captcha_image,hard,0.8,0.2,0.0,0.0,0.04329141205151876,0.9567085879484812
opencv_text,opencv_text,clean,0.8,0.2,0.0,0.0,0.9999874450047812,1.2554995218794218e-05
opencv_text,opencv_text,easy,0.8,0.2,0.0,0.0,0.9993543201843896,0.0006456798156103671
opencv_text,opencv_text,medium,0.8,0.2,0.0,0.0,0.9980907929579417,0.0019092070420583251
opencv_text,opencv_text,hard,0.8,0.2,0.0,0.0,0.9019081857919693,0.0980918142080307
opencv_text,pil_controlled,clean,0.8,0.2,0.0,0.0,0.27770749770005543,0.7222925022999446
opencv_text,pil_controlled,easy,0.8,0.2,0.0,0.0,0.24366929424603778,0.7563307057539622
opencv_text,pil_controlled,medium,0.8,0.2,0.0,0.0,0.24656460692882537,0.7534353930711746
opencv_text,pil_controlled,hard,0.8,0.2,0.0,0.0,0.2041946877082189,0.7958053122917811
opencv_text,wand_text,clean,0.8,0.2,0.0,0.0,0.06521444295247394,0.9347855570475261
opencv_text,wand_text,easy,0.8,0.2,0.0,0.0,0.05747846476634341,0.9425215352336566
opencv_text,wand_text,medium,0.8,0.2,0.0,0.0,0.03833693291346226,0.9616630670865377
opencv_text,wand_text,hard,0.8,0.2,0.0,0.0,0.03819032731056207,0.961809672689438
pil_controlled,captcha_image,clean,0.8,0.2,0.0,0.0,0.042079033164183315,0.9579209668358167
pil_controlled,captcha_image,easy,0.8,0.2,0.0,0.0,0.04385015701850255,0.9561498429814974
pil_controlled,captcha_image,medium,0.8,0.2,0.0,0.0,0.046297965141137445,0.9537020348588625
pil_controlled,captcha_image,hard,0.8,0.2,0.0,0.0,0.04730020411014557,0.9526997958898544
pil_controlled,opencv_text,clean,0.8,0.2,0.0,0.0,0.702720542995135,0.297279457004865
pil_controlled,opencv_text,easy,0.8,0.2,0.0,0.0,0.7048226946592331,0.2951773053407669
pil_controlled,opencv_text,medium,0.8,0.2,0.0,0.0,0.610779776565234,0.38922022343476603
pil_controlled,opencv_text,hard,0.8,0.2,0.0,0.0,0.43371506055196124,0.5662849394480387
pil_controlled,pil_controlled,clean,0.8,0.2,0.0,0.0,0.9969921484152477,0.0030078515847522524
pil_controlled,pil_controlled,easy,0.8,0.2,0.0,0.0,0.9866227389097214,0.013377261090278592
pil_controlled,pil_controlled,medium,0.8,0.2,0.0,0.0,0.9741904095331829,0.02580959046681708
pil_controlled,pil_controlled,hard,0.8,0.2,0.0,0.0,0.8539109385172526,0.14608906148274736
pil_controlled,wand_text,clean,0.8,0.2,0.0,0.0,0.2534139095465342,0.7465860904534658
pil_controlled,wand_text,easy,0.8,0.2,0.0,0.0,0.1807088218887647,0.8192911781112353
pil_controlled,wand_text,medium,0.8,0.2,0.0,0.0,0.0742675098419189,0.9257324901580811
pil_controlled,wand_text,hard,0.8,0.2,0.0,0.0,0.054975000234444876,0.9450249997655551
wand_text,captcha_image,clean,0.8,0.2,0.0,0.0,0.08305777384042741,0.9169422261595725
wand_text,captcha_image,easy,0.8,0.2,0.0,0.0,0.0867863854845365,0.9132136145154635
wand_text,captcha_image,medium,0.8,0.2,0.0,0.0,0.08997861797412238,0.9100213820258776
wand_text,captcha_image,hard,0.8,0.2,0.0,0.0,0.08827825150489808,0.9117217484951019
wand_text,opencv_text,clean,0.8,0.2,0.0,0.0,0.3252038315614064,0.6747961684385936
wand_text,opencv_text,easy,0.8,0.2,0.0,0.0,0.30219517101446786,0.6978048289855321
wand_text,opencv_text,medium,0.8,0.2,0.0,0.0,0.28311701419750845,0.7168829858024915
wand_text,opencv_text,hard,0.8,0.2,0.0,0.0,0.21132591697772343,0.7886740830222766
wand_text,pil_controlled,clean,0.8,0.2,0.0,0.0,0.6593792697270712,0.34062073027292883
wand_text,pil_controlled,easy,0.8,0.2,0.0,0.0,0.715213145240148,0.284786854759852
wand_text,pil_controlled,medium,0.8,0.2,0.0,0.0,0.6545342125892639,0.3454657874107361
wand_text,pil_controlled,hard,0.8,0.2,0.0,0.0,0.537069477013747,0.46293052298625303
wand_text,wand_text,clean,0.8,0.2,0.0,0.0,0.5341959579904874,0.46580404200951264
wand_text,wand_text,easy,0.8,0.2,0.0,0.0,0.534737264808019,0.465262735191981
wand_text,wand_text,medium,0.8,0.2,0.0,0.0,0.28038591758608816,0.7196140824139119
wand_text,wand_text,hard,0.8,0.2,0.0,0.0,0.1731440356016159,0.8268559643983842
captcha_image,captcha_image,clean,1.0,0.0,0.0,0.0,0.0553333333333333,0.9446666666666667
captcha_image,captcha_image,easy,1.0,0.0,0.0,0.0,0.054,0.946
captcha_image,captcha_image,medium,1.0,0.0,0.0,0.0,0.036,0.964
captcha_image,captcha_image,hard,1.0,0.0,0.0,0.0,0.018,0.982
captcha_image,opencv_text,clean,1.0,0.0,0.0,0.0,0.036,0.964
captcha_image,opencv_text,easy,1.0,0.0,0.0,0.0,0.0366666666666666,0.9633333333333334
captcha_image,opencv_text,medium,1.0,0.0,0.0,0.0,0.048,0.952
captcha_image,opencv_text,hard,1.0,0.0,0.0,0.0,0.0593333333333333,0.9406666666666667
captcha_image,pil_controlled,clean,1.0,0.0,0.0,0.0,0.0073333333333333,0.9926666666666667
captcha_image,pil_controlled,easy,1.0,0.0,0.0,0.0,0.0073333333333333,0.9926666666666667
captcha_image,pil_controlled,medium,1.0,0.0,0.0,0.0,0.0146666666666666,0.9853333333333334
captcha_image,pil_controlled,hard,1.0,0.0,0.0,0.0,0.03,0.97
captcha_image,wand_text,clean,1.0,0.0,0.0,0.0,0.0006666666666666,0.9993333333333334
captcha_image,wand_text,easy,1.0,0.0,0.0,0.0,0.0013333333333333,0.9986666666666667
captcha_image,wand_text,medium,1.0,0.0,0.0,0.0,0.002,0.998
captcha_image,wand_text,hard,1.0,0.0,0.0,0.0,0.002,0.998
opencv_text,captcha_image,clean,1.0,0.0,0.0,0.0,0.0,1.0
opencv_text,captcha_image,easy,1.0,0.0,0.0,0.0,0.0,1.0
opencv_text,captcha_image,medium,1.0,0.0,0.0,0.0,0.0,1.0
opencv_text,captcha_image,hard,1.0,0.0,0.0,0.0,0.0,1.0
opencv_text,opencv_text,clean,1.0,0.0,0.0,0.0,1.0,0.0
opencv_text,opencv_text,easy,1.0,0.0,0.0,0.0,0.9993333333333332,0.0006666666666668153
opencv_text,opencv_text,medium,1.0,0.0,0.0,0.0,0.998,0.0020000000000000018
opencv_text,opencv_text,hard,1.0,0.0,0.0,0.0,0.8986666666666666,0.10133333333333339
opencv_text,pil_controlled,clean,1.0,0.0,0.0,0.0,0.2613333333333333,0.7386666666666667
opencv_text,pil_controlled,easy,1.0,0.0,0.0,0.0,0.2273333333333333,0.7726666666666667
opencv_text,pil_controlled,medium,1.0,0.0,0.0,0.0,0.23,0.77
opencv_text,pil_controlled,hard,1.0,0.0,0.0,0.0,0.186,0.8140000000000001
opencv_text,wand_text,clean,1.0,0.0,0.0,0.0,0.0313333333333333,0.9686666666666667
opencv_text,wand_text,easy,1.0,0.0,0.0,0.0,0.0233333333333333,0.9766666666666667
opencv_text,wand_text,medium,1.0,0.0,0.0,0.0,0.0046666666666666,0.9953333333333334
opencv_text,wand_text,hard,1.0,0.0,0.0,0.0,0.0046666666666666,0.9953333333333334
pil_controlled,captcha_image,clean,1.0,0.0,0.0,0.0,0.0,1.0
pil_controlled,captcha_image,easy,1.0,0.0,0.0,0.0,0.0,1.0
pil_controlled,captcha_image,medium,1.0,0.0,0.0,0.0,0.0,1.0
pil_controlled,captcha_image,hard,1.0,0.0,0.0,0.0,0.0,1.0
pil_controlled,opencv_text,clean,1.0,0.0,0.0,0.0,0.696,0.30400000000000005
pil_controlled,opencv_text,easy,1.0,0.0,0.0,0.0,0.698,0.30200000000000005
pil_controlled,opencv_text,medium,1.0,0.0,0.0,0.0,0.6006666666666667,0.3993333333333333
pil_controlled,opencv_text,hard,1.0,0.0,0.0,0.0,0.416,0.5840000000000001
pil_controlled,pil_controlled,clean,1.0,0.0,0.0,0.0,0.9966666666666668,0.0033333333333331883
pil_controlled,pil_controlled,easy,1.0,0.0,0.0,0.0,0.986,0.014000000000000012
pil_controlled,pil_controlled,medium,1.0,0.0,0.0,0.0,0.9726666666666668,0.02733333333333321
pil_controlled,pil_controlled,hard,1.0,0.0,0.0,0.0,0.848,0.15200000000000002
pil_controlled,wand_text,clean,1.0,0.0,0.0,0.0,0.2253333333333333,0.7746666666666667
pil_controlled,wand_text,easy,1.0,0.0,0.0,0.0,0.148,0.852
pil_controlled,wand_text,medium,1.0,0.0,0.0,0.0,0.0366666666666666,0.9633333333333334
pil_controlled,wand_text,hard,1.0,0.0,0.0,0.0,0.0166666666666666,0.9833333333333334
wand_text,captcha_image,clean,1.0,0.0,0.0,0.0,0.0,1.0
wand_text,captcha_image,easy,1.0,0.0,0.0,0.0,0.0,1.0
wand_text,captcha_image,medium,1.0,0.0,0.0,0.0,0.0,1.0
wand_text,captcha_image,hard,1.0,0.0,0.0,0.0,0.0,1.0
wand_text,opencv_text,clean,1.0,0.0,0.0,0.0,0.2766666666666666,0.7233333333333334
wand_text,opencv_text,easy,1.0,0.0,0.0,0.0,0.2553333333333333,0.7446666666666667
wand_text,opencv_text,medium,1.0,0.0,0.0,0.0,0.2326666666666666,0.7673333333333334
wand_text,opencv_text,hard,1.0,0.0,0.0,0.0,0.15,0.85
wand_text,pil_controlled,clean,1.0,0.0,0.0,0.0,0.626,0.374
wand_text,pil_controlled,easy,1.0,0.0,0.0,0.0,0.6833333333333333,0.31666666666666665
wand_text,pil_controlled,medium,1.0,0.0,0.0,0.0,0.6193333333333333,0.3806666666666667
wand_text,pil_controlled,hard,1.0,0.0,0.0,0.0,0.4913333333333333,0.5086666666666667
wand_text,wand_text,clean,1.0,0.0,0.0,0.0,0.4906666666666666,0.5093333333333334
wand_text,wand_text,easy,1.0,0.0,0.0,0.0,0.4893333333333333,0.5106666666666667
wand_text,wand_text,medium,1.0,0.0,0.0,0.0,0.208,0.792
wand_text,wand_text,hard,1.0,0.0,0.0,0.0,0.0693333333333333,0.9306666666666668
