filename,split,text,generator_name,difficulty,pixel_mean,pixel_std,background_std,foreground_fraction,fft_high_frequency_ratio,background_fft_high_frequency_ratio,declared_distortion_magnitude,declared_clean,suspicious_clean_mismatch,integrity_score
captcha_image_clean_000000.png,train,UN9DH,captcha_image,clean,222.089625,37.78630495774064,0.19401058090324277,0.3134375,0.6709851032563623,0.9314410510677783,0.0,True,True,0.0
captcha_image_clean_000001.png,val,VMACS,captcha_image,clean,221.5133125,42.882223272322804,0.12870412177916796,0.326375,0.6368236340797682,0.9276092509177242,0.0,True,True,0.0
captcha_image_clean_000002.png,test,S6CY5,captcha_image,clean,227.0563125,40.272940871040745,0.0,0.2561875,0.6300052841763557,0.0,0.0,True,False,1.0
captcha_image_clean_000003.png,train,8D9QU,captcha_image,clean,220.8388125,47.52139866512605,0.12561985625986063,0.360875,0.5946875725805092,0.9394229740246995,0.0,True,True,0.0
captcha_image_clean_000004.png,train,5TEMY,captcha_image,clean,218.13025,43.89479365411689,0.13702387960839732,0.35225,0.579124410841584,0.9325464152916565,0.0,True,True,0.0
captcha_image_clean_000005.png,train,BAEXC,captcha_image,clean,216.5355625,41.58091491668496,0.1942961375398236,0.3575625,0.6035983312489523,0.9315864411176703,0.0,True,True,0.0
captcha_image_clean_000006.png,train,W8TB4,captcha_image,clean,226.882125,40.45713448187322,0.0,0.3405625,0.6690904422190216,0.0,0.0,True,False,1.0
captcha_image_clean_000007.png,train,5HUKB,captcha_image,clean,223.7091875,39.513499156488834,0.18596439317530628,0.362375,0.655768432909917,0.9337335148706453,0.0,True,True,0.0
captcha_image_clean_000008.png,val,JQTJN,captcha_image,clean,228.8838125,33.56608128699035,0.03974660728988646,0.2885625,0.6138920636556613,0.9534420226024847,0.0,True,True,0.0
captcha_image_clean_000009.png,train,MYAH7,captcha_image,clean,222.7871875,44.09782334015868,0.07168687211671221,0.35875,0.6275800099674205,0.9430458203826445,0.0,True,True,0.0
captcha_image_clean_000010.png,test,FBKD2,captcha_image,clean,232.4943125,27.647734403606087,0.0,0.328,0.594631991569644,0.0,0.0,True,False,1.0
captcha_image_clean_000011.png,train,E8G6H,captcha_image,clean,220.0668125,43.909733813698345,0.0,0.3718125,0.609443987086187,0.0,0.0,True,False,1.0
captcha_image_clean_000012.png,train,YNQK9,captcha_image,clean,229.243625,32.358476816119996,0.0,0.2749375,0.6330467414868344,0.0,0.0,True,False,1.0
captcha_image_clean_000013.png,train,WLGT9,captcha_image,clean,222.9668125,39.77857414601287,0.14165634938201876,0.3135625,0.642264127818001,0.9275809237707006,0.0,True,True,0.0
captcha_image_clean_000014.png,train,KGTJM,captcha_image,clean,226.0406875,42.935261231618746,0.10827284689796614,0.34675,0.6391371861628564,0.9338574398005048,0.0,True,True,0.0
captcha_image_clean_000015.png,val,XADPE,captcha_image,clean,224.22125,39.924551324185224,0.00965969430493153,0.33025,0.6070415156500607,0.9589974373398216,0.0,True,True,0.0
captcha_image_clean_000016.png,test,5EY9E,captcha_image,clean,234.7595,32.66387966469996,0.0,0.3303125,0.6809880741775178,0.0,0.0,True,False,1.0
captcha_image_clean_000017.png,train,3H44U,captcha_image,clean,213.001125,45.71066887209565,0.18752219418984262,0.40025,0.6006650175967927,0.9308204733336296,0.0,True,True,0.0
captcha_image_clean_000018.png,train,AVYER,captcha_image,clean,222.7095625,38.183760730952024,0.15568609434586606,0.2748125,0.6399376431033769,0.9307360135635317,0.0,True,True,0.0
captcha_image_clean_000019.png,train,SSEYB,captcha_image,clean,225.98175,33.330682815350485,0.12477404732203264,0.343625,0.5893366580632404,0.9303119353139535,0.0,True,True,0.0
captcha_image_clean_000020.png,train,RL8EN,captcha_image,clean,223.5019375,47.131341708528666,0.0,0.313125,0.6074409220814371,0.0,0.0,True,False,1.0
captcha_image_clean_000021.png,train,MNYHC,captcha_image,clean,230.4369375,39.36246496500306,0.036007418825569446,0.326,0.6702021100345972,0.9214716593383733,0.0,True,True,0.0
captcha_image_clean_000022.png,train,NJZ2M,captcha_image,clean,225.3893125,33.47420086092189,0.24585926578683642,0.34575,0.6355354618549529,0.9320324612976848,0.0,True,True,0.0
captcha_image_clean_000023.png,train,U7CMX,captcha_image,clean,228.1135625,36.11264032244934,0.0,0.3313125,0.6073380530359489,0.0,0.0,True,False,1.0
captcha_image_clean_000024.png,test,U55U7,captcha_image,clean,213.3665,43.17657991029396,0.1707262561190964,0.3616875,0.6033023226688723,0.9350735349444723,0.0,True,True,0.0
captcha_image_clean_000025.png,test,V46QA,captcha_image,clean,228.12375,29.665452313044206,0.12678691176691317,0.3230625,0.7084874522007132,0.9361262732432678,0.0,True,True,0.0
captcha_image_clean_000026.png,train,7ZZDM,captcha_image,clean,223.4631875,42.72987561226739,0.11423916003978818,0.343125,0.6213105783465784,0.9366717367886565,0.0,True,True,0.0
captcha_image_clean_000027.png,train,A8REQ,captcha_image,clean,229.45225,29.64191660364592,0.11040415420975125,0.280875,0.7297348765210442,0.9378702774039125,0.0,True,True,0.0
captcha_image_clean_000028.png,train,JY4MW,captcha_image,clean,231.0769375,31.659132065189244,0.0,0.315,0.7151640326539477,0.0,0.0,True,False,1.0
captcha_image_clean_000029.png,train,2L2ST,captcha_image,clean,229.0556875,31.270192858413004,0.0,0.253375,0.6719332435603105,0.0,0.0,True,False,1.0
captcha_image_clean_000030.png,train,KUKKR,captcha_image,clean,227.1888125,40.177813060691136,0.03727639334014483,0.32625,0.6656298698384234,0.9456913634191225,0.0,True,True,0.0
captcha_image_clean_000031.png,test,7MVWL,captcha_image,clean,230.956875,34.93674663208317,0.08674491619570632,0.265875,0.6434882464701508,0.9360460475169405,0.0,True,True,0.0
captcha_image_clean_000032.png,train,FECDJ,captcha_image,clean,222.7465625,40.701209526666325,0.1681382980096132,0.3089375,0.6365603530201648,0.9310430117031584,0.0,True,True,0.0
captcha_image_clean_000033.png,train,EX5ER,captcha_image,clean,222.0424375,45.297188230160536,0.0,0.364375,0.6177792228841419,0.0,0.0,True,False,1.0
captcha_image_clean_000034.png,val,SDZJU,captcha_image,clean,221.3829375,37.4857995962617,0.13087815963149768,0.289375,0.6415512348128334,0.9389853654865924,0.0,True,True,0.0
captcha_image_clean_000035.png,train,6QPPN,captcha_image,clean,222.8059375,43.16664687285884,0.1365852958487721,0.32525,0.6405105665194104,0.9361528031736157,0.0,True,True,0.0
captcha_image_clean_000036.png,val,TDN6C,captcha_image,clean,224.420875,47.70472318580598,0.0,0.335625,0.6090111333049181,0.0,0.0,True,False,1.0
captcha_image_clean_000037.png,val,H9QMP,captcha_image,clean,229.8138125,33.97182688220997,0.0915947010738469,0.3278125,0.6903557732826796,0.9308084613290953,0.0,True,True,0.0
captcha_image_clean_000038.png,train,TZ6Q4,captcha_image,clean,225.897125,30.74599635292984,0.09092704229729835,0.3328125,0.705763006154121,0.9351625732564872,0.0,True,True,0.0
captcha_image_clean_000039.png,val,TBUH2,captcha_image,clean,228.3505,40.48359420493689,0.0,0.3419375,0.6411253523592451,0.0,0.0,True,False,1.0
captcha_image_clean_000040.png,train,ZNTST,captcha_image,clean,225.4865625,30.334865574674858,0.12639801322558145,0.3784375,0.5834544828821318,0.926725119618785,0.0,True,True,0.0
captcha_image_clean_000041.png,train,N2A9V,captcha_image,clean,218.9353125,43.98214129652334,0.1128206125190866,0.3403125,0.6296233840517526,0.9458359944116088,0.0,True,True,0.0
captcha_image_clean_000042.png,val,BEDKW,captcha_image,clean,213.4075625,46.26201822563077,0.0,0.3520625,0.6107293930958124,0.0,0.0,True,False,1.0
captcha_image_clean_000043.png,train,LMUY4,captcha_image,clean,230.3855,37.29485741694155,0.0,0.3294375,0.6728099459316157,0.0,0.0,True,False,1.0
captcha_image_clean_000044.png,train,WCESH,captcha_image,clean,228.9829375,34.27883671262917,0.1480585647348292,0.3673125,0.682936919234405,0.9371157959407033,0.0,True,True,0.0
captcha_image_clean_000045.png,train,2AAMA,captcha_image,clean,234.030875,31.289439859709457,0.116570499257938,0.260625,0.6973596230956374,0.9308042372345703,0.0,True,True,0.0
captcha_image_clean_000046.png,train,VMJSQ,captcha_image,clean,226.0018125,33.97630327470667,0.09883527504407552,0.3855,0.6088803485899587,0.9282367691195736,0.0,True,True,0.0
captcha_image_clean_000047.png,val,KXJHH,captcha_image,clean,214.3616875,44.22021025110966,0.09953816460493478,0.3755,0.6120469631274301,0.9325049177082835,0.0,True,True,0.0
captcha_image_clean_000048.png,train,FLLH4,captcha_image,clean,226.9645,41.80540024626005,0.10979415948887694,0.288125,0.6304252482178531,0.9356948080994868,0.0,True,True,0.0
captcha_image_clean_000049.png,train,X64WA,captcha_image,clean,224.7821875,34.23006164491738,0.1452335700323415,0.3585,0.6104756656884863,0.9354874036658222,0.0,True,True,0.0
captcha_image_clean_000050.png,test,8GWDM,captcha_image,clean,220.7074375,44.86222904274367,0.09618769236158622,0.3709375,0.5979891593557367,0.9373737220941121,0.0,True,True,0.0
captcha_image_clean_000051.png,train,LL7KZ,captcha_image,clean,227.0255625,42.39013191839103,0.009246583984388702,0.2690625,0.6162364651243188,0.9589974373398216,0.0,True,True,0.0
captcha_image_clean_000052.png,val,XSFAA,captcha_image,clean,228.7361875,40.78318851518164,0.1209346164670637,0.28775,0.6185000945225754,0.932254514515855,0.0,True,True,0.0
captcha_image_clean_000053.png,train,39593,captcha_image,clean,226.938875,41.634231873956494,0.0,0.2824375,0.6502861938393272,0.0,0.0,True,False,1.0
captcha_image_clean_000054.png,train,XVQTT,captcha_image,clean,233.187375,35.94836770438089,0.08975300371312879,0.2843125,0.5950855052149685,0.9360814235787573,0.0,True,True,0.0
captcha_image_clean_000055.png,train,YE2GL,captcha_image,clean,223.1501875,44.806584406924436,0.0,0.356375,0.6154140947856468,0.0,0.0,True,False,1.0
captcha_image_clean_000056.png,train,G8G7C,captcha_image,clean,225.647625,43.344113866353005,0.1661459305217009,0.3180625,0.6183448894644387,0.9390417448238366,0.0,True,True,0.0
captcha_image_clean_000057.png,train,3ALRA,captcha_image,clean,226.5460625,33.5329223039999,0.11998926602046649,0.263,0.6834373361502961,0.9308407591008976,0.0,True,True,0.0
captcha_image_clean_000058.png,train,A9ABV,captcha_image,clean,208.046625,46.21465894182683,0.23083507321230615,0.40625,0.5965335982608875,0.9292307832081027,0.0,True,True,0.0
captcha_image_clean_000059.png,val,PXAFX,captcha_image,clean,220.3239375,44.75770047708096,0.0,0.308375,0.6024488900507174,0.0,0.0,True,False,1.0
captcha_image_clean_000060.png,train,HZLRJ,captcha_image,clean,220.547125,47.18441378500293,0.0,0.3313125,0.5913705530749446,0.0,0.0,True,False,1.0
captcha_image_clean_000061.png,train,SLU9A,captcha_image,clean,224.5649375,37.74951533624099,0.11560631191588415,0.270375,0.628978906186241,0.9355340629103145,0.0,True,True,0.0
captcha_image_clean_000062.png,train,AL5MR,captcha_image,clean,228.6198125,38.81074297104918,0.21753714237976737,0.29675,0.6298281486459797,0.9314452193035092,0.0,True,True,0.0
captcha_image_clean_000063.png,test,U9E3Y,captcha_image,clean,219.1593125,41.18828937971743,0.13610408021091394,0.3140625,0.6042515297349774,0.9369824101032356,0.0,True,True,0.0
captcha_image_clean_000064.png,val,W8QLQ,captcha_image,clean,230.33,20.648513263671067,0.04257625639975752,0.3116875,0.6296664798136122,0.9534055765524839,0.0,True,True,0.0
captcha_image_clean_000065.png,test,QPA59,captcha_image,clean,227.8579375,36.04337499105895,0.15450056066171072,0.29275,0.6106348532925454,0.9364369116746823,0.0,True,True,0.0
captcha_image_clean_000066.png,val,CM2Y5,captcha_image,clean,223.4449375,47.04609275084482,0.02773900269450886,0.3506875,0.5998888466458179,0.9467259858672689,0.0,True,True,0.0
captcha_image_clean_000067.png,train,5DETT,captcha_image,clean,225.0725,45.72668388096823,0.029038745153578908,0.3335,0.6126731037466535,0.9270883419922352,0.0,True,True,0.0
captcha_image_clean_000068.png,train,35DZD,captcha_image,clean,226.5629375,41.60654141924192,0.0,0.2690625,0.6196610862080998,0.0,0.0,True,False,1.0
captcha_image_clean_000069.png,train,RQXHP,captcha_image,clean,214.9688125,49.805705896411546,0.16656072303838904,0.4083125,0.6016025178006411,0.9414973413917248,0.0,True,True,0.0
captcha_image_clean_000070.png,val,79GGV,captcha_image,clean,220.7635625,43.01990858670662,0.11215601495658092,0.3525,0.6147530936676584,0.9389763575739531,0.0,True,True,0.0
captcha_image_clean_000071.png,train,QM6NT,captcha_image,clean,219.1675625,48.47672622309178,0.12868073674628178,0.3641875,0.6047060806795305,0.9311948670470411,0.0,True,True,0.0
captcha_image_clean_000072.png,val,SXEB6,captcha_image,clean,226.525625,30.37142519473485,0.028257430396562463,0.3743125,0.593457262717669,0.9439422665490723,0.0,True,True,0.0
captcha_image_clean_000073.png,train,WUMU3,captcha_image,clean,219.86175,49.61655733661396,0.12298144935798341,0.36525,0.6179088203542726,0.9307471096390872,0.0,True,True,0.0
captcha_image_clean_000074.png,val,DNED9,captcha_image,clean,221.3660625,40.038786641781414,0.12443037847266683,0.311875,0.6284920475340793,0.9407168778157723,0.0,True,True,0.0
captcha_image_clean_000075.png,train,JPQLE,captcha_image,clean,225.064625,36.52934879804696,0.0,0.354,0.6579685284860788,0.0,0.0,True,False,1.0
captcha_image_clean_000076.png,train,5EA5D,captcha_image,clean,227.5586875,42.906117638133416,0.009344978165938865,0.284375,0.594113951959195,0.9589974373398216,0.0,True,True,0.0
captcha_image_clean_000077.png,val,9LK94,captcha_image,clean,226.7416875,42.255596814532666,0.019220108830666435,0.3235,0.6384415994132983,0.9133500011171067,0.0,True,True,0.0
captcha_image_clean_000078.png,train,3JXDF,captcha_image,clean,222.248125,41.43412915682403,0.0,0.291625,0.6469051599605199,0.0,0.0,True,False,1.0
captcha_image_clean_000079.png,train,S9QHN,captcha_image,clean,227.38375,38.23978113087861,0.13416152799087752,0.322625,0.6195322893267858,0.9361606366540426,0.0,True,True,0.0
captcha_image_clean_000080.png,train,FRQCQ,captcha_image,clean,219.6211875,40.852612383908124,0.1445433379644299,0.3075625,0.6120123400199096,0.9387304636741538,0.0,True,True,0.0
captcha_image_clean_000081.png,train,Z6PYA,captcha_image,clean,224.7999375,38.677590895712385,0.0,0.3133125,0.5936887801157168,0.0,0.0,True,False,1.0
captcha_image_clean_000082.png,train,PP9AK,captcha_image,clean,225.4628125,24.70359775599181,0.11477240413190562,0.3345,0.5926327686000021,0.9345192439236514,0.0,True,True,0.0
captcha_image_clean_000083.png,test,65PKR,captcha_image,clean,218.6866875,43.75309586506244,0.0233390572838168,0.3119375,0.6279998836104554,0.9550205251828289,0.0,True,True,0.0
captcha_image_clean_000084.png,train,PR77Q,captcha_image,clean,214.56725,42.95213006868809,0.20182721773148488,0.3364375,0.5839137648754356,0.9334554789867627,0.0,True,True,0.0
captcha_image_clean_000085.png,val,NMP67,captcha_image,clean,218.1913125,42.15517123707771,0.0,0.306375,0.6149591077148469,0.0,0.0,True,False,1.0
captcha_image_clean_000086.png,train,SQN57,captcha_image,clean,225.8988125,32.170245547552845,0.0,0.3196875,0.6822761074788248,0.0,0.0,True,False,1.0
captcha_image_clean_000087.png,train,HPMRF,captcha_image,clean,222.780375,42.254541351899384,0.0,0.295625,0.6272760673149523,0.0,0.0,True,False,1.0
captcha_image_clean_000088.png,train,JV97X,captcha_image,clean,227.9463125,34.72197150439968,0.025764121359308504,0.24725,0.6612531144853991,0.93638528198037,0.0,True,True,0.0
captcha_image_clean_000089.png,train,6X7PN,captcha_image,clean,221.0705625,39.714137387504636,0.009519061930228327,0.3103125,0.649575145504061,0.9589974373398216,0.0,True,True,0.0
captcha_image_clean_000090.png,train,NMSR7,captcha_image,clean,220.52,43.30525487743953,0.12184518902825403,0.344875,0.6371148241704342,0.9218989952683366,0.0,True,True,0.0
captcha_image_clean_000091.png,train,YENA7,captcha_image,clean,229.21675,29.85254837425944,0.12804202532049647,0.314,0.6952107437401491,0.941706971810011,0.0,True,True,0.0
captcha_image_clean_000092.png,train,TRJ5G,captcha_image,clean,228.4201875,33.31053519481252,0.11404328368946808,0.2791875,0.6347257921007365,0.9379656925090171,0.0,True,True,0.0
captcha_image_clean_000093.png,train,FLWNH,captcha_image,clean,224.6251875,35.43866995373619,0.13795163200035343,0.331375,0.6801027512675663,0.9338068912870687,0.0,True,True,0.0
captcha_image_clean_000094.png,train,YT89C,captcha_image,clean,222.969625,37.79125331818694,0.24426460928210655,0.271125,0.5975176874993469,0.9334283222924611,0.0,True,True,0.0
captcha_image_clean_000095.png,train,3W23Y,captcha_image,clean,236.3365,27.93001329663128,0.04612005641408916,0.325625,0.7151883767460557,0.9191678295235135,0.0,True,True,0.0
captcha_image_clean_000096.png,test,TCTC7,captcha_image,clean,226.477375,32.57571354720223,0.0,0.2689375,0.6107780220731641,0.0,0.0,True,False,1.0
captcha_image_clean_000097.png,train,94S77,captcha_image,clean,226.7750625,32.60024103624226,0.028423562993229134,0.3043125,0.6237436237632138,0.957894775768665,0.0,True,True,0.0
captcha_image_clean_000098.png,train,3KE99,captcha_image,clean,215.0459375,43.714003216887996,0.0,0.3713125,0.5930618081733294,0.0,0.0,True,False,1.0
captcha_image_clean_000099.png,train,V7RPD,captcha_image,clean,232.786,31.61525864199121,0.0,0.295625,0.7089291248807184,0.0,0.0,True,False,1.0
captcha_image_clean_000100.png,train,QSWPV,captcha_image,clean,217.7996875,45.12669318044858,0.0,0.336875,0.6215370758243796,0.0,0.0,True,False,1.0
captcha_image_clean_000101.png,val,EEDYB,captcha_image,clean,222.9660625,47.03435085919752,0.15048592850464254,0.3368125,0.5763956711184177,0.9350576254981635,0.0,True,True,0.0
captcha_image_clean_000102.png,train,9UTNH,captcha_image,clean,220.743125,40.038206943298235,0.0,0.3640625,0.6530389582762585,0.0,0.0,True,False,1.0
captcha_image_clean_000103.png,train,V2E7T,captcha_image,clean,219.901,35.98949428652756,0.0,0.32175,0.6598620296478025,0.0,0.0,True,False,1.0
captcha_image_clean_000104.png,train,UKPXK,captcha_image,clean,225.5368125,27.74993504208332,0.10190304650774583,0.279375,0.7182109974149272,0.9382566235063737,0.0,True,True,0.0
captcha_image_clean_000105.png,train,VYTS7,captcha_image,clean,224.988375,36.97509790195795,0.0,0.2754375,0.62387671425154,0.0,0.0,True,False,1.0
captcha_image_clean_000106.png,val,KKE2D,captcha_image,clean,221.7368125,36.75989553630211,0.1143505467875192,0.385875,0.5897013974825729,0.9380704277401405,0.0,True,True,0.0
captcha_image_clean_000107.png,val,Y847N,captcha_image,clean,239.66325,25.286663469851057,0.0,0.3189375,0.7500487806981879,0.0,0.0,True,False,1.0
captcha_image_clean_000108.png,train,LH8NH,captcha_image,clean,225.7295,33.627274343157815,0.0,0.364125,0.7176944807662604,0.0,0.0,True,False,1.0
captcha_image_clean_000109.png,train,24W74,captcha_image,clean,220.95225,38.74115505425077,0.19369838797439032,0.2900625,0.6537074040674153,0.9326280425494247,0.0,True,True,0.0
captcha_image_clean_000110.png,test,H8NGT,captcha_image,clean,224.004875,39.01588908681147,0.13247376634490737,0.2964375,0.6512734309786598,0.9413896011317876,0.0,True,True,0.0
captcha_image_clean_000111.png,train,7VAXB,captcha_image,clean,226.6524375,41.24510137954074,0.10955219057274153,0.2849375,0.63344382043877,0.936407217446378,0.0,True,True,0.0
captcha_image_clean_000112.png,train,39NN9,captcha_image,clean,225.9984375,43.5155639979375,0.0,0.2980625,0.6250782960004447,0.0,0.0,True,False,1.0
captcha_image_clean_000113.png,train,QGDYL,captcha_image,clean,233.27775,38.40787002604414,0.0,0.244,0.667692384239437,0.0,0.0,True,False,1.0
captcha_image_clean_000114.png,train,4JXTP,captcha_image,clean,221.61875,45.56268784254832,0.0,0.315625,0.6098488819653717,0.0,0.0,True,False,1.0
captcha_image_clean_000115.png,train,BCM8L,captcha_image,clean,231.9875,32.77431111022778,0.0,0.269125,0.701109707045796,0.0,0.0,True,False,1.0
captcha_image_clean_000116.png,train,FA224,captcha_image,clean,232.7929375,37.90015089179849,0.016309647203863544,0.2953125,0.6514363467331941,0.9230809336764192,0.0,True,True,0.0
captcha_image_clean_000117.png,train,QWQ9G,captcha_image,clean,223.95075,41.53521186219591,0.0,0.296625,0.6427142552489902,0.0,0.0,True,False,1.0
captcha_image_clean_000118.png,train,G4GB9,captcha_image,clean,226.798,42.72841350904571,0.0,0.3068125,0.6388398994149045,0.0,0.0,True,False,1.0
captcha_image_clean_000119.png,test,N2CSP,captcha_image,clean,229.8176875,41.98911257281277,0.0,0.318375,0.6423244325810042,0.0,0.0,True,False,1.0
captcha_image_clean_000120.png,train,ANJJU,captcha_image,clean,231.069375,37.58621172862962,0.09691221145448142,0.26175,0.6395823931035084,0.9380598485853111,0.0,True,True,0.0
captcha_image_clean_000121.png,val,HLAW9,captcha_image,clean,222.92425,40.80703079050839,0.0,0.3251875,0.595346188821688,0.0,0.0,True,False,1.0
captcha_image_clean_000122.png,train,P88NH,captcha_image,clean,223.6675,41.72239738737457,0.0,0.365375,0.5859720295519416,0.0,0.0,True,False,1.0
captcha_image_clean_000123.png,train,A4TGC,captcha_image,clean,231.6655625,33.17271980194861,0.0,0.2525,0.7008662766006982,0.0,0.0,True,False,1.0
captcha_image_clean_000124.png,train,XVHLP,captcha_image,clean,223.2365,42.049345330813416,0.18592198969704446,0.33875,0.6391157949423921,0.9364323827561021,0.0,True,True,0.0
captcha_image_clean_000125.png,train,99LRR,captcha_image,clean,233.7678125,19.964926157259978,0.1042415504455805,0.3116875,0.6237565213678287,0.9349292916196201,0.0,True,True,0.0
captcha_image_clean_000126.png,train,C3FWQ,captcha_image,clean,221.8326875,40.59812118839176,0.15344979897180472,0.308,0.6243217577098286,0.9360117271376663,0.0,True,True,0.0
captcha_image_clean_000127.png,train,5FZ75,captcha_image,clean,226.992875,26.533407230025603,0.0,0.2786875,0.730414394170779,0.0,0.0,True,False,1.0
captcha_image_clean_000128.png,train,3E3FF,captcha_image,clean,219.711125,38.44573027313144,0.1265616332521656,0.2983125,0.6205269957380101,0.9349473063517891,0.0,True,True,0.0
captcha_image_clean_000129.png,train,LLMWZ,captcha_image,clean,230.92625,34.14412190901239,0.021505622692068755,0.324625,0.6696439092014981,0.9315647708378003,0.0,True,True,0.0
captcha_image_clean_000130.png,test,W8C5N,captcha_image,clean,217.2520625,41.87382866416795,0.19312475112960847,0.37575,0.63663002747671,0.9370182411329953,0.0,True,True,0.0
captcha_image_clean_000131.png,test,STBMN,captcha_image,clean,225.7921875,40.78256675915389,0.045910668167664745,0.378625,0.665543091989922,0.9294088098296791,0.0,True,True,0.0
captcha_image_clean_000132.png,train,LLJLA,captcha_image,clean,225.884375,43.075996864371874,0.0,0.2996875,0.5862857133044955,0.0,0.0,True,False,1.0
captcha_image_clean_000133.png,train,CTY5Y,captcha_image,clean,222.10975,37.8336699242553,0.0,0.2735625,0.6364251388804393,0.0,0.0,True,False,1.0
captcha_image_clean_000134.png,val,8WVTL,captcha_image,clean,219.488375,44.65659374447826,0.25589880081136873,0.34975,0.5842718016586942,0.916636338241681,0.0,True,True,0.0
captcha_image_clean_000135.png,train,36C5Y,captcha_image,clean,220.0698125,39.21974552078129,0.2547523542880196,0.317,0.5939074324926564,0.9320893716928675,0.0,True,True,0.0
captcha_image_clean_000136.png,train,ZX6WQ,captcha_image,clean,228.519125,30.622479638892326,0.07842286407893484,0.2829375,0.7142885105020624,0.93776716417762,0.0,True,True,0.0
captcha_image_clean_000137.png,train,DQ9WX,captcha_image,clean,221.913375,42.2840454085152,0.15519575721597964,0.38475,0.6466050531961605,0.9375341078555935,0.0,True,True,0.0
captcha_image_clean_000138.png,train,8A4K3,captcha_image,clean,222.86075,36.698986490603524,0.0,0.28975,0.6547678714890545,0.0,0.0,True,False,1.0
captcha_image_clean_000139.png,train,WRZ5G,captcha_image,clean,221.054125,45.982477048157975,0.0,0.413375,0.5701958791203617,0.0,0.0,True,False,1.0
captcha_image_clean_000140.png,train,WX59E,captcha_image,clean,225.03475,37.94061534078619,0.0,0.2930625,0.677002017843067,0.0,0.0,True,False,1.0
captcha_image_clean_000141.png,train,H2UUV,captcha_image,clean,223.664625,36.59062582970363,0.14977861740259527,0.3204375,0.6751520464102446,0.9382251319564747,0.0,True,True,0.0
captcha_image_clean_000142.png,test,MMVJA,captcha_image,clean,214.4246875,41.64506366938756,0.0,0.3770625,0.6525078290326818,0.0,0.0,True,False,1.0
captcha_image_clean_000143.png,train,EM348,captcha_image,clean,208.8038125,50.03336959435017,0.23340994224648004,0.41675,0.5856866819343646,0.9246918796884821,0.0,True,True,0.0
captcha_image_clean_000144.png,train,EWMGJ,captcha_image,clean,217.3178125,42.431206767128884,0.18027535709601036,0.3341875,0.6199872794621774,0.9313435954001654,0.0,True,True,0.0
captcha_image_clean_000145.png,train,4QJ9B,captcha_image,clean,226.9745625,36.24546924008011,0.11710381422485293,0.2624375,0.647079895052615,0.9370984238185947,0.0,True,True,0.0
captcha_image_clean_000146.png,train,F7CBC,captcha_image,clean,226.2580625,41.655191348091215,0.0,0.292375,0.6319238592889684,0.0,0.0,True,False,1.0
captcha_image_clean_000147.png,val,SFQGX,captcha_image,clean,226.8109375,39.9428396946323,0.0,0.3380625,0.6365671504601108,0.0,0.0,True,False,1.0
captcha_image_clean_000148.png,test,TVP8P,captcha_image,clean,224.49075,33.824455493584814,0.19330565759611887,0.259875,0.6186104891843639,0.9290718455967305,0.0,True,True,0.0
captcha_image_clean_000149.png,train,QU8JB,captcha_image,clean,222.0856875,39.94328911284528,0.0,0.309375,0.6049774546372256,0.0,0.0,True,False,1.0
captcha_image_clean_000150.png,val,54VAZ,captcha_image,clean,224.687625,40.08294271706327,0.009219037390875477,0.2646875,0.6266833134636642,0.9589974373398216,0.0,True,True,0.0
captcha_image_clean_000151.png,train,JJTJR,captcha_image,clean,226.2851875,47.07625707923096,0.0,0.3048125,0.617683009160857,0.0,0.0,True,False,1.0
captcha_image_clean_000152.png,test,LGJ6Z,captcha_image,clean,231.2755625,32.63019694713156,0.0,0.2730625,0.6840597938903885,0.0,0.0,True,False,1.0
captcha_image_clean_000153.png,val,UM9MM,captcha_image,clean,222.895375,40.021730704823035,0.12263966326920996,0.349375,0.6291483788059419,0.9382302306291931,0.0,True,True,0.0
captcha_image_clean_000154.png,train,8LDQD,captcha_image,clean,221.536125,39.44906456412338,0.0,0.3143125,0.6033581893676749,0.0,0.0,True,False,1.0
captcha_image_clean_000155.png,train,R3KMC,captcha_image,clean,223.593375,31.732515360578887,0.19930482736695163,0.3501875,0.5997309667791483,0.9273579589625576,0.0,True,True,0.0
captcha_image_clean_000156.png,test,XP55D,captcha_image,clean,228.8025,36.99529691393218,0.11249449564492374,0.3125625,0.6582858202558564,0.9356894761705191,0.0,True,True,0.0
captcha_image_clean_000157.png,train,LQ6HU,captcha_image,clean,223.4609375,31.405182281290674,0.22452623743743808,0.3315,0.5868994584351115,0.9304746849278543,0.0,True,True,0.0
captcha_image_clean_000158.png,val,P84ES,captcha_image,clean,222.4005,43.11622925013272,0.0,0.3399375,0.6291081718509831,0.0,0.0,True,False,1.0
captcha_image_clean_000159.png,train,6L2U9,captcha_image,clean,221.2500625,31.165460148152693,0.0,0.3236875,0.6968112512683465,0.0,0.0,True,False,1.0
captcha_image_clean_000160.png,test,NR258,captcha_image,clean,220.2133125,41.04234472197396,0.1593602534741406,0.2904375,0.5989518456386195,0.9330331678197135,0.0,True,True,0.0
captcha_image_clean_000161.png,train,JQ8U5,captcha_image,clean,214.5564375,43.715835972889664,0.0,0.358875,0.6108908750084224,0.0,0.0,True,False,1.0
captcha_image_clean_000162.png,train,JZJEJ,captcha_image,clean,227.80675,29.505383482298615,0.0,0.2639375,0.7040941242325591,0.0,0.0,True,False,1.0
captcha_image_clean_000163.png,train,EB2ZD,captcha_image,clean,223.237,44.8352925272045,0.07816725762720879,0.318875,0.605711667007199,0.9331103814589868,0.0,True,True,0.0
captcha_image_clean_000164.png,test,LZLCY,captcha_image,clean,221.418375,37.91208860455165,0.0,0.251875,0.6112897316369681,0.0,0.0,True,False,1.0
captcha_image_clean_000165.png,train,XN6H7,captcha_image,clean,218.780875,39.23451426020686,0.0,0.2666875,0.6266297688489568,0.0,0.0,True,False,1.0
captcha_image_clean_000166.png,train,SHYLK,captcha_image,clean,223.699625,46.75575392247861,0.02416605560001196,0.35825,0.6176181452103862,0.9506558587658372,0.0,True,True,0.0
captcha_image_clean_000167.png,train,EDTMU,captcha_image,clean,219.2923125,45.42703480200247,0.013540120197376071,0.3183125,0.6121474729086747,0.9587072271065642,0.0,True,True,0.0
captcha_image_clean_000168.png,test,9FYEE,captcha_image,clean,224.103625,41.3174873613991,0.2027207060482435,0.3110625,0.6411211083048303,0.9274978722409161,0.0,True,True,0.0
captcha_image_clean_000169.png,test,LR3UC,captcha_image,clean,218.1040625,39.94781106013312,0.14125899414816992,0.3574375,0.6525550019912894,0.9266319681959159,0.0,True,True,0.0
captcha_image_clean_000170.png,train,EA6VM,captcha_image,clean,215.7996875,44.04245040188322,0.0,0.35775,0.6228995670780415,0.0,0.0,True,False,1.0
captcha_image_clean_000171.png,train,3QRDW,captcha_image,clean,216.9968125,38.77023087808278,0.12458347352942009,0.3574375,0.5929759413368065,0.9345708623866281,0.0,True,True,0.0
captcha_image_clean_000172.png,train,DN5TU,captcha_image,clean,216.3796875,40.94748038527332,0.193276092324629,0.338875,0.6215196647759099,0.9345220754072755,0.0,True,True,0.0
captcha_image_clean_000173.png,train,74J64,captcha_image,clean,230.9288125,33.0264173782117,0.0,0.2766875,0.6991686153688584,0.0,0.0,True,False,1.0
captcha_image_clean_000174.png,train,D8TCS,captcha_image,clean,219.2508125,42.77945220067508,0.0,0.321375,0.6200279662608204,0.0,0.0,True,False,1.0
captcha_image_clean_000175.png,train,YQGDU,captcha_image,clean,227.2668125,45.25825475634079,0.019311280367695912,0.329875,0.6057146975957775,0.9502168873804674,0.0,True,True,0.0
captcha_image_clean_000176.png,train,N3KM4,captcha_image,clean,209.7699375,45.58847588751015,0.1589689417650894,0.404625,0.6228790253087518,0.9337906046023398,0.0,True,True,0.0
captcha_image_clean_000177.png,train,W8ZGK,captcha_image,clean,214.7888125,46.214257403314875,0.14736872591959216,0.391375,0.6193948643681051,0.9294811702797735,0.0,True,True,0.0
captcha_image_clean_000178.png,train,C2PBQ,captcha_image,clean,232.41975,27.89278688007887,0.04408658781955901,0.358125,0.5900062516173312,0.9531098469898627,0.0,True,True,0.0
captcha_image_clean_000179.png,train,G9T6J,captcha_image,clean,216.7250625,42.217761035742924,0.0,0.321625,0.6043183846196154,0.0,0.0,True,False,1.0
captcha_image_clean_000180.png,val,CQ69E,captcha_image,clean,219.8296875,41.678290885691844,0.0,0.363875,0.6275686718600056,0.0,0.0,True,False,1.0
captcha_image_clean_000181.png,test,MENPX,captcha_image,clean,216.3576875,50.93019239265,0.0,0.358375,0.5970877579759317,0.0,0.0,True,False,1.0
captcha_image_clean_000182.png,train,DKWSB,captcha_image,clean,219.4070625,44.39941004811994,0.1570082177052934,0.3513125,0.5982146079740203,0.9299155334419189,0.0,True,True,0.0
captcha_image_clean_000183.png,test,NEMJS,captcha_image,clean,225.40625,30.413267432775125,0.0,0.3329375,0.7034376511300269,0.0,0.0,True,False,1.0
captcha_image_clean_000184.png,train,Z8LWR,captcha_image,clean,222.1600625,35.78923640560236,0.11126085363680895,0.3309375,0.6655398450178114,0.9335070147680573,0.0,True,True,0.0
captcha_image_clean_000185.png,val,72NGP,captcha_image,clean,228.2518125,41.87552271870578,0.016606804902943348,0.3203125,0.6314498747040869,0.9230809336764191,0.0,True,True,0.0
captcha_image_clean_000186.png,test,82N2H,captcha_image,clean,224.1240625,30.83591730427512,0.0411540443688788,0.3364375,0.6227515074237643,0.9510985191261655,0.0,True,True,0.0
captcha_image_clean_000187.png,train,4VPRN,captcha_image,clean,225.2816875,40.11204263874309,0.0,0.3303125,0.6102422155979318,0.0,0.0,True,False,1.0
captcha_image_clean_000188.png,train,2BT5K,captcha_image,clean,214.601375,46.7189452803611,0.08266696985558739,0.355125,0.5925141303486611,0.9307314565453293,0.0,True,True,0.0
captcha_image_clean_000189.png,train,L5APC,captcha_image,clean,235.6566875,26.895649258334398,0.0,0.3035,0.7387024856769336,0.0,0.0,True,False,1.0
captcha_image_clean_000190.png,train,FAR37,captcha_image,clean,227.1363125,33.230104670348894,0.122180572582676,0.2728125,0.609482000546035,0.9362212941512248,0.0,True,True,0.0
captcha_image_clean_000191.png,train,2256H,captcha_image,clean,217.319,46.64958857267661,0.0,0.3376875,0.609684314017461,0.0,0.0,True,False,1.0
captcha_image_clean_000192.png,val,KNETR,captcha_image,clean,222.230375,49.05165443039995,0.0,0.347625,0.6076904865039229,0.0,0.0,True,False,1.0
captcha_image_clean_000193.png,train,YHKJR,captcha_image,clean,224.83725,38.742520406363596,0.17221247039986368,0.282,0.6590448344266865,0.9294599621052457,0.0,True,True,0.0
captcha_image_clean_000194.png,train,X9DNH,captcha_image,clean,234.11775,28.264691046206398,0.0,0.2790625,0.7303276486458743,0.0,0.0,True,False,1.0
captcha_image_clean_000195.png,train,HZLAB,captcha_image,clean,215.5204375,49.424182667077,0.0,0.3611875,0.5972378730586377,0.0,0.0,True,False,1.0
captcha_image_clean_000196.png,train,5MQQL,captcha_image,clean,224.20625,43.01845634070916,0.019391900999649676,0.3354375,0.6330949863792138,0.9494770821682698,0.0,True,True,0.0
captcha_image_clean_000197.png,train,WW8DV,captcha_image,clean,223.439875,45.84041895515763,0.0,0.36175,0.6030854080829698,0.0,0.0,True,False,1.0
captcha_image_clean_000198.png,train,7NXUM,captcha_image,clean,220.818875,40.70154411977972,0.11239915800887981,0.310875,0.6288239298007797,0.932586074855004,0.0,True,True,0.0
captcha_image_clean_000199.png,test,WJR9Y,captcha_image,clean,236.3341875,27.514210077973235,0.08359361943489167,0.27175,0.6412374002705024,0.943423150842096,0.0,True,True,0.0
captcha_image_clean_000200.png,val,8A844,captcha_image,clean,222.553125,40.327199911900344,0.06939436310943563,0.289625,0.6417890198840275,0.9364839922471108,0.0,True,True,0.0
captcha_image_clean_000201.png,train,3NFM3,captcha_image,clean,218.1310625,43.421275143886476,0.0,0.349375,0.6379587213347725,0.0,0.0,True,False,1.0
captcha_image_clean_000202.png,train,K4K8V,captcha_image,clean,224.8088125,35.65668429396995,0.0,0.3088125,0.5995513646433096,0.0,0.0,True,False,1.0
captcha_image_clean_000203.png,val,9ARS8,captcha_image,clean,220.15825,39.112842608758314,0.0,0.318875,0.6347228748711168,0.0,0.0,True,False,1.0
captcha_image_clean_000204.png,val,LU95M,captcha_image,clean,221.3623125,42.295990260925954,0.13742689301224734,0.3155,0.6351686575844304,0.9374189680449685,0.0,True,True,0.0
captcha_image_clean_000205.png,test,NEH79,captcha_image,clean,217.597375,45.53781827348973,0.09986666455889079,0.3731875,0.6262350765650025,0.9310996863391491,0.0,True,True,0.0
captcha_image_clean_000206.png,test,KM6SH,captcha_image,clean,222.7445625,38.36319771843314,0.029659378344816963,0.361125,0.6530890914856017,0.9423682865112286,0.0,True,True,0.0
captcha_image_clean_000207.png,train,9KNMJ,captcha_image,clean,233.6063125,36.37497178902471,0.11496702347817085,0.2395625,0.6502121750407677,0.937469164332656,0.0,True,True,0.0
captcha_image_clean_000208.png,train,3NEQU,captcha_image,clean,220.350875,47.227101718551125,0.1349816377268872,0.3663125,0.6081237111201199,0.9363999504262982,0.0,True,True,0.0
captcha_image_clean_000209.png,train,2B8Y8,captcha_image,clean,221.956125,37.56598294979615,0.0,0.2989375,0.6503036661794924,0.0,0.0,True,False,1.0
captcha_image_clean_000210.png,train,XN2Z2,captcha_image,clean,222.801875,38.238879056326624,0.14603042203078162,0.2765,0.6016183466653008,0.9357248644458493,0.0,True,True,0.0
captcha_image_clean_000211.png,train,F4BN9,captcha_image,clean,221.7898125,42.794092860053055,0.0,0.3809375,0.6550403393265067,0.0,0.0,True,False,1.0
captcha_image_clean_000212.png,test,34N93,captcha_image,clean,229.4188125,33.941855187803796,0.0,0.3255,0.6644400432851779,0.0,0.0,True,False,1.0
captcha_image_clean_000213.png,train,34LCN,captcha_image,clean,215.9079375,47.154503623684704,0.0,0.354875,0.5872789064422252,0.0,0.0,True,False,1.0
captcha_image_clean_000214.png,train,HM5GS,captcha_image,clean,221.046625,46.70692749592265,0.07039910593015081,0.3475,0.6243627767293742,0.9345705030762326,0.0,True,True,0.0
captcha_image_clean_000215.png,test,P673D,captcha_image,clean,234.40675,27.712313227832496,0.08480894394406024,0.3185,0.746715290499116,0.9371466626530791,0.0,True,True,0.0
captcha_image_clean_000216.png,train,TNJNG,captcha_image,clean,221.7103125,39.7867898133582,0.013281488933585663,0.2915,0.6504618908253929,0.9589183198571125,0.0,True,True,0.0
captcha_image_clean_000217.png,train,UHG4J,captcha_image,clean,219.8365,45.59544541672995,0.28257720824759003,0.3490625,0.6276987245611236,0.9283458279996089,0.0,True,True,0.0
captcha_image_clean_000218.png,test,96D5W,captcha_image,clean,227.9185,45.123372355687245,0.03763012896626696,0.338875,0.6032076940397938,0.9373444198483356,0.0,True,True,0.0
captcha_image_clean_000219.png,train,85V5A,captcha_image,clean,223.699875,48.7923129189873,0.025582220019154698,0.3319375,0.6024961536064317,0.954366397631006,0.0,True,True,0.0
captcha_image_clean_000220.png,train,879TM,captcha_image,clean,225.502375,43.352815587449165,0.06296384203420048,0.3405,0.6364920989542208,0.943473224204199,0.0,True,True,0.0
captcha_image_clean_000221.png,train,WESXJ,captcha_image,clean,215.9474375,43.441563331486975,0.0842498812315504,0.3618125,0.5908027297603109,0.9227331247432801,0.0,True,True,0.0
captcha_image_clean_000222.png,test,MHB2L,captcha_image,clean,222.838125,45.284762023051144,0.023750129193777815,0.3355625,0.614301800314215,0.9488916178820515,0.0,True,True,0.0
captcha_image_clean_000223.png,train,BNEKV,captcha_image,clean,218.35275,40.06974160682222,0.2303287854609366,0.3029375,0.6263491166040035,0.9312487661951514,0.0,True,True,0.0
captcha_image_clean_000224.png,train,KPWKU,captcha_image,clean,230.9549375,33.19175585700603,0.02369228881493339,0.3323125,0.6292507841002125,0.9536961284041264,0.0,True,True,0.0
captcha_image_clean_000225.png,train,EXP2X,captcha_image,clean,224.83375,27.350319667921614,0.0,0.294875,0.712205442397205,0.0,0.0,True,False,1.0
captcha_image_clean_000226.png,train,JCGCT,captcha_image,clean,233.658125,35.0154447563411,0.013256957380885776,0.288875,0.6598283900083912,0.938148380121165,0.0,True,True,0.0
captcha_image_clean_000227.png,val,S7U66,captcha_image,clean,228.2938125,28.24472936168523,0.12965762336913886,0.3200625,0.6095452490922595,0.9389265408679257,0.0,True,True,0.0
captcha_image_clean_000228.png,test,FL77L,captcha_image,clean,227.375875,40.60925501636758,0.009241449516314887,0.26825,0.5882076457929857,0.9589974373398216,0.0,True,True,0.0
captcha_image_clean_000229.png,train,TMAP2,captcha_image,clean,241.474875,22.60203516797492,0.0,0.2461875,0.7789772462194237,0.0,0.0,True,False,1.0
captcha_image_clean_000230.png,train,EUXX9,captcha_image,clean,230.5354375,32.44164559919231,0.15146072667929716,0.3065,0.6346269029558979,0.9361253717880269,0.0,True,True,0.0
captcha_image_clean_000231.png,train,WKA98,captcha_image,clean,231.32075,38.81271530616609,0.0,0.3066875,0.6862844698922425,0.0,0.0,True,False,1.0
captcha_image_clean_000232.png,train,YAPR9,captcha_image,clean,227.0254375,30.503137796521745,0.11217321406246247,0.3083125,0.5957999956772858,0.9385475165466383,0.0,True,True,0.0
captcha_image_clean_000233.png,train,TG3HW,captcha_image,clean,225.714375,38.139406043610265,0.0,0.2798125,0.6482498879782983,0.0,0.0,True,False,1.0
captcha_image_clean_000234.png,train,QMHA3,captcha_image,clean,230.8038125,33.4516938728795,0.0,0.3053125,0.6988959358954953,0.0,0.0,True,False,1.0
captcha_image_clean_000235.png,train,EEUMY,captcha_image,clean,222.748875,33.755143107893566,0.11633434810310009,0.303125,0.666878800782202,0.9341823065010986,0.0,True,True,0.0
captcha_image_clean_000236.png,train,22CRM,captcha_image,clean,221.50575,46.19450553840252,0.12558091003462515,0.3560625,0.6056207669858408,0.9346890284051705,0.0,True,True,0.0
captcha_image_clean_000237.png,train,7MEPM,captcha_image,clean,217.0970625,43.53822046628794,0.029542662758367366,0.3560625,0.6020319803636063,0.9490511045307682,0.0,True,True,0.0
captcha_image_clean_000238.png,train,QWPCS,captcha_image,clean,231.1125,35.602703110157236,0.06182471496890047,0.315875,0.6771355550459194,0.9411173671417394,0.0,True,True,0.0
captcha_image_clean_000239.png,val,3TLJ6,captcha_image,clean,233.6989375,35.986260209572954,0.1150724729753571,0.2544375,0.6552020706391812,0.9351093226786291,0.0,True,True,0.0
captcha_image_clean_000240.png,train,EX9WE,captcha_image,clean,223.5759375,31.796711441532658,0.06334589774667929,0.3174375,0.6086965152303422,0.9348161515141248,0.0,True,True,0.0
captcha_image_clean_000241.png,train,G2KNT,captcha_image,clean,218.40275,43.74824187824581,0.124636824987216,0.3575,0.6329894255369917,0.9325427126508665,0.0,True,True,0.0
captcha_image_clean_000242.png,train,W4NFL,captcha_image,clean,227.2225625,37.29522460628966,0.13788255167567326,0.2560625,0.657971473189186,0.9402494800719343,0.0,True,True,0.0
captcha_image_clean_000243.png,train,J9PSH,captcha_image,clean,223.767625,35.81524468518085,0.00920964936679275,0.2631875,0.6187645364286006,0.9589974373398216,0.0,True,True,0.0
captcha_image_clean_000244.png,train,67CHD,captcha_image,clean,229.988625,36.32416889082771,0.0,0.265875,0.6378876597390287,0.0,0.0,True,False,1.0
captcha_image_clean_000245.png,train,PHDKF,captcha_image,clean,222.7113125,38.063727445264,0.09421886004913273,0.3231875,0.5997580201767759,0.932616043062113,0.0,True,True,0.0
captcha_image_clean_000246.png,train,LPEFX,captcha_image,clean,227.664,35.86610313373896,0.11028579782716105,0.3046875,0.6556219669095903,0.9364443811036245,0.0,True,True,0.0
captcha_image_clean_000247.png,val,3ZPUC,captcha_image,clean,226.1105625,25.940604530997224,0.1399825407509414,0.3243125,0.5989626904643462,0.9424097925044815,0.0,True,True,0.0
captcha_image_clean_000248.png,val,G4UFS,captcha_image,clean,224.80575,45.48576306865149,0.08372483064940327,0.3183125,0.6216922183215542,0.9401544223559645,0.0,True,True,0.0
captcha_image_clean_000249.png,test,V3K59,captcha_image,clean,233.364625,34.293363769239306,0.09092226876564063,0.31025,0.7046920185862714,0.9326429373200553,0.0,True,True,0.0
captcha_image_clean_000250.png,train,KG9QY,captcha_image,clean,224.5951875,43.63110919217896,0.013530820876697425,0.317375,0.6031975349596966,0.938148380121165,0.0,True,True,0.0
captcha_image_clean_000251.png,train,4242Z,captcha_image,clean,219.2645,45.31972710365763,0.019227212916502902,0.324,0.5977766295344965,0.9295357812381655,0.0,True,True,0.0
captcha_image_clean_000252.png,train,V8PYQ,captcha_image,clean,230.2793125,37.4713530183705,0.09955699564561188,0.3133125,0.6125244930782165,0.9388703501129746,0.0,True,True,0.0
captcha_image_clean_000253.png,train,958J6,captcha_image,clean,230.4739375,40.54600560777959,0.11340584820037235,0.2565625,0.6448261198056756,0.9391506347716829,0.0,True,True,0.0
captcha_image_clean_000254.png,train,8B5XW,captcha_image,clean,223.5246875,42.6896739918138,0.0,0.3223125,0.5981562271893763,0.0,0.0,True,False,1.0
captcha_image_clean_000255.png,train,A97VQ,captcha_image,clean,220.8049375,39.242674642805554,0.08008074468538855,0.3221875,0.6460032257631014,0.9349336610481332,0.0,True,True,0.0
captcha_image_clean_000256.png,train,3WVF4,captcha_image,clean,226.2884375,34.29379122098625,0.10691152232647921,0.2863125,0.6758549418037558,0.932151962177376,0.0,True,True,0.0
captcha_image_clean_000257.png,test,W6BVY,captcha_image,clean,228.2555,42.99311101502193,0.0,0.3055625,0.6220446602615585,0.0,0.0,True,False,1.0
captcha_image_clean_000258.png,val,HYP46,captcha_image,clean,225.67925,40.830305772030414,0.020811663840301003,0.2788125,0.6176498274297374,0.9588914196212637,0.0,True,True,0.0
captcha_image_clean_000259.png,train,HTBWK,captcha_image,clean,221.0103125,49.135695590398875,0.035456026479057164,0.3545,0.606787904889477,0.9456571458590947,0.0,True,True,0.0
captcha_image_clean_000260.png,train,ERVY9,captcha_image,clean,224.4878125,42.25625517559316,0.1227469917527873,0.28875,0.6321401835366076,0.9369496382826838,0.0,True,True,0.0
captcha_image_clean_000261.png,train,G28X8,captcha_image,clean,225.0965625,39.7869088166396,0.0,0.4110625,0.6571822270871664,0.0,0.0,True,False,1.0
captcha_image_clean_000262.png,val,QZTU3,captcha_image,clean,221.471875,29.051376197770303,0.0,0.369375,0.7199224744077589,0.0,0.0,True,False,1.0
captcha_image_clean_000263.png,train,4D5J3,captcha_image,clean,227.1025625,42.89120152704508,0.0,0.262375,0.6164714763537483,0.0,0.0,True,False,1.0
captcha_image_clean_000264.png,train,Y8458,captcha_image,clean,218.7661875,40.5390092283327,0.1404583060883153,0.31175,0.6331598739725255,0.9402294134374105,0.0,True,True,0.0
captcha_image_clean_000265.png,train,3HB83,captcha_image,clean,220.217625,38.13370575172802,0.0,0.2863125,0.6059683532126533,0.0,0.0,True,False,1.0
captcha_image_clean_000266.png,train,7KRYT,captcha_image,clean,244.65925,22.9688787152856,0.0,0.2475,0.7713872799538447,0.0,0.0,True,False,1.0
captcha_image_clean_000267.png,train,YWRAS,captcha_image,clean,219.2090625,45.00005533742257,0.12444034363189027,0.3485,0.6140580696018383,0.9404022229880938,0.0,True,True,0.0
captcha_image_clean_000268.png,train,77R2H,captcha_image,clean,215.6629375,42.597458273600004,0.0,0.35725,0.6113292564352183,0.0,0.0,True,False,1.0
captcha_image_clean_000269.png,test,STQCJ,captcha_image,clean,217.198,41.19277753441737,0.0,0.3115625,0.6176397387103949,0.0,0.0,True,False,1.0
captcha_image_clean_000270.png,train,5LGST,captcha_image,clean,225.833875,37.28243255857073,0.009277571548804327,0.2739375,0.6494598917829936,0.9589974373398216,0.0,True,True,0.0
captcha_image_clean_000271.png,train,RUCJP,captcha_image,clean,225.3991875,43.722393711230445,0.0,0.31625,0.5912227731772449,0.0,0.0,True,False,1.0
captcha_image_clean_000272.png,train,SZMPA,captcha_image,clean,226.3479375,41.56269664008934,0.1137477184793381,0.2896875,0.609511844026528,0.9327344309890495,0.0,True,True,0.0
captcha_image_clean_000273.png,val,BH2NU,captcha_image,clean,214.0365,47.681667522749244,0.0,0.3565,0.6016571628685733,0.0,0.0,True,False,1.0
captcha_image_clean_000274.png,val,3JR94,captcha_image,clean,237.319375,20.321137384737476,0.07950117110981712,0.25325,0.6222392527556291,0.939680226564432,0.0,True,True,0.0
captcha_image_clean_000275.png,train,9DDVF,captcha_image,clean,228.467,37.3713414396647,0.19115608189984182,0.27325,0.6478610625390684,0.9375122586003205,0.0,True,True,0.0
captcha_image_clean_000276.png,train,PAQBJ,captcha_image,clean,225.7405625,43.81912401775729,0.0,0.2899375,0.6286853825518871,0.0,0.0,True,False,1.0
captcha_image_clean_000277.png,val,YNE5Q,captcha_image,clean,220.7651875,42.81204766873273,0.21630421375447303,0.3785,0.627010173535835,0.9317290071597907,0.0,True,True,0.0
captcha_image_clean_000278.png,train,23LPU,captcha_image,clean,222.761125,45.95966507421888,0.0,0.340875,0.6134793854637981,0.0,0.0,True,False,1.0
captcha_image_clean_000279.png,val,LRDEW,captcha_image,clean,228.804375,23.460343792437804,0.10754578101439621,0.283625,0.6260905176586097,0.9347002592229638,0.0,True,True,0.0
captcha_image_clean_000280.png,train,VLKYR,captcha_image,clean,230.1813125,27.300621573095064,0.23076627889194937,0.3255,0.5873208661070008,0.9302296249344351,0.0,True,True,0.0
captcha_image_clean_000281.png,train,EBJNY,captcha_image,clean,224.5790625,38.099786733275735,0.0,0.3465625,0.6562581070218028,0.0,0.0,True,False,1.0
captcha_image_clean_000282.png,train,7FT6G,captcha_image,clean,222.3785625,40.17062829896482,0.016032696760311542,0.27075,0.6033712195759262,0.9157983334333175,0.0,True,True,0.0
captcha_image_clean_000283.png,train,N7LUQ,captcha_image,clean,228.814375,31.079537775832105,0.09095661822440688,0.33325,0.5823491545616316,0.9311258323172724,0.0,True,True,0.0
captcha_image_clean_000284.png,train,RRJFD,captcha_image,clean,218.461125,47.184716685960666,0.009840403560382323,0.354625,0.5942227854970198,0.9589974373398216,0.0,True,True,0.0
captcha_image_clean_000285.png,train,4MBEX,captcha_image,clean,222.7138125,41.891877604314224,0.11541146766288524,0.3041875,0.6604474838056654,0.9338581977986344,0.0,True,True,0.0
captcha_image_clean_000286.png,train,5X5UZ,captcha_image,clean,222.29475,43.80683448318881,0.0,0.319,0.5959718690181663,0.0,0.0,True,False,1.0
captcha_image_clean_000287.png,train,Q6E8L,captcha_image,clean,221.4321875,32.23123332211853,0.10576919285709598,0.326125,0.7002076407483712,0.9292208209087154,0.0,True,True,0.0
captcha_image_clean_000288.png,train,DGK3H,captcha_image,clean,229.173875,31.440443977214684,0.0,0.3496875,0.6903252806639495,0.0,0.0,True,False,1.0
captcha_image_clean_000289.png,train,456N8,captcha_image,clean,220.4415625,42.67258147872699,0.0,0.2951875,0.595534579030424,0.0,0.0,True,False,1.0
captcha_image_clean_000290.png,train,9HD97,captcha_image,clean,221.8360625,40.75434255384442,0.0,0.2850625,0.6105100297206828,0.0,0.0,True,False,1.0
captcha_image_clean_000291.png,test,JUJNG,captcha_image,clean,239.39625,27.484056486215785,0.0,0.27875,0.7318765845563843,0.0,0.0,True,False,1.0
captcha_image_clean_000292.png,train,3424Q,captcha_image,clean,209.0410625,46.46536883928819,0.3287982433902604,0.408875,0.5920275734537037,0.9323620560753652,0.0,True,True,0.0
captcha_image_clean_000293.png,test,NEF33,captcha_image,clean,212.5269375,44.53110597516183,0.22106120709094074,0.3493125,0.5996935441550515,0.928353907567893,0.0,True,True,0.0
captcha_image_clean_000294.png,train,V2D7P,captcha_image,clean,230.1245625,41.15181401449508,0.15587552133064372,0.275125,0.5875822917647294,0.9335831636368832,0.0,True,True,0.0
captcha_image_clean_000295.png,train,LMEDA,captcha_image,clean,216.9515,40.017305915691026,0.1406734685858609,0.33675,0.6516743201543868,0.9311876922902315,0.0,True,True,0.0
captcha_image_clean_000296.png,val,H2NQW,captcha_image,clean,231.6544375,27.19533092386621,0.07916992309850675,0.336125,0.7097605811449293,0.943210645414897,0.0,True,True,0.0
captcha_image_clean_000297.png,train,TJQFH,captcha_image,clean,220.6573125,36.955069040354175,0.0,0.316,0.6572521095294259,0.0,0.0,True,False,1.0
captcha_image_clean_000298.png,test,DR96D,captcha_image,clean,224.9919375,42.37561648514502,0.0,0.3401875,0.6409472661812975,0.0,0.0,True,False,1.0
captcha_image_clean_000299.png,val,SBLR3,captcha_image,clean,225.3403125,32.3907780070554,0.11415297909894997,0.3231875,0.6680075363310154,0.9377995999262086,0.0,True,True,0.0
captcha_image_clean_000300.png,train,RBYTP,captcha_image,clean,230.6948125,33.21586666173026,0.009761325086944349,0.344125,0.6832526863279144,0.9589974373398216,0.0,True,True,0.0
captcha_image_clean_000301.png,train,YUBKY,captcha_image,clean,232.6841875,28.783358038367304,0.056786245895030917,0.265875,0.6913568348164383,0.9334632596607565,0.0,True,True,0.0
captcha_image_clean_000302.png,train,58K8L,captcha_image,clean,232.5085,36.16310520060466,0.0,0.290375,0.6744038626499377,0.0,0.0,True,False,1.0
captcha_image_clean_000303.png,train,47NBB,captcha_image,clean,222.1135625,45.11401573855506,0.1788274172848424,0.321625,0.6049649972153729,0.9312125804193125,0.0,True,True,0.0
captcha_image_clean_000304.png,train,3MX4E,captcha_image,clean,218.927375,44.1701593342086,0.23098495538866395,0.3726875,0.6098941801148182,0.9294262853291394,0.0,True,True,0.0
captcha_image_clean_000305.png,val,6NTTU,captcha_image,clean,228.1365,37.20631489075477,0.10191413870700414,0.267625,0.6563712774376855,0.9395315809104628,0.0,True,True,0.0
captcha_image_clean_000306.png,train,89BXG,captcha_image,clean,223.9681875,39.22092618060981,0.03976208877114716,0.3685,0.5956915215591201,0.943168024133691,0.0,True,True,0.0
captcha_image_clean_000307.png,train,85JTA,captcha_image,clean,224.126375,44.705370531507455,0.0782845432375829,0.3310625,0.6199571685890204,0.9245795559463708,0.0,True,True,0.0
captcha_image_clean_000308.png,train,6H97G,captcha_image,clean,225.5933125,39.38712724707583,0.18825938165618414,0.3183125,0.635160337077297,0.9272536967887638,0.0,True,True,0.0
captcha_image_clean_000309.png,train,HAHZ5,captcha_image,clean,217.1866875,38.7012090932227,0.0,0.3439375,0.6378821533279054,0.0,0.0,True,False,1.0
captcha_image_clean_000310.png,val,V7RRS,captcha_image,clean,226.4411875,43.343287151413,0.0,0.3140625,0.6226711401491531,0.0,0.0,True,False,1.0
captcha_image_clean_000311.png,train,QGQ4Y,captcha_image,clean,227.1239375,42.70401564251416,0.0,0.3364375,0.6538263539436513,0.0,0.0,True,False,1.0
captcha_image_clean_000312.png,train,FD6ND,captcha_image,clean,219.020125,46.29805444059583,0.2696494729107379,0.3718125,0.6085195073466906,0.9321732383440976,0.0,True,True,0.0
captcha_image_clean_000313.png,val,Y3BZL,captcha_image,clean,225.8768125,47.82065727632614,0.0,0.338,0.6059856729427263,0.0,0.0,True,False,1.0
captcha_image_clean_000314.png,test,EBTN3,captcha_image,clean,215.1769375,40.86505849281381,0.019628605706704542,0.351375,0.574830508945252,0.9586486833932052,0.0,True,True,0.0
captcha_image_clean_000315.png,test,ZTTK6,captcha_image,clean,235.0601875,34.2901963389661,0.0,0.2595625,0.6176718743338192,0.0,0.0,True,False,1.0
captcha_image_clean_000316.png,test,QT9S3,captcha_image,clean,236.3576875,31.665916174213933,0.0,0.3835625,0.6875681282537268,0.0,0.0,True,False,1.0
captcha_image_clean_000317.png,test,9S86U,captcha_image,clean,222.1978125,37.55540484024694,0.009745551822186265,0.342,0.6527514136787045,0.9589974373398216,0.0,True,True,0.0
captcha_image_clean_000318.png,train,JBHFS,captcha_image,clean,232.45325,32.34327309406858,0.0,0.31975,0.6977171465138269,0.0,0.0,True,False,1.0
captcha_image_clean_000319.png,train,XSD8X,captcha_image,clean,223.8220625,38.67274267162977,0.0,0.2895,0.6454805175640121,0.0,0.0,True,False,1.0
captcha_image_clean_000320.png,train,4BEY7,captcha_image,clean,224.8430625,38.870186944766466,0.009414710077015694,0.2949375,0.660295944708594,0.9589974373398216,0.0,True,True,0.0
captcha_image_clean_000321.png,train,6WKB7,captcha_image,clean,225.2576875,41.2285023940034,0.1011321397752757,0.3105625,0.6430780842601276,0.9314352584087597,0.0,True,True,0.0
captcha_image_clean_000322.png,train,UDD6H,captcha_image,clean,221.21475,32.46210686997226,0.2532586934803013,0.3629375,0.5843698708276959,0.9331107591720187,0.0,True,True,0.0
captcha_image_clean_000323.png,train,6FCV4,captcha_image,clean,217.444625,43.57117376901126,0.12151747671637693,0.3326875,0.596129103322327,0.9362382985423345,0.0,True,True,0.0
captcha_image_clean_000324.png,val,MKXXU,captcha_image,clean,226.2785,37.8107152504419,0.13308953953883948,0.3290625,0.6668845033990864,0.9356538795868972,0.0,True,True,0.0
captcha_image_clean_000325.png,train,T7DLS,captcha_image,clean,222.6566875,45.780421022827475,0.11261275166129081,0.3235,0.5862146402145911,0.9283908267016424,0.0,True,True,0.0
captcha_image_clean_000326.png,train,W8WSL,captcha_image,clean,221.0309375,37.15714406908978,0.11725631091368133,0.3136875,0.6604922922979092,0.9372022059659311,0.0,True,True,0.0
captcha_image_clean_000327.png,train,JRNPH,captcha_image,clean,220.2474375,39.20747488915339,0.0,0.3274375,0.6454744695525093,0.0,0.0,True,False,1.0
captcha_image_clean_000328.png,train,H5YGT,captcha_image,clean,222.0176875,46.098161564777655,0.0,0.3661875,0.6208290944133941,0.0,0.0,True,False,1.0
captcha_image_clean_000329.png,val,VQMDB,captcha_image,clean,225.5506875,27.707869924939086,0.07577355433541326,0.3939375,0.7430312001289864,0.9361135457970694,0.0,True,True,0.0
captcha_image_clean_000330.png,train,U6B65,captcha_image,clean,228.570875,32.65528635204988,0.0,0.29,0.6906374031633195,0.0,0.0,True,False,1.0
captcha_image_clean_000331.png,train,SAXBY,captcha_image,clean,229.212625,40.9495273551402,0.15277948533565236,0.283875,0.6300131473614496,0.9339735870286127,0.0,True,True,0.0
captcha_image_clean_000332.png,train,9353R,captcha_image,clean,216.6815625,39.53848960264661,0.04090099819136956,0.2903125,0.6081737981039036,0.9293112188056892,0.0,True,True,0.0
captcha_image_clean_000333.png,train,MNSG7,captcha_image,clean,223.0259375,41.29142786034522,0.10808431721029299,0.3441875,0.6705758307024411,0.936770017768713,0.0,True,True,0.0
captcha_image_clean_000334.png,train,FJ3YB,captcha_image,clean,228.8169375,41.17757946529997,0.0,0.2965,0.63180559074556,0.0,0.0,True,False,1.0
captcha_image_clean_000335.png,train,TFU9J,captcha_image,clean,230.731625,34.057128106453355,0.0,0.3179375,0.6893914458115012,0.0,0.0,True,False,1.0
captcha_image_clean_000336.png,train,LWGD5,captcha_image,clean,215.3675,43.69581437334702,0.0,0.365,0.6362930319371923,0.0,0.0,True,False,1.0
captcha_image_clean_000337.png,train,UZ4CT,captcha_image,clean,223.360125,40.22784091875147,0.13561976869059228,0.2764375,0.6147147394126117,0.9331179473219335,0.0,True,True,0.0
captcha_image_clean_000338.png,train,3GQ4P,captcha_image,clean,225.381,36.891797380989715,0.10005195001330906,0.2954375,0.5888445310236263,0.9375996997986663,0.0,True,True,0.0
captcha_image_clean_000339.png,train,XFQJK,captcha_image,clean,222.94025,36.24000455211754,0.10433257545900236,0.2901875,0.6464905083579306,0.9344122549387361,0.0,True,True,0.0
captcha_image_clean_000340.png,train,YRKTG,captcha_image,clean,223.4145,39.34829494082304,0.1355142613389005,0.3179375,0.6174384377594018,0.9386304090279314,0.0,True,True,0.0
captcha_image_clean_000341.png,train,4JVNM,captcha_image,clean,213.879,46.61197790268076,0.1616625716820726,0.4024375,0.6128417127524791,0.9359714128292437,0.0,True,True,0.0
captcha_image_clean_000342.png,train,AYDZB,captcha_image,clean,224.3360625,42.135062590390135,0.18459163218614882,0.3159375,0.6457483064579116,0.9363080105860302,0.0,True,True,0.0
captcha_image_clean_000343.png,train,7DQB9,captcha_image,clean,224.96075,37.41294674891969,0.03234383150887238,0.3435,0.60080918758915,0.9596474000882096,0.0,True,True,0.0
captcha_image_clean_000344.png,test,Q6A4V,captcha_image,clean,221.0981875,43.41991244480859,0.10402627869334181,0.3256875,0.6334888730017181,0.9360917761709626,0.0,True,True,0.0
captcha_image_clean_000345.png,val,J8M7D,captcha_image,clean,226.9388125,35.07217299498056,0.17650709639222864,0.28625,0.6711042583224623,0.9405593351370561,0.0,True,True,0.0
captcha_image_clean_000346.png,train,VWBNR,captcha_image,clean,229.4645625,36.50254435218994,0.0,0.3070625,0.7008344602275501,0.0,0.0,True,False,1.0
captcha_image_clean_000347.png,test,TFC9H,captcha_image,clean,225.275,33.20216107424334,0.0,0.286375,0.711750588616583,0.0,0.0,True,False,1.0
captcha_image_clean_000348.png,test,PBEES,captcha_image,clean,225.773,29.385708192929435,0.09910527390199386,0.325875,0.7122773774441098,0.9348462203906734,0.0,True,True,0.0
captcha_image_clean_000349.png,train,L6SQT,captcha_image,clean,230.011,40.08928010079503,0.0,0.31075,0.6441935876097334,0.0,0.0,True,False,1.0
captcha_image_clean_000350.png,train,FSJTU,captcha_image,clean,227.4638125,40.19510001809728,0.11700429355267591,0.2784375,0.6245701253785712,0.9371998463006443,0.0,True,True,0.0
captcha_image_clean_000351.png,train,2FGQL,captcha_image,clean,233.2496875,32.121512941521665,0.11200887962273488,0.277,0.7085798993940503,0.9391640887860542,0.0,True,True,0.0
captcha_image_clean_000352.png,train,9TMN6,captcha_image,clean,216.621875,45.62291114653223,0.0,0.3711875,0.6482505292346157,0.0,0.0,True,False,1.0
captcha_image_clean_000353.png,train,PPMBQ,captcha_image,clean,224.2153125,42.6756365275006,0.0,0.3455625,0.6368005560621968,0.0,0.0,True,False,1.0
captcha_image_clean_000354.png,train,4TNQG,captcha_image,clean,225.8573125,39.05334432257171,0.1203193806803501,0.306625,0.6124454364478572,0.9377940198423238,0.0,True,True,0.0
captcha_image_clean_000355.png,train,BPD39,captcha_image,clean,217.0575625,46.47861604069762,0.19600144154825092,0.352875,0.6049986131224073,0.9293878274938072,0.0,True,True,0.0
captcha_image_clean_000356.png,val,X7EJV,captcha_image,clean,224.08975,41.94023509635467,0.0,0.26825,0.6217096579787176,0.0,0.0,True,False,1.0
captcha_image_clean_000357.png,train,NH3C8,captcha_image,clean,212.791375,46.227720045546,0.0,0.36475,0.6083045192232813,0.0,0.0,True,False,1.0
captcha_image_clean_000358.png,train,U7YND,captcha_image,clean,229.40375,35.12194272726809,0.1491572221715052,0.2996875,0.6761790058339688,0.9302661987165027,0.0,True,True,0.0
captcha_image_clean_000359.png,train,4L8S5,captcha_image,clean,222.3734375,37.84593085040443,0.0,0.294625,0.6005511724289694,0.0,0.0,True,False,1.0
captcha_image_clean_000360.png,val,JS9JB,captcha_image,clean,227.8823125,38.303140695670685,0.013646870459584813,0.3289375,0.6485916758787922,0.938148380121165,0.0,True,True,0.0
captcha_image_clean_000361.png,train,UZ7ZQ,captcha_image,clean,225.3720625,35.837429902213884,0.14147200297114298,0.332125,0.6511237617877496,0.9384734552512599,0.0,True,True,0.0
captcha_image_clean_000362.png,test,37RHZ,captcha_image,clean,226.9315625,33.23080278609883,0.019188237609769586,0.32125,0.620337071283806,0.9591184854144779,0.0,True,True,0.0
captcha_image_clean_000363.png,train,7QU8T,captcha_image,clean,223.7446875,38.782468694338476,0.0,0.261875,0.620045684981511,0.0,0.0,True,False,1.0
captcha_image_clean_000364.png,train,X6HDT,captcha_image,clean,235.3995,29.667516322570716,0.14923049758506435,0.3335625,0.5991495717191414,0.9367458161716401,0.0,True,True,0.0
captcha_image_clean_000365.png,val,H979X,captcha_image,clean,226.6413125,34.02380645632325,0.22298971479311733,0.3198125,0.6121401940393543,0.9314254446674601,0.0,True,True,0.0
captcha_image_clean_000366.png,train,6RVLM,captcha_image,clean,228.2914375,39.816858887707276,0.11038050776110095,0.285375,0.6551208546851058,0.931051361767132,0.0,True,True,0.0
captcha_image_clean_000367.png,train,TZ7BG,captcha_image,clean,223.81725,37.81524299059178,0.14456937023574584,0.28475,0.6376822214475112,0.9314266861639969,0.0,True,True,0.0
captcha_image_clean_000368.png,train,KXLET,captcha_image,clean,229.060125,25.750971049348315,0.08198918446447713,0.325875,0.6167111410647751,0.9313270271620656,0.0,True,True,0.0
captcha_image_clean_000369.png,train,S3KKS,captcha_image,clean,225.760625,43.399296648786546,0.0,0.303375,0.6185624312791015,0.0,0.0,True,False,1.0
captcha_image_clean_000370.png,train,PYWGG,captcha_image,clean,227.5418125,27.398458017100957,0.1270432431170313,0.358625,0.6009960865418973,0.9375767189599368,0.0,True,True,0.0
captcha_image_clean_000371.png,train,GLLRK,captcha_image,clean,223.1419375,39.87306003112997,0.09743669976771017,0.293125,0.6193986304955561,0.9215926195320804,0.0,True,True,0.0
captcha_image_clean_000372.png,test,96NXN,captcha_image,clean,222.753125,39.33747008558602,0.0,0.31,0.6567878983592254,0.0,0.0,True,False,1.0
captcha_image_clean_000373.png,train,EFQDP,captcha_image,clean,220.265625,37.306124743255964,0.17242576135605836,0.3698125,0.5847300009109562,0.9357715962844148,0.0,True,True,0.0
captcha_image_clean_000374.png,train,A6EQR,captcha_image,clean,226.12325,36.17067091494848,0.12191734775920114,0.3531875,0.607766448379112,0.9354292403972557,0.0,True,True,0.0
captcha_image_clean_000375.png,val,CY37E,captcha_image,clean,224.0835625,39.00525227207989,0.06428464830208055,0.2770625,0.6195149065293997,0.9362790882776802,0.0,True,True,0.0
captcha_image_clean_000376.png,train,FHSHE,captcha_image,clean,221.9555,36.39694038995586,0.21923720647294787,0.3363125,0.6135612816289634,0.9342324289894115,0.0,True,True,0.0
captcha_image_clean_000377.png,test,RGAMS,captcha_image,clean,225.8683125,29.22104927791512,0.19011618688061482,0.3618125,0.6225611492229676,0.9290746059758171,0.0,True,True,0.0
captcha_image_clean_000378.png,train,3N6FU,captcha_image,clean,226.8221875,34.350923498718984,0.12568821041619996,0.318,0.6661570805847455,0.9304558926216971,0.0,True,True,0.0
captcha_image_clean_000379.png,train,P8UKV,captcha_image,clean,219.5348125,46.4590468917502,0.10216896920933054,0.354,0.6075551947014133,0.9339859159196969,0.0,True,True,0.0
captcha_image_clean_000380.png,train,AM2JA,captcha_image,clean,222.086875,38.96790926819625,0.0,0.31575,0.6581497132871579,0.0,0.0,True,False,1.0
captcha_image_clean_000381.png,train,T9N8P,captcha_image,clean,234.874125,34.04292922890706,0.0,0.2435,0.6743809504986389,0.0,0.0,True,False,1.0
captcha_image_clean_000382.png,train,6JZE4,captcha_image,clean,216.1111875,46.120216010333735,0.14362702999055926,0.3618125,0.5892496335432856,0.9414907579838743,0.0,True,True,0.0
captcha_image_clean_000383.png,train,LXRKM,captcha_image,clean,224.2653125,34.80900633136981,0.269210971079036,0.361375,0.618062035518951,0.9342169099160057,0.0,True,True,0.0
captcha_image_clean_000384.png,train,DKR5Q,captcha_image,clean,219.6286875,37.91712758803524,0.019320288753213635,0.3305,0.6072091618650426,0.9492185423633334,0.0,True,True,0.0
captcha_image_clean_000385.png,val,EESCC,captcha_image,clean,229.0318125,27.608502774776536,0.11112675761142506,0.2850625,0.6341808659755446,0.941227301917215,0.0,True,True,0.0
captcha_image_clean_000386.png,train,ASZXQ,captcha_image,clean,222.5224375,41.418854360769004,0.0,0.378625,0.6508140532359029,0.0,0.0,True,False,1.0
captcha_image_clean_000387.png,train,WV5XA,captcha_image,clean,228.8138125,43.45870191014504,0.029785118943323464,0.296125,0.6158335430312752,0.9373533339877157,0.0,True,True,0.0
captcha_image_clean_000388.png,train,45Y8W,captcha_image,clean,224.6813125,41.9912118874574,0.0,0.28425,0.6217659545405282,0.0,0.0,True,False,1.0
captcha_image_clean_000389.png,train,9UXKH,captcha_image,clean,230.133,38.124817193004354,0.07194585868839794,0.2913125,0.6450897790030748,0.9351933884888882,0.0,True,True,0.0
captcha_image_clean_000390.png,val,DEUJW,captcha_image,clean,226.2076875,43.65400243279353,0.1474249123387267,0.3026875,0.614781725250327,0.9328617875304506,0.0,True,True,0.0
captcha_image_clean_000391.png,train,DLP3R,captcha_image,clean,226.3413125,37.492123416490344,0.027623083453246607,0.263375,0.6362618416737958,0.9552716202366061,0.0,True,True,0.0
captcha_image_clean_000392.png,train,QMLER,captcha_image,clean,222.1275,46.25997993676608,0.026236735272415473,0.364875,0.607223385611989,0.9410307334138733,0.0,True,True,0.0
captcha_image_clean_000393.png,train,QZJXV,captcha_image,clean,224.2316875,35.51135217648497,0.0,0.277375,0.6753429321234028,0.0,0.0,True,False,1.0
captcha_image_clean_000394.png,train,XLT4V,captcha_image,clean,226.1270625,43.07648915152085,0.0,0.2805625,0.6073253340074336,0.0,0.0,True,False,1.0
captcha_image_clean_000395.png,train,PHXHJ,captcha_image,clean,224.15425,41.64938873425995,0.03638164938717244,0.3398125,0.6286141865510178,0.9455776971029582,0.0,True,True,0.0
captcha_image_clean_000396.png,val,ECNKN,captcha_image,clean,224.278,35.15284079558863,0.09333513957048202,0.34575,0.6028761974565052,0.9313999162542765,0.0,True,True,0.0
captcha_image_clean_000397.png,test,D3E7W,captcha_image,clean,218.5935625,40.2777109088711,0.01898144871862978,0.306375,0.628264315992306,0.9349385850292693,0.0,True,True,0.0
captcha_image_clean_000398.png,train,EM95K,captcha_image,clean,225.933875,34.22617057873076,0.1895935802750107,0.29325,0.612580719093389,0.931641861596024,0.0,True,True,0.0
captcha_image_clean_000399.png,test,7Q9J2,captcha_image,clean,225.6486875,33.946424952082126,0.14869185819078573,0.331875,0.587624118201895,0.9402236164914042,0.0,True,True,0.0
captcha_image_clean_000400.png,train,TLLUM,captcha_image,clean,230.238,36.75600265262805,0.14143353895566138,0.263125,0.6685527618304373,0.9342355500454118,0.0,True,True,0.0
captcha_image_clean_000401.png,train,SH6LM,captcha_image,clean,226.2906875,38.56939283003226,0.15575454502429628,0.33175,0.6564446518871586,0.9338586979009639,0.0,True,True,0.0
captcha_image_clean_000402.png,test,VZQ8F,captcha_image,clean,221.1778125,41.73075388984536,0.19808991502162993,0.3200625,0.6253552727305322,0.9336590973299604,0.0,True,True,0.0
captcha_image_clean_000403.png,val,EHA7A,captcha_image,clean,227.6090625,31.73600054151584,0.11233415056627641,0.286125,0.6763045634056076,0.9350314269883758,0.0,True,True,0.0
captcha_image_clean_000404.png,val,UWXFJ,captcha_image,clean,232.751,31.968019159779043,0.09750066279578312,0.283,0.6284542412507395,0.9430515723368736,0.0,True,True,0.0
captcha_image_clean_000405.png,train,L26B4,captcha_image,clean,225.7905,38.53356796028626,0.18548613075452314,0.3111875,0.6533603266425384,0.9395708751964194,0.0,True,True,0.0
captcha_image_clean_000406.png,test,X498B,captcha_image,clean,220.6408125,36.34113780331931,0.048202060001391205,0.35525,0.594301484106578,0.9363108336965411,0.0,True,True,0.0
captcha_image_clean_000407.png,train,BBL7P,captcha_image,clean,226.339125,37.01080577661577,0.06545481425453492,0.3173125,0.6446063597515538,0.9404118248217662,0.0,True,True,0.0
captcha_image_clean_000408.png,train,SK54R,captcha_image,clean,214.5503125,43.39680107625841,0.31742913805598705,0.361,0.5981714327653493,0.9327271464064173,0.0,True,True,0.0
captcha_image_clean_000409.png,val,2W4YC,captcha_image,clean,221.0134375,42.11858564735518,0.0,0.3236875,0.6094190699104746,0.0,0.0,True,False,1.0
captcha_image_clean_000410.png,train,BWHQR,captcha_image,clean,218.2948125,44.50933355027734,0.07131654515594972,0.3398125,0.6124953289255355,0.9247602646399046,0.0,True,True,0.0
captcha_image_clean_000411.png,train,YB9C6,captcha_image,clean,217.7819375,47.630060216696066,0.0,0.35675,0.5811226288714112,0.0,0.0,True,False,1.0
captcha_image_clean_000412.png,test,2WUAA,captcha_image,clean,210.3556875,46.89744714696466,0.16073977167312228,0.403125,0.6155674971951547,0.9328929717863269,0.0,True,True,0.0
captcha_image_clean_000413.png,train,V2B56,captcha_image,clean,222.0495,39.03858571657021,0.0,0.267375,0.6314965788630076,0.0,0.0,True,False,1.0
captcha_image_clean_000414.png,train,6ENFE,captcha_image,clean,217.6275625,40.89378593146633,0.24075289737196867,0.3670625,0.6539500679963642,0.930718544516027,0.0,True,True,0.0
captcha_image_clean_000415.png,train,H4L7R,captcha_image,clean,223.5595,37.807473927121876,0.044961017892600624,0.3211875,0.5875887407049193,0.9393313151210217,0.0,True,True,0.0
captcha_image_clean_000416.png,train,5DPND,captcha_image,clean,229.72375,37.03714940350431,0.153110758326004,0.2853125,0.6681593772378812,0.9307044097199476,0.0,True,True,0.0
captcha_image_clean_000417.png,train,SMED2,captcha_image,clean,224.2543125,42.95366122523601,0.07218122158882295,0.33175,0.6534493051260646,0.933452640926456,0.0,True,True,0.0
captcha_image_clean_000418.png,train,XMCH3,captcha_image,clean,218.4979375,41.55231486627543,0.0,0.2834375,0.6297388136681883,0.0,0.0,True,False,1.0
captcha_image_clean_000419.png,train,TEB3M,captcha_image,clean,230.90925,31.86820538463846,0.0,0.2980625,0.7081046594511508,0.0,0.0,True,False,1.0
captcha_image_clean_000420.png,test,GRWPX,captcha_image,clean,221.1413125,43.47907649982166,0.0,0.33875,0.6406666516044022,0.0,0.0,True,False,1.0
captcha_image_clean_000421.png,train,YFUDK,captcha_image,clean,220.1891875,42.50121787184273,0.20229855665514138,0.3248125,0.6247612310251038,0.9375310886213877,0.0,True,True,0.0
captcha_image_clean_000422.png,train,CF4LW,captcha_image,clean,218.521125,42.96480889907897,0.14498357211038493,0.3623125,0.6235210096837217,0.9312103488196097,0.0,True,True,0.0
captcha_image_clean_000423.png,val,VFVJ9,captcha_image,clean,224.0548125,45.6593794645727,0.14198082795668576,0.3623125,0.5702454464980429,0.9340212566533714,0.0,True,True,0.0
captcha_image_clean_000424.png,train,FHS3J,captcha_image,clean,220.9146875,35.649111619749284,0.0,0.3026875,0.6663964736514937,0.0,0.0,True,False,1.0
captcha_image_clean_000425.png,train,3Y3HH,captcha_image,clean,224.99425,37.44111165467046,0.1374773185059691,0.3264375,0.6003012495059137,0.9355091026192771,0.0,True,True,0.0
captcha_image_clean_000426.png,train,3ZRW9,captcha_image,clean,226.036875,41.86791898619246,0.0,0.3266875,0.6081037457200618,0.0,0.0,True,False,1.0
captcha_image_clean_000427.png,val,M2JEG,captcha_image,clean,221.75075,43.20917436653355,0.2131552466419843,0.3149375,0.6265212232970424,0.9330116115251158,0.0,True,True,0.0
captcha_image_clean_000428.png,train,L99R7,captcha_image,clean,227.630375,45.80097572497091,0.0,0.3059375,0.6013601095809652,0.0,0.0,True,False,1.0
captcha_image_clean_000429.png,train,UY6EE,captcha_image,clean,222.8781875,37.331835934157375,0.11413591498923552,0.2983125,0.6703328883299254,0.9426809744813851,0.0,True,True,0.0
captcha_image_clean_000430.png,train,7EM5P,captcha_image,clean,230.266375,35.539550775992865,0.09565807016405438,0.3841875,0.6916577770581644,0.9325078231882697,0.0,True,True,0.0
captcha_image_clean_000431.png,val,9YRBP,captcha_image,clean,225.0841875,37.32117327958546,0.0,0.36025,0.646588645374178,0.0,0.0,True,False,1.0
captcha_image_clean_000432.png,train,X6TWA,captcha_image,clean,231.706,19.091806200566776,0.05427934011474754,0.25925,0.6386308382339414,0.9409789085565727,0.0,True,True,0.0
captcha_image_clean_000433.png,train,6HUE6,captcha_image,clean,212.3733125,40.71336635894094,0.1537460652571679,0.3955,0.5705318356956288,0.9287631242770062,0.0,True,True,0.0
captcha_image_clean_000434.png,train,ZUL4X,captcha_image,clean,234.2866875,25.8531501519127,0.0,0.287,0.7443683615020464,0.0,0.0,True,False,1.0
captcha_image_clean_000435.png,train,FES38,captcha_image,clean,213.2686875,44.24264198177301,0.21796510136049524,0.3780625,0.6045309108490827,0.9320355729975972,0.0,True,True,0.0
captcha_image_clean_000436.png,train,TYZCA,captcha_image,clean,222.162875,39.77486765200326,0.20096459837652192,0.291125,0.6243385166038301,0.9307128849891587,0.0,True,True,0.0
captcha_image_clean_000437.png,train,PGAFA,captcha_image,clean,227.6095625,34.354366477328526,0.11961526844276202,0.235625,0.6774890364535099,0.9370058859200899,0.0,True,True,0.0
captcha_image_clean_000438.png,train,AXFTD,captcha_image,clean,220.23575,40.77529487247762,0.22254146608134817,0.333,0.6172531717920465,0.9261593969786367,0.0,True,True,0.0
captcha_image_clean_000439.png,train,Q32DX,captcha_image,clean,235.9793125,26.568905877497926,0.0,0.253875,0.635177802197956,0.0,0.0,True,False,1.0
captcha_image_clean_000440.png,train,3PKYA,captcha_image,clean,224.96075,32.62318706744483,0.013375607397088714,0.3014375,0.6110519863332713,0.9487414954591271,0.0,True,True,0.0
captcha_image_clean_000441.png,train,LR4M5,captcha_image,clean,229.135875,38.76591173936678,0.11822340048849297,0.3299375,0.5880401851109022,0.9315412551690437,0.0,True,True,0.0
captcha_image_clean_000442.png,train,MPY6K,captcha_image,clean,224.7079375,44.21769314421653,0.1536652038590925,0.341125,0.6013058393682572,0.9377980330777186,0.0,True,True,0.0
captcha_image_clean_000443.png,train,3P8F4,captcha_image,clean,220.487875,38.070958130632526,0.0,0.3364375,0.6655125407225903,0.0,0.0,True,False,1.0
captcha_image_clean_000444.png,train,5ESVU,captcha_image,clean,221.1890625,42.50673261815231,0.0,0.302,0.6294601397448025,0.0,0.0,True,False,1.0
captcha_image_clean_000445.png,val,734SV,captcha_image,clean,221.1525625,34.92724276526267,0.04313504066745052,0.3294375,0.5919202935254635,0.9604592396827076,0.0,True,True,0.0
captcha_image_clean_000446.png,train,Z49ZY,captcha_image,clean,225.03075,43.468161387819244,0.0,0.331875,0.6070973854880505,0.0,0.0,True,False,1.0
captcha_image_clean_000447.png,train,3UJY7,captcha_image,clean,223.4575625,37.93312469410599,0.09445454342729391,0.2849375,0.6199243234162174,0.9384632546686463,0.0,True,True,0.0
captcha_image_clean_000448.png,train,RBS85,captcha_image,clean,221.057,37.1419944402559,0.017021840973229275,0.3530625,0.5917916504539389,0.959211044264267,0.0,True,True,0.0
captcha_image_clean_000449.png,val,LV92N,captcha_image,clean,227.0290625,27.840767641555683,0.2015641658602607,0.324125,0.6141593358542512,0.9272217775973784,0.0,True,True,0.0
captcha_image_clean_000450.png,train,6EXJF,captcha_image,clean,226.3669375,35.283915165002504,0.10257852169113826,0.2823125,0.6435979963089782,0.9332806927069609,0.0,True,True,0.0
captcha_image_clean_000451.png,train,YX58J,captcha_image,clean,240.249,27.1344200048573,0.03815754657151607,0.3141875,0.7488904729157082,0.9399444832832026,0.0,True,True,0.0
captcha_image_clean_000452.png,train,BD56T,captcha_image,clean,226.4126875,26.053713776107696,0.06537655645799784,0.3151875,0.5841882963155886,0.949357903174491,0.0,True,True,0.0
captcha_image_clean_000453.png,train,S4JQX,captcha_image,clean,228.8405,30.600029571064145,0.1128320746061728,0.374875,0.6001499539858656,0.919396990553213,0.0,True,True,0.0
captcha_image_clean_000454.png,train,GXJF4,captcha_image,clean,228.3845,29.72515827964588,0.14210748462138081,0.2978125,0.6299097713174291,0.9354297480233686,0.0,True,True,0.0
captcha_image_clean_000455.png,train,26JWW,captcha_image,clean,217.48975,37.754301343522435,0.12743773298980365,0.349,0.6616771135443035,0.9364747557684637,0.0,True,True,0.0
captcha_image_clean_000456.png,val,CMDCE,captcha_image,clean,227.652625,43.04373160646478,0.07058797192958095,0.3135625,0.6261266532782701,0.9356730201911189,0.0,True,True,0.0
captcha_image_clean_000457.png,train,A7ULE,captcha_image,clean,233.53325,27.167243961018574,0.11239799743282924,0.31625,0.7447550800410624,0.9343420635127819,0.0,True,True,0.0
captcha_image_clean_000458.png,train,TGUQJ,captcha_image,clean,231.1099375,29.0539020829577,0.14099762991504722,0.288,0.6269696661083254,0.941387267406141,0.0,True,True,0.0
captcha_image_clean_000459.png,train,N6GKT,captcha_image,clean,216.9778125,45.37007488659066,0.013557530350597419,0.3200625,0.6107964864690276,0.938148380121165,0.0,True,True,0.0
captcha_image_clean_000460.png,train,HAAD8,captcha_image,clean,229.417375,31.84893323345972,0.09141690448415785,0.2139375,0.6855415410100373,0.9354689820347895,0.0,True,True,0.0
captcha_image_clean_000461.png,test,WFM65,captcha_image,clean,223.535,38.85729210843185,0.15259295863782457,0.3470625,0.6666804649398297,0.9375613014442176,0.0,True,True,0.0
captcha_image_clean_000462.png,train,ZKDME,captcha_image,clean,225.9189375,37.816277796355024,0.10237149872408523,0.280125,0.6478835135461779,0.9391580970345331,0.0,True,True,0.0
captcha_image_clean_000463.png,test,Y53H5,captcha_image,clean,214.7224375,44.2611019582499,0.0,0.4074375,0.628078300785796,0.0,0.0,True,False,1.0
captcha_image_clean_000464.png,train,R7MMF,captcha_image,clean,223.46575,34.71768392242633,0.13410884729558453,0.34475,0.7003328781324186,0.93327915053691,0.0,True,True,0.0
captcha_image_clean_000465.png,val,Q8TBZ,captcha_image,clean,227.8835625,35.29572041775877,0.0,0.373625,0.6686239358611378,0.0,0.0,True,False,1.0
captcha_image_clean_000466.png,train,44KYY,captcha_image,clean,224.76775,37.7989359630334,0.022576179113899697,0.264625,0.6213737612678364,0.9585407968030797,0.0,True,True,0.0
captcha_image_clean_000467.png,train,B2THF,captcha_image,clean,225.830625,30.79710720358935,0.0,0.30325,0.7023768934808154,0.0,0.0,True,False,1.0
captcha_image_clean_000468.png,train,SU4MX,captcha_image,clean,232.03025,31.247113225664545,0.0,0.3105,0.728084389054046,0.0,0.0,True,False,1.0
captcha_image_clean_000469.png,val,SZS74,captcha_image,clean,233.236,28.068390655682418,0.0,0.270875,0.7252722640939616,0.0,0.0,True,False,1.0
captcha_image_clean_000470.png,train,DG884,captcha_image,clean,216.67775,46.202501609084976,0.16258637812543653,0.3646875,0.6090543035640024,0.9358678331395097,0.0,True,True,0.0
captcha_image_clean_000471.png,val,EYPAY,captcha_image,clean,228.1539375,38.54531736470844,0.0,0.3095,0.6649531526154236,0.0,0.0,True,False,1.0
captcha_image_clean_000472.png,train,R2LM5,captcha_image,clean,222.294625,33.19809777847784,0.0,0.3390625,0.6913842960426083,0.0,0.0,True,False,1.0
captcha_image_clean_000473.png,train,X4EZV,captcha_image,clean,223.7375625,29.20606639139536,0.12236062211595879,0.4326875,0.5825266895046136,0.9369293738126487,0.0,True,True,0.0
captcha_image_clean_000474.png,train,EAQHE,captcha_image,clean,216.6760625,47.67348190552158,0.14083868775034686,0.366625,0.5766813974467654,0.9274718866430528,0.0,True,True,0.0
captcha_image_clean_000475.png,train,X7PZP,captcha_image,clean,231.461375,30.65568476007957,0.0,0.2790625,0.7123198134753265,0.0,0.0,True,False,1.0
captcha_image_clean_000476.png,train,JNWRC,captcha_image,clean,218.52825,40.85806471111303,0.11190620945353033,0.328625,0.6461541540838606,0.9292389302855191,0.0,True,True,0.0
captcha_image_clean_000477.png,val,PM87J,captcha_image,clean,221.218625,44.58166330577376,0.13767601190709922,0.329625,0.6330818832998153,0.9328236505933848,0.0,True,True,0.0
captcha_image_clean_000478.png,train,5QWDA,captcha_image,clean,233.437875,26.44261740986272,0.17804721270069496,0.3096875,0.6187412446786599,0.9294654039042836,0.0,True,True,0.0
captcha_image_clean_000479.png,train,E9BKM,captcha_image,clean,233.128625,20.436880403069715,0.02116289341514512,0.3025625,0.6360994926645772,0.959870068042561,0.0,True,True,0.0
captcha_image_clean_000480.png,train,M37NC,captcha_image,clean,227.560875,37.14805572616655,0.09048210771594244,0.33375,0.6013538264066549,0.9351455051462859,0.0,True,True,0.0
captcha_image_clean_000481.png,train,BMWQC,captcha_image,clean,227.121625,37.88101546103767,0.13724786680897913,0.335625,0.668447697936528,0.934098320339388,0.0,True,True,0.0
captcha_image_clean_000482.png,test,235KJ,captcha_image,clean,228.1834375,42.965848800920874,0.0,0.319375,0.6481444797474087,0.0,0.0,True,False,1.0
captcha_image_clean_000483.png,train,CNUZM,captcha_image,clean,233.0093125,32.09212482490594,0.09504943347406135,0.2528125,0.6789595505398768,0.9297249255628289,0.0,True,True,0.0
captcha_image_clean_000484.png,train,AY6Q3,captcha_image,clean,234.558375,24.075354978886086,0.0926708515982986,0.28575,0.615504244616508,0.9285501851743694,0.0,True,True,0.0
captcha_image_clean_000485.png,train,LJ2WE,captcha_image,clean,229.4454375,26.88875737057393,0.11920074480629358,0.3104375,0.6308089128606593,0.940219996667374,0.0,True,True,0.0
captcha_image_clean_000486.png,test,CPVL4,captcha_image,clean,236.76225,34.31905593016072,0.0,0.2184375,0.6664906152726394,0.0,0.0,True,False,1.0
captcha_image_clean_000487.png,val,JNRHW,captcha_image,clean,223.0059375,38.63441991600358,0.2498573957227243,0.3300625,0.6355180065182241,0.9324167707818716,0.0,True,True,0.0
captcha_image_clean_000488.png,train,RLTAJ,captcha_image,clean,227.2824375,31.381641393633217,0.0,0.2700625,0.6906858850294897,0.0,0.0,True,False,1.0
captcha_image_clean_000489.png,train,ML5AF,captcha_image,clean,233.3208125,37.52865427696341,0.01597666927329838,0.265625,0.650952741954542,0.9230809336764189,0.0,True,True,0.0
captcha_image_clean_000490.png,train,M2G66,captcha_image,clean,216.904375,46.577374935255584,0.21845755700706118,0.3543125,0.592600600829125,0.9279957749306882,0.0,True,True,0.0
captcha_image_clean_000491.png,train,7PX9H,captcha_image,clean,219.750375,45.808721193233225,0.16770851925247313,0.3371875,0.5908984060157574,0.9356837432642288,0.0,True,True,0.0
captcha_image_clean_000492.png,test,B3HSK,captcha_image,clean,223.440125,32.59366180692766,0.0,0.351,0.6109498173344707,0.0,0.0,True,False,1.0
captcha_image_clean_000493.png,train,MFD6G,captcha_image,clean,223.8806875,44.55574263804099,0.11624771093653692,0.3200625,0.6100905136972928,0.9354393655110528,0.0,True,True,0.0
captcha_image_clean_000494.png,val,9BMLM,captcha_image,clean,220.9110625,41.4288474691379,0.1054127840451358,0.3604375,0.6521059190716672,0.9318872485345566,0.0,True,True,0.0
captcha_image_clean_000495.png,train,EUDWU,captcha_image,clean,234.300625,32.81830471869891,0.10034346993842687,0.318,0.6177698262438289,0.9356059921919839,0.0,True,True,0.0
captcha_image_clean_000496.png,val,R6BYS,captcha_image,clean,238.90125,25.107688034494533,0.013234878899969183,0.2865,0.6183403708905524,0.938148380121165,0.0,True,True,0.0
captcha_image_clean_000497.png,train,GWHY5,captcha_image,clean,228.4581875,38.06837108039749,0.1072804439701592,0.3505625,0.6733591058239539,0.939817312319353,0.0,True,True,0.0
captcha_image_clean_000498.png,train,QRNC8,captcha_image,clean,219.352,42.42814627107811,0.0,0.298,0.6281747440684056,0.0,0.0,True,False,1.0
captcha_image_clean_000499.png,train,6VR6T,captcha_image,clean,229.7631875,31.37531445802326,0.016013499205953685,0.269,0.7073385475996282,0.9466617326642444,0.0,True,True,0.0
captcha_image_clean_000500.png,train,BU5BP,captcha_image,clean,214.9065625,47.8561080943028,0.1563658479628348,0.3754375,0.5648225487343826,0.930824184359866,0.0,True,True,0.0
captcha_image_clean_000501.png,train,Q4KSP,captcha_image,clean,222.1760625,33.30520889434705,0.0,0.3645,0.7057864047131218,0.0,0.0,True,False,1.0
captcha_image_clean_000502.png,train,PBNS5,captcha_image,clean,224.791875,35.22304372118308,0.07014660701273176,0.3806875,0.5784511896531324,0.9322362556940301,0.0,True,True,0.0
captcha_image_clean_000503.png,train,A58EF,captcha_image,clean,219.9073125,37.6050757415451,0.0,0.33625,0.6630553670656687,0.0,0.0,True,False,1.0
captcha_image_clean_000504.png,test,WMKAR,captcha_image,clean,218.7253125,42.73664977835001,0.12957006479834293,0.3510625,0.6546326151171253,0.9311816488413559,0.0,True,True,0.0
captcha_image_clean_000505.png,train,RJEVP,captcha_image,clean,231.4610625,30.515997589315244,0.08624660545244682,0.2995,0.7219033680836426,0.9375775432885374,0.0,True,True,0.0
captcha_image_clean_000506.png,test,FDSNU,captcha_image,clean,223.472875,31.214628209132574,0.13316722181905188,0.3201875,0.6189627005297094,0.9354877455905211,0.0,True,True,0.0
captcha_image_clean_000507.png,val,HP6HU,captcha_image,clean,221.0844375,48.82429270157013,0.0,0.361375,0.5931202860516768,0.0,0.0,True,False,1.0
captcha_image_clean_000508.png,train,W95PE,captcha_image,clean,221.8655,42.649329241501555,0.0,0.3434375,0.6259969420456947,0.0,0.0,True,False,1.0
captcha_image_clean_000509.png,val,KDLHC,captcha_image,clean,225.5678125,46.86283203632538,0.0,0.3335625,0.6119041140572689,0.0,0.0,True,False,1.0
captcha_image_clean_000510.png,train,N7SQA,captcha_image,clean,216.664125,43.16121451007114,0.0191714804803881,0.3200625,0.6157013711721264,0.9133500011171066,0.0,True,True,0.0
captcha_image_clean_000511.png,train,JK6Y3,captcha_image,clean,226.6884375,39.01181060023482,0.0,0.3125,0.6429302167589404,0.0,0.0,True,False,1.0
captcha_image_clean_000512.png,val,QNS78,captcha_image,clean,215.9440625,42.91673110217149,0.1987466477348699,0.3735625,0.6271452046254947,0.9368240753348557,0.0,True,True,0.0
captcha_image_clean_000513.png,train,MWK8S,captcha_image,clean,200.745125,51.160660313705634,0.15330805906592684,0.5141875,0.5917139001700479,0.9293685738768733,0.0,True,True,0.0
captcha_image_clean_000514.png,val,ES9HD,captcha_image,clean,223.3090625,36.864507563116774,0.0,0.302625,0.6116942972779936,0.0,0.0,True,False,1.0
captcha_image_clean_000515.png,train,N3HV9,captcha_image,clean,222.0165,43.06528883857625,0.1256859263320002,0.3628125,0.6332017871854402,0.9254921860745527,0.0,True,True,0.0
captcha_image_clean_000516.png,train,FTE4F,captcha_image,clean,226.674875,40.279682145399,0.12099163701689293,0.2758125,0.6251998043030579,0.9300449819799707,0.0,True,True,0.0
captcha_image_clean_000517.png,train,Y7XE8,captcha_image,clean,229.1136875,29.69755903525311,0.09843702643242375,0.2974375,0.6101383424630136,0.9345481487503705,0.0,True,True,0.0
captcha_image_clean_000518.png,val,7ZNJB,captcha_image,clean,225.85475,40.57308254788512,0.10164815439664304,0.2871875,0.5994784317153603,0.9388702531499441,0.0,True,True,0.0
captcha_image_clean_000519.png,val,MKHAR,captcha_image,clean,227.322125,42.21803359329251,0.0,0.356,0.6680104437253854,0.0,0.0,True,False,1.0
captcha_image_clean_000520.png,train,9RL3C,captcha_image,clean,229.089125,30.51900320676242,0.0,0.3055,0.714727952238572,0.0,0.0,True,False,1.0
captcha_image_clean_000521.png,test,FDJAS,captcha_image,clean,223.0801875,32.11336376751653,0.1577429015026045,0.3660625,0.5796650509814684,0.9327136183217484,0.0,True,True,0.0
captcha_image_clean_000522.png,test,Y4U4V,captcha_image,clean,229.8126875,33.511137723559074,0.1411697195075321,0.3008125,0.6101342439902195,0.9312554856352926,0.0,True,True,0.0
captcha_image_clean_000523.png,train,63SUG,captcha_image,clean,224.6548125,45.8774090167464,0.0,0.315625,0.6114988622297032,0.0,0.0,True,False,1.0
captcha_image_clean_000524.png,train,YCPMH,captcha_image,clean,234.4343125,31.61017534200568,0.11629440245640024,0.3115,0.7216314977501811,0.941304758651223,0.0,True,True,0.0
captcha_image_clean_000525.png,train,QEEE4,captcha_image,clean,226.769625,41.24827787143816,0.08884401812697636,0.3323125,0.6470483900500458,0.9408170734524567,0.0,True,True,0.0
captcha_image_clean_000526.png,val,GAWJL,captcha_image,clean,217.771875,42.471638583699296,0.24773419594468488,0.340875,0.6136041376042701,0.9334276559276479,0.0,True,True,0.0
captcha_image_clean_000527.png,train,SLE2W,captcha_image,clean,218.323625,43.236693234559176,0.2427955050700117,0.32125,0.5932610325409899,0.9324031311761612,0.0,True,True,0.0
captcha_image_clean_000528.png,train,GQPQD,captcha_image,clean,225.2145,42.822888036072484,0.0,0.296,0.6275439876531018,0.0,0.0,True,False,1.0
captcha_image_clean_000529.png,train,YUJXU,captcha_image,clean,227.8556875,34.566081444131676,0.13699221164531183,0.2775625,0.6260290090899933,0.9444960625819322,0.0,True,True,0.0
captcha_image_clean_000530.png,train,RQPCY,captcha_image,clean,232.1966875,30.261700241846025,0.10060292221801836,0.3154375,0.7079820922353969,0.9402685181428805,0.0,True,True,0.0
captcha_image_clean_000531.png,train,SR26K,captcha_image,clean,219.1103125,35.902931894935044,0.0,0.370125,0.6526066762408319,0.0,0.0,True,False,1.0
captcha_image_clean_000532.png,train,LVDYM,captcha_image,clean,224.8763125,26.89897561065,0.12477530190905166,0.3394375,0.607417806403192,0.9416971349122033,0.0,True,True,0.0
captcha_image_clean_000533.png,train,V3RDQ,captcha_image,clean,231.408,27.551536454433894,0.08389733223429711,0.3035,0.7591737401149229,0.9373303356810067,0.0,True,True,0.0
captcha_image_clean_000534.png,val,K6GTC,captcha_image,clean,223.45475,42.0021734846841,0.1591915063426826,0.3533125,0.6303592748370278,0.9400160806009319,0.0,True,True,0.0
captcha_image_clean_000535.png,train,FUJEX,captcha_image,clean,225.0123125,41.34064024543335,0.0852702473484336,0.317375,0.6259736048814617,0.9300290803686185,0.0,True,True,0.0
captcha_image_clean_000536.png,val,VCSX3,captcha_image,clean,225.1555625,41.352452923721394,0.0,0.287,0.6150506829392051,0.0,0.0,True,False,1.0
captcha_image_clean_000537.png,train,Y5UCT,captcha_image,clean,230.024625,42.02393387831957,0.0,0.303125,0.6205568062925815,0.0,0.0,True,False,1.0
captcha_image_clean_000538.png,train,WNH2W,captcha_image,clean,213.6166875,40.33612381014497,0.18877034483357025,0.42,0.66094938661705,0.9287551253472371,0.0,True,True,0.0
captcha_image_clean_000539.png,val,JZD93,captcha_image,clean,220.7733125,44.13080188799365,0.0,0.3078125,0.6223114687477037,0.0,0.0,True,False,1.0
captcha_image_clean_000540.png,train,XYULP,captcha_image,clean,224.4165625,37.20708485199551,0.2092821630300735,0.3004375,0.6118062050670535,0.9322071161205301,0.0,True,True,0.0
captcha_image_clean_000541.png,test,63R98,captcha_image,clean,214.974875,51.62068983202739,0.13915422658309892,0.4051875,0.5746733534400406,0.9239394641615877,0.0,True,True,0.0
captcha_image_clean_000542.png,train,QRBEX,captcha_image,clean,217.4064375,46.30330842454558,0.17709629306652197,0.351375,0.5777235679067059,0.9283084069340175,0.0,True,True,0.0
captcha_image_clean_000543.png,val,ZH96F,captcha_image,clean,224.9410625,41.12906167019974,0.15484029764297655,0.316,0.5843933876932307,0.9330235831354854,0.0,True,True,0.0
captcha_image_clean_000544.png,train,A7EFR,captcha_image,clean,228.0045,32.39976241811041,0.013364851937777025,0.3003125,0.6144757331182014,0.9381483801211652,0.0,True,True,0.0
captcha_image_clean_000545.png,train,KUU9C,captcha_image,clean,221.8120625,43.07233586649433,0.0,0.3093125,0.6097439861366889,0.0,0.0,True,False,1.0
captcha_image_clean_000546.png,train,B2KU4,captcha_image,clean,219.716875,42.88781254895585,0.1380753726869701,0.353875,0.5978540111638639,0.9325457713991746,0.0,True,True,0.0
captcha_image_clean_000547.png,train,VC3PP,captcha_image,clean,221.1074375,41.82899586033107,0.22927704386419698,0.3038125,0.6056868352861865,0.9313000078732704,0.0,True,True,0.0
captcha_image_clean_000548.png,test,DRL88,captcha_image,clean,232.735875,29.180723311535218,0.11169479064552333,0.3075,0.7160340594513076,0.9404693349185318,0.0,True,True,0.0
captcha_image_clean_000549.png,val,YM8UR,captcha_image,clean,223.3426875,47.389898742003496,0.0,0.334125,0.6155246430641931,0.0,0.0,True,False,1.0
captcha_image_clean_000550.png,test,37UU4,captcha_image,clean,219.17375,45.51521653180944,0.19266278201698822,0.348125,0.6105128225533571,0.9271205404298213,0.0,True,True,0.0
captcha_image_clean_000551.png,train,FEZJW,captcha_image,clean,209.583875,44.41975028052696,0.0,0.3521875,0.5979284491238102,0.0,0.0,True,False,1.0
captcha_image_clean_000552.png,test,EK5MT,captcha_image,clean,227.0855625,28.958916874748507,0.1419600277220407,0.3983125,0.6055662035050177,0.9244222083438607,0.0,True,True,0.0
captcha_image_clean_000553.png,train,926C9,captcha_image,clean,224.934875,31.887538847242116,0.09467155350439041,0.3020625,0.696899910813345,0.9317401478842813,0.0,True,True,0.0
captcha_image_clean_000554.png,val,JJXFD,captcha_image,clean,226.8505625,38.576260263711326,0.0,0.2913125,0.6053496929807283,0.0,0.0,True,False,1.0
captcha_image_clean_000555.png,train,769W9,captcha_image,clean,230.093625,33.40272420565986,0.0,0.3244375,0.6953665243739064,0.0,0.0,True,False,1.0
captcha_image_clean_000556.png,val,46MLQ,captcha_image,clean,227.687875,36.92716754618983,0.06965589997104708,0.34625,0.6833253441728491,0.9400918462550338,0.0,True,True,0.0
captcha_image_clean_000557.png,train,92D97,captcha_image,clean,220.2858125,42.73661923590639,0.009421393101764122,0.2959375,0.6022894027495167,0.9589974373398216,0.0,True,True,0.0
captcha_image_clean_000558.png,train,8D9LB,captcha_image,clean,216.9778125,39.43844343042514,0.0,0.2779375,0.6183193065139653,0.0,0.0,True,False,1.0
captcha_image_clean_000559.png,train,YU53A,captcha_image,clean,218.22975,38.43861782033142,0.0,0.3060625,0.6442871286758466,0.0,0.0,True,False,1.0
captcha_image_clean_000560.png,train,2CNBW,captcha_image,clean,218.50925,47.716635353275905,0.09923161978433398,0.3648125,0.5956105716018237,0.9402761637476257,0.0,True,True,0.0
captcha_image_clean_000561.png,train,TK566,captcha_image,clean,231.8755625,34.11008029613231,0.0,0.3561875,0.6816260318614171,0.0,0.0,True,False,1.0
captcha_image_clean_000562.png,train,FBUA9,captcha_image,clean,221.907875,44.47582363469366,0.0,0.33675,0.6427163191439921,0.0,0.0,True,False,1.0
captcha_image_clean_000563.png,val,VTAL4,captcha_image,clean,230.2348125,37.937600748991024,0.0,0.2726875,0.6604894870566211,0.0,0.0,True,False,1.0
captcha_image_clean_000564.png,train,X3LRW,captcha_image,clean,220.127875,43.53218232508422,0.11281425682986182,0.3504375,0.6333610184324647,0.9350644728256748,0.0,True,True,0.0
captcha_image_clean_000565.png,train,E24N3,captcha_image,clean,219.436375,40.07846462702102,0.0,0.31775,0.6384225733321207,0.0,0.0,True,False,1.0
captcha_image_clean_000566.png,train,7XYFC,captcha_image,clean,226.3228125,41.86641678708418,0.0,0.2965,0.5994907872481441,0.0,0.0,True,False,1.0
captcha_image_clean_000567.png,val,PPJPH,captcha_image,clean,224.3324375,39.437322713498105,0.0,0.2806875,0.6070120012626126,0.0,0.0,True,False,1.0
captcha_image_clean_000568.png,val,URXKQ,captcha_image,clean,223.186625,40.73630961573931,0.08442365615235997,0.35575,0.602229803144884,0.9355435743805316,0.0,True,True,0.0
captcha_image_clean_000569.png,val,R28JE,captcha_image,clean,229.5399375,35.951033086631796,0.0,0.248,0.6490300987531558,0.0,0.0,True,False,1.0
captcha_image_clean_000570.png,train,LZJRK,captcha_image,clean,226.8665,35.58193787232506,0.01343280567834571,0.307375,0.5978064720652233,0.9591441890195044,0.0,True,True,0.0
captcha_image_clean_000571.png,train,SDFJT,captcha_image,clean,231.8384375,34.98514270456237,0.073783640598386,0.2461875,0.677023789879669,0.9340267064706452,0.0,True,True,0.0
captcha_image_clean_000572.png,test,K8MAJ,captcha_image,clean,226.097125,43.79719958780898,0.009433542445168286,0.29775,0.6299356646347019,0.9589974373398216,0.0,True,True,0.0
captcha_image_clean_000573.png,train,YN58C,captcha_image,clean,226.09875,27.354661365798332,0.023478013199749147,0.3200625,0.6150036930871251,0.9559919770610182,0.0,True,True,0.0
captcha_image_clean_000574.png,train,PG2PJ,captcha_image,clean,228.1850625,30.87873563426932,0.02605876415016776,0.2641875,0.7063691498957627,0.9419994167446469,0.0,True,True,0.0
captcha_image_clean_000575.png,train,GQS88,captcha_image,clean,224.716125,42.33458591960449,0.20220364782022507,0.3283125,0.6339824774187294,0.9346027823861561,0.0,True,True,0.0
captcha_image_clean_000576.png,train,XZ3NN,captcha_image,clean,215.56975,43.6255201681023,0.17600020145079737,0.357625,0.5979023654586684,0.9370137589956122,0.0,True,True,0.0
captcha_image_clean_000577.png,train,FR4VH,captcha_image,clean,229.9356875,25.501858783279772,0.11537122919307982,0.3144375,0.6286691459857648,0.9378484937713332,0.0,True,True,0.0
captcha_image_clean_000578.png,train,62P7B,captcha_image,clean,224.205375,40.96587691127062,0.0,0.26425,0.61266885746951,0.0,0.0,True,False,1.0
captcha_image_clean_000579.png,val,G49WG,captcha_image,clean,220.6208125,43.5218109611703,0.1286549485737633,0.3575,0.6485606948664204,0.9386290824246044,0.0,True,True,0.0
captcha_image_clean_000580.png,test,4XQEM,captcha_image,clean,220.2615,42.53669289860226,0.21016258055439505,0.3625,0.6423331808280073,0.9342056158306058,0.0,True,True,0.0
captcha_image_clean_000581.png,train,L6WU7,captcha_image,clean,228.4445,41.24124658336603,0.0,0.3020625,0.6158446640034092,0.0,0.0,True,False,1.0
captcha_image_clean_000582.png,train,PPWX5,captcha_image,clean,227.958625,31.32461353487661,0.1024224672269708,0.3454375,0.6909977825692409,0.9339671780536775,0.0,True,True,0.0
captcha_image_clean_000583.png,train,H7ND7,captcha_image,clean,224.09075,38.590716363362574,0.17299699117018724,0.3409375,0.6454899708578815,0.932419678687636,0.0,True,True,0.0
captcha_image_clean_000584.png,test,99MJB,captcha_image,clean,225.4205625,41.73785679312719,0.0,0.307,0.6649306129401797,0.0,0.0,True,False,1.0
captcha_image_clean_000585.png,train,NT3GL,captcha_image,clean,233.2445,30.38725011826506,0.0207999554534206,0.278,0.708135130152733,0.9391034320052928,0.0,True,True,0.0
captcha_image_clean_000586.png,val,RBSGB,captcha_image,clean,220.160375,46.49831749493067,0.0,0.322375,0.601780337819989,0.0,0.0,True,False,1.0
captcha_image_clean_000587.png,test,FSD2X,captcha_image,clean,231.7703125,32.45531052312308,0.0644633420085338,0.2958125,0.6204507938868249,0.924667500275033,0.0,True,True,0.0
captcha_image_clean_000588.png,test,GCPJC,captcha_image,clean,220.746,42.14547702897667,0.0,0.3008125,0.6036235362540106,0.0,0.0,True,False,1.0
captcha_image_clean_000589.png,train,NBJQH,captcha_image,clean,217.0465625,48.059233186075645,0.22802817613298101,0.3795,0.5938049212154686,0.9334627866548688,0.0,True,True,0.0
captcha_image_clean_000590.png,train,YMK29,captcha_image,clean,213.2600625,43.89235616819965,0.10172247900905772,0.3714375,0.6142330788878096,0.9330557995178577,0.0,True,True,0.0
captcha_image_clean_000591.png,train,C5LW8,captcha_image,clean,224.153875,44.74096917238578,0.01668057229476393,0.3263125,0.6325795553932954,0.9469194113514229,0.0,True,True,0.0
captcha_image_clean_000592.png,train,BQ42F,captcha_image,clean,223.943,42.20466503835802,0.10804350858105086,0.3598125,0.6287542991439772,0.9383076771035922,0.0,True,True,0.0
captcha_image_clean_000593.png,train,4L8FE,captcha_image,clean,224.0286875,40.556998342176946,0.0,0.3019375,0.6044660166840817,0.0,0.0,True,False,1.0
captcha_image_clean_000594.png,train,5BYX7,captcha_image,clean,225.1920625,34.449683227804776,0.0,0.2995,0.6780956595315472,0.0,0.0,True,False,1.0
captcha_image_clean_000595.png,val,5ZLED,captcha_image,clean,221.78725,36.17319604952678,0.1080819234847765,0.339125,0.6635136040248443,0.9361991526735068,0.0,True,True,0.0
captcha_image_clean_000596.png,train,AJ9C8,captcha_image,clean,215.37125,44.72323136175985,0.0,0.3426875,0.6191475212795189,0.0,0.0,True,False,1.0
captcha_image_clean_000597.png,train,Z4QG8,captcha_image,clean,222.8831875,42.11406139687603,0.0,0.2980625,0.6257640545779405,0.0,0.0,True,False,1.0
captcha_image_clean_000598.png,train,U3UEK,captcha_image,clean,224.5791875,36.8208005662539,0.12088814968270396,0.3169375,0.6438957596586001,0.9353131420072306,0.0,True,True,0.0
captcha_image_clean_000599.png,train,G9844,captcha_image,clean,219.5380625,40.94643209421419,0.11819054904193825,0.30725,0.6245724074222708,0.9355898599554789,0.0,True,True,0.0
captcha_image_clean_000600.png,train,DE9VV,captcha_image,clean,222.1051875,45.1286563403991,0.0,0.321,0.6043282510410163,0.0,0.0,True,False,1.0
captcha_image_clean_000601.png,train,A83ZQ,captcha_image,clean,230.1889375,40.67456195364732,0.009107483201120438,0.2465625,0.6407478953099289,0.9589974373398216,0.0,True,True,0.0
captcha_image_clean_000602.png,train,CAJ7Z,captcha_image,clean,225.2491875,43.19732014940098,0.0,0.2991875,0.6093811141870963,0.0,0.0,True,False,1.0
captcha_image_clean_000603.png,test,Q5R47,captcha_image,clean,226.91375,32.9765020270116,0.22060049288502703,0.28625,0.6028170110369403,0.9337232767808462,0.0,True,True,0.0
captcha_image_clean_000604.png,train,TLV4U,captcha_image,clean,231.3866875,37.61167418870561,0.0,0.298125,0.6075010365258954,0.0,0.0,True,False,1.0
captcha_image_clean_000605.png,train,ZZ3KA,captcha_image,clean,217.78375,41.47051345157786,0.0,0.3255625,0.5936447254313985,0.0,0.0,True,False,1.0
captcha_image_clean_000606.png,train,8EGKP,captcha_image,clean,226.2446875,38.76986833260262,0.11581467052276458,0.31975,0.651708024061441,0.9321455064950503,0.0,True,True,0.0
captcha_image_clean_000607.png,train,L38QW,captcha_image,clean,220.7805,43.85718948758573,0.13950682012044635,0.3828125,0.6062712194686929,0.9340647421722228,0.0,True,True,0.0
captcha_image_clean_000608.png,train,24E8T,captcha_image,clean,223.821875,43.13923123427648,0.01357188189883052,0.3215,0.601270686691679,0.938148380121165,0.0,True,True,0.0
captcha_image_clean_000609.png,train,JGHX9,captcha_image,clean,223.6233125,39.7843756269637,0.0,0.3165625,0.6471419357179098,0.0,0.0,True,False,1.0
captcha_image_clean_000610.png,train,U57DL,captcha_image,clean,229.9805,36.248049875131215,0.0,0.2801875,0.6754366221733468,0.0,0.0,True,False,1.0
captcha_image_clean_000611.png,train,QXSPH,captcha_image,clean,219.76275,39.069824832439416,0.16988649746165324,0.286,0.6074492293516732,0.9355193733723046,0.0,True,True,0.0
captcha_image_clean_000612.png,train,WQZKK,captcha_image,clean,227.2195625,38.59503342152451,0.0,0.3663125,0.6745057878674234,0.0,0.0,True,False,1.0
captcha_image_clean_000613.png,train,GPRSF,captcha_image,clean,222.9113125,40.24655043637087,0.0,0.281875,0.5968891585890674,0.0,0.0,True,False,1.0
captcha_image_clean_000614.png,train,ZQFH3,captcha_image,clean,231.4176875,30.12337505413933,0.0,0.299875,0.7178421902278125,0.0,0.0,True,False,1.0
captcha_image_clean_000615.png,test,J6FFY,captcha_image,clean,229.97175,25.245822960194822,0.0,0.2990625,0.7314625868485306,0.0,0.0,True,False,1.0
captcha_image_clean_000616.png,train,99G8X,captcha_image,clean,217.70375,41.94447950490624,0.0,0.3219375,0.6280599381308222,0.0,0.0,True,False,1.0
captcha_image_clean_000617.png,train,Z7MZJ,captcha_image,clean,227.388125,38.5206971508094,0.0,0.2779375,0.637346538676306,0.0,0.0,True,False,1.0
captcha_image_clean_000618.png,val,XPZA8,captcha_image,clean,216.867,41.39610713581653,0.0,0.3365,0.6262462057596192,0.0,0.0,True,False,1.0
captcha_image_clean_000619.png,train,MJRRJ,captcha_image,clean,230.85475,36.769151845500865,0.07894819264704851,0.3124375,0.608748104626934,0.940217078943618,0.0,True,True,0.0
captcha_image_clean_000620.png,test,XNX9W,captcha_image,clean,225.5446875,42.39588279570722,0.1376107234416447,0.3386875,0.6208675096973723,0.9357177811811553,0.0,True,True,0.0
captcha_image_clean_000621.png,train,JTXNW,captcha_image,clean,226.4201875,29.780811858726146,0.09635517208921954,0.313125,0.7217510153365925,0.938386200285102,0.0,True,True,0.0
captcha_image_clean_000622.png,train,U2PZ9,captcha_image,clean,223.585375,45.367599518922916,0.0,0.294875,0.6133295963057362,0.0,0.0,True,False,1.0
captcha_image_clean_000623.png,train,PT74A,captcha_image,clean,225.9778125,41.09917663670215,0.0,0.29575,0.6202697051781445,0.0,0.0,True,False,1.0
captcha_image_clean_000624.png,train,GS9UL,captcha_image,clean,228.1405625,28.934623372070938,0.14030474913828328,0.29325,0.602547344554025,0.9378788555960682,0.0,True,True,0.0
captcha_image_clean_000625.png,train,HVQMU,captcha_image,clean,221.1449375,46.107902583191674,0.07056810667401107,0.363125,0.6230705648513029,0.9329030280613759,0.0,True,True,0.0
captcha_image_clean_000626.png,train,CMPRN,captcha_image,clean,220.9293125,42.18034128331993,0.08438776762086357,0.372625,0.645830046119852,0.941708097855911,0.0,True,True,0.0
captcha_image_clean_000627.png,train,PPV9A,captcha_image,clean,217.7035,37.64102101099278,0.0,0.339,0.6477670846541076,0.0,0.0,True,False,1.0
captcha_image_clean_000628.png,train,9UVV8,captcha_image,clean,223.1085,38.383710447923086,0.12224373993081385,0.2818125,0.6369588624263445,0.9356628637942122,0.0,True,True,0.0
captcha_image_clean_000629.png,val,2XP8R,captcha_image,clean,223.9373125,29.981713306236248,0.07245474257649666,0.3368125,0.6956193631992543,0.9455677714997829,0.0,True,True,0.0
captcha_image_clean_000630.png,train,MLGH2,captcha_image,clean,218.3444375,47.85386400604024,0.0,0.336875,0.5952246992170523,0.0,0.0,True,False,1.0
captcha_image_clean_000631.png,val,PAT2M,captcha_image,clean,222.0069375,44.71911659873319,0.11980505620354043,0.3391875,0.6077425944063288,0.9412709301529838,0.0,True,True,0.0
captcha_image_clean_000632.png,train,34LW4,captcha_image,clean,221.0198125,31.78837122227001,0.1722502150802031,0.3475,0.6193962716544105,0.9380864395309116,0.0,True,True,0.0
captcha_image_clean_000633.png,train,SEKXH,captcha_image,clean,227.1300625,41.960279089230255,0.0,0.2678125,0.6279207483517157,0.0,0.0,True,False,1.0
captcha_image_clean_000634.png,val,DLK2E,captcha_image,clean,222.58775,39.140141478250946,0.03127853647726656,0.2975625,0.6069058126452782,0.933507219860823,0.0,True,True,0.0
captcha_image_clean_000635.png,train,EBD4C,captcha_image,clean,226.7783125,35.10614322525822,0.11663967460762274,0.3241875,0.6850849467611487,0.9371674509041882,0.0,True,True,0.0
captcha_image_clean_000636.png,val,QK84A,captcha_image,clean,226.135125,39.211377382519665,0.0,0.298125,0.6611643486757384,0.0,0.0,True,False,1.0
captcha_image_clean_000637.png,train,AB4JK,captcha_image,clean,230.0858125,28.391124470771558,0.0,0.2735625,0.728445344591343,0.0,0.0,True,False,1.0
captcha_image_clean_000638.png,train,SPBTX,captcha_image,clean,226.3556875,45.29324506924121,0.0405775526932291,0.317875,0.604089468263666,0.9446348940406006,0.0,True,True,0.0
captcha_image_clean_000639.png,train,GJNBP,captcha_image,clean,223.2639375,36.812408227336796,0.15861960761433744,0.3644375,0.6727368064019791,0.9341674535663084,0.0,True,True,0.0
captcha_image_clean_000640.png,train,K3K3M,captcha_image,clean,224.6661875,40.050497895966835,0.08356761332340687,0.33325,0.6523399537914839,0.9384321626105846,0.0,True,True,0.0
captcha_image_clean_000641.png,train,MGKHD,captcha_image,clean,219.678875,36.80172215718138,0.17143625647558056,0.373625,0.6099342724875597,0.9305550406382543,0.0,True,True,0.0
captcha_image_clean_000642.png,train,PH558,captcha_image,clean,216.0244375,45.647977395593266,0.21661601078450138,0.3700625,0.607023215420357,0.9312816972200229,0.0,True,True,0.0
captcha_image_clean_000643.png,val,2PCFD,captcha_image,clean,227.146,38.16944863369132,0.07333445687660514,0.2713125,0.5998835818232952,0.9328507125909299,0.0,True,True,0.0
captcha_image_clean_000644.png,train,56WG7,captcha_image,clean,210.5830625,46.138377199692385,0.1271466727307349,0.375625,0.5875555251765648,0.9347298379931053,0.0,True,True,0.0
captcha_image_clean_000645.png,train,944SD,captcha_image,clean,223.9930625,47.162246706142966,0.0,0.3374375,0.5884870372984848,0.0,0.0,True,False,1.0
captcha_image_clean_000646.png,train,HZ967,captcha_image,clean,219.632125,38.73903771371167,0.016546829055492252,0.315375,0.6132411871898626,0.9588907335896781,0.0,True,True,0.0
captcha_image_clean_000647.png,train,G97VC,captcha_image,clean,223.9645625,40.725557782350805,0.032049833729662434,0.2701875,0.6059966428771676,0.9260416176176919,0.0,True,True,0.0
captcha_image_clean_000648.png,val,5N5RF,captcha_image,clean,223.0375,43.22269622258658,0.20067995254059595,0.311125,0.6079148489399301,0.9320436231995698,0.0,True,True,0.0
captcha_image_clean_000649.png,test,VHT59,captcha_image,clean,222.909125,38.57434045754218,0.0,0.317125,0.6631883479134187,0.0,0.0,True,False,1.0
captcha_image_clean_000650.png,train,Y8T4L,captcha_image,clean,228.9761875,32.660501687280366,0.1177779225020364,0.239875,0.6970124767036245,0.9291800714522578,0.0,True,True,0.0
captcha_image_clean_000651.png,val,CFLFW,captcha_image,clean,222.3858125,39.42156403816119,0.1418757632504508,0.28575,0.6259547115570437,0.929472008363195,0.0,True,True,0.0
captcha_image_clean_000652.png,train,HPVC3,captcha_image,clean,220.9904375,40.48135491875975,0.12714232902520978,0.33375,0.6045122275122987,0.9341780825847494,0.0,True,True,0.0
captcha_image_clean_000653.png,train,67F4B,captcha_image,clean,226.646875,32.14207799340881,0.0,0.31175,0.5913354695948183,0.0,0.0,True,False,1.0
captcha_image_clean_000654.png,val,D44W7,captcha_image,clean,230.466,27.725840275814907,0.08690617563400936,0.2526875,0.7234621379539287,0.9329187287200822,0.0,True,True,0.0
captcha_image_clean_000655.png,train,JRJQD,captcha_image,clean,213.999,44.40927970593533,0.02656129837091484,0.3803125,0.6001157014876303,0.9586262230684576,0.0,True,True,0.0
captcha_image_clean_000656.png,train,3W94H,captcha_image,clean,221.0179375,47.90526709816045,0.16573679508776135,0.3683125,0.601167752597076,0.9358886247107235,0.0,True,True,0.0
captcha_image_clean_000657.png,train,PJ4CZ,captcha_image,clean,228.9344375,39.111272531823786,0.0,0.254375,0.6263780099639298,0.0,0.0,True,False,1.0
captcha_image_clean_000658.png,train,9BZ9T,captcha_image,clean,222.4206875,41.05652761166419,0.10614433644918084,0.30825,0.603642514744594,0.9315401135335615,0.0,True,True,0.0
captcha_image_clean_000659.png,val,858PY,captcha_image,clean,221.28125,47.31553416624925,0.0,0.323125,0.5904429036652369,0.0,0.0,True,False,1.0
captcha_image_clean_000660.png,val,ZTPC5,captcha_image,clean,223.478125,40.73511871204471,0.0,0.2928125,0.6205913700259473,0.0,0.0,True,False,1.0
captcha_image_clean_000661.png,train,7V3JK,captcha_image,clean,222.8534375,40.26273192337541,0.12221110668062554,0.315125,0.5880934069487646,0.9365515077928372,0.0,True,True,0.0
captcha_image_clean_000662.png,train,VVJH4,captcha_image,clean,223.1408125,36.880956933624205,0.21542002884384584,0.298875,0.6723898947476604,0.936411670000331,0.0,True,True,0.0
captcha_image_clean_000663.png,train,7AKCQ,captcha_image,clean,219.822875,38.17704810137074,0.06919864198798041,0.3113125,0.6365744109805258,0.9411207569102978,0.0,True,True,0.0
captcha_image_clean_000664.png,train,GWVXY,captcha_image,clean,218.4019375,41.65007663553686,0.009577823472278155,0.31875,0.6364265468509958,0.9589974373398216,0.0,True,True,0.0
captcha_image_clean_000665.png,train,YE7G3,captcha_image,clean,226.399125,39.056372069540394,0.1894444857768478,0.290875,0.642134362929611,0.9370474118276975,0.0,True,True,0.0
captcha_image_clean_000666.png,test,ACVGQ,captcha_image,clean,229.3595625,39.99825342822601,0.013130643090740803,0.275125,0.6242767266169695,0.938148380121165,0.0,True,True,0.0
captcha_image_clean_000667.png,train,VTKGT,captcha_image,clean,226.2394375,38.24684113993721,0.0,0.2709375,0.608796295755562,0.0,0.0,True,False,1.0
captcha_image_clean_000668.png,train,497EW,captcha_image,clean,225.601875,42.070466142941356,0.12297524220325115,0.29575,0.6338927322469332,0.9346876498677046,0.0,True,True,0.0
captcha_image_clean_000669.png,train,FL5LM,captcha_image,clean,227.2645,35.464498653583135,0.0,0.3481875,0.6885050884538434,0.0,0.0,True,False,1.0
captcha_image_clean_000670.png,train,W53WM,captcha_image,clean,216.6504375,43.957765167926745,0.14560273916466,0.3988125,0.6443837707725908,0.9333068783808792,0.0,True,True,0.0
captcha_image_clean_000671.png,train,T46AM,captcha_image,clean,226.15925,43.60558037037806,0.1468016937969128,0.305125,0.6252833899688299,0.9330966393263012,0.0,True,True,0.0
captcha_image_clean_000672.png,val,M4EDF,captcha_image,clean,229.8620625,38.810754447009835,0.14249428352905374,0.3278125,0.6712410721613918,0.931986078357295,0.0,True,True,0.0
captcha_image_clean_000673.png,train,6VPJA,captcha_image,clean,223.1025,42.70216175733964,0.20729760385351087,0.2986875,0.6027033090120221,0.9358205758212678,0.0,True,True,0.0
captcha_image_clean_000674.png,test,UKTLH,captcha_image,clean,221.4455625,38.33156873333772,0.23432722823671662,0.2868125,0.6329725695659377,0.9370576075587516,0.0,True,True,0.0
captcha_image_clean_000675.png,train,UD957,captcha_image,clean,222.9773125,38.39337244600094,0.0,0.369875,0.5981820637946142,0.0,0.0,True,False,1.0
captcha_image_clean_000676.png,train,SEJFV,captcha_image,clean,230.4558125,33.91795133059843,0.08551599677503549,0.2619375,0.6830956892668516,0.9282015500051716,0.0,True,True,0.0
captcha_image_clean_000677.png,train,FMWYE,captcha_image,clean,223.720625,35.10692167663486,0.21146317762740457,0.3728125,0.6016902234442525,0.9254728011343125,0.0,True,True,0.0
captcha_image_clean_000678.png,val,G6YHG,captcha_image,clean,217.128875,46.587167130384465,0.10288958170478733,0.3509375,0.5885666639094956,0.9327774095118246,0.0,True,True,0.0
captcha_image_clean_000679.png,train,37H5C,captcha_image,clean,227.6785,34.16628473729621,0.0,0.2874375,0.7017027202782059,0.0,0.0,True,False,1.0
captcha_image_clean_000680.png,val,NBWQY,captcha_image,clean,224.2198125,27.140907684984374,0.11817839336586777,0.369125,0.6308595811111912,0.9333209285856496,0.0,True,True,0.0
captcha_image_clean_000681.png,train,6AEUQ,captcha_image,clean,221.36075,39.5145034694541,0.14954074997311317,0.29325,0.6137689950542288,0.9392160320849955,0.0,True,True,0.0
captcha_image_clean_000682.png,train,2GHHZ,captcha_image,clean,220.0355625,38.96634827397345,0.13527257138438714,0.333875,0.6475121989442412,0.9376339381171604,0.0,True,True,0.0
captcha_image_clean_000683.png,train,9EA73,captcha_image,clean,223.0358125,37.34558748988753,0.0,0.281875,0.6463034325920235,0.0,0.0,True,False,1.0
captcha_image_clean_000684.png,val,QZLX6,captcha_image,clean,219.4016875,46.07182799338815,0.023584420990800707,0.3261875,0.5901809971581419,0.9530048690925763,0.0,True,True,0.0
captcha_image_clean_000685.png,val,8UTYW,captcha_image,clean,226.556,42.02234214081838,0.11046628420248351,0.295875,0.6409504274390104,0.9348918093755604,0.0,True,True,0.0
captcha_image_clean_000686.png,val,6H6AH,captcha_image,clean,222.6170625,36.82924512355764,0.0,0.3378125,0.6600641176999088,0.0,0.0,True,False,1.0
captcha_image_clean_000687.png,train,Z9SQQ,captcha_image,clean,228.824875,42.50413898944872,0.0,0.3058125,0.6071943811923427,0.0,0.0,True,False,1.0
captcha_image_clean_000688.png,test,A9A94,captcha_image,clean,224.5761875,41.03170201764538,0.11721939717151907,0.2863125,0.5967457282874875,0.9385631360189785,0.0,True,True,0.0
captcha_image_clean_000689.png,train,GGGU2,captcha_image,clean,226.1170625,38.73098222187366,0.09510823752926932,0.2674375,0.6423257022667027,0.9410458218028149,0.0,True,True,0.0
captcha_image_clean_000690.png,train,D4WDZ,captcha_image,clean,237.3290625,30.706815698979497,0.08451696449667934,0.296375,0.7008568156575479,0.9412043667262995,0.0,True,True,0.0
captcha_image_clean_000691.png,test,6FE8U,captcha_image,clean,211.5846875,46.19989938330325,0.0,0.3665625,0.6110093368719502,0.0,0.0,True,False,1.0
captcha_image_clean_000692.png,train,UB66Q,captcha_image,clean,210.5745625,46.96639426689678,0.18963406384382056,0.405375,0.6028715553352603,0.935864726764186,0.0,True,True,0.0
captcha_image_clean_000693.png,train,QE3DC,captcha_image,clean,226.7026875,36.84074908002474,0.0,0.3195625,0.6648590481521405,0.0,0.0,True,False,1.0
captcha_image_clean_000694.png,test,QHZCH,captcha_image,clean,232.0445,40.335699383424604,0.09575107963713071,0.2435625,0.6206602763161922,0.9328265135463758,0.0,True,True,0.0
captcha_image_clean_000695.png,train,KXNNY,captcha_image,clean,222.0210625,39.635167387953516,0.1872414475185653,0.3196875,0.6172642727813038,0.9381101557196844,0.0,True,True,0.0
captcha_image_clean_000696.png,train,5W3B2,captcha_image,clean,224.5319375,47.24857251807819,0.0524041152576025,0.3418125,0.5929368243522765,0.9428946436609376,0.0,True,True,0.0
captcha_image_clean_000697.png,train,UK3ZL,captcha_image,clean,229.9010625,33.63309231799975,0.1725936046348637,0.3085625,0.5964474688565231,0.9360289152131163,0.0,True,True,0.0
captcha_image_clean_000698.png,train,33U7U,captcha_image,clean,228.4699375,24.952649583683367,0.1409412710462482,0.2786875,0.6310453569877396,0.9303754417545224,0.0,True,True,0.0
captcha_image_clean_000699.png,val,55BZ7,captcha_image,clean,236.3266875,29.532997863023386,0.0,0.2690625,0.6265254043967587,0.0,0.0,True,False,1.0
captcha_image_clean_000700.png,train,7THVN,captcha_image,clean,221.5346875,35.42926645835818,0.0,0.2984375,0.6119190418559254,0.0,0.0,True,False,1.0
captcha_image_clean_000701.png,train,TYKWJ,captcha_image,clean,213.7105,47.694664950600085,0.1619935060779615,0.408,0.5849056316209106,0.9335622762498451,0.0,True,True,0.0
captcha_image_clean_000702.png,train,MXLP7,captcha_image,clean,214.282125,40.58352073791005,0.0,0.3545,0.6618489611317561,0.0,0.0,True,False,1.0
captcha_image_clean_000703.png,val,J4HH7,captcha_image,clean,229.25625,36.09803264635761,0.009409290578743845,0.294125,0.6019212617451543,0.9589974373398216,0.0,True,True,0.0
captcha_image_clean_000704.png,val,UQWB4,captcha_image,clean,226.91375,40.365739630749985,0.27781373007909327,0.3316875,0.6356308156052971,0.9321218569194542,0.0,True,True,0.0
captcha_image_clean_000705.png,test,GRXQV,captcha_image,clean,223.449125,37.00572640463061,0.12457889066977716,0.29275,0.6336694766135581,0.9344520169791602,0.0,True,True,0.0
captcha_image_clean_000706.png,train,KC7C9,captcha_image,clean,224.050625,30.999152199848545,0.0,0.35425,0.7065168180998903,0.0,0.0,True,False,1.0
captcha_image_clean_000707.png,train,PXJD5,captcha_image,clean,231.3930625,29.348665887414604,0.0,0.3108125,0.7243639376274911,0.0,0.0,True,False,1.0
captcha_image_clean_000708.png,val,CS9Q5,captcha_image,clean,220.855,33.219735850846256,0.1390682118104641,0.3905,0.6881700699409555,0.9357023448498907,0.0,True,True,0.0
captcha_image_clean_000709.png,train,JEAWF,captcha_image,clean,226.772625,37.92423928847321,0.16476563014105958,0.3039375,0.690077304280471,0.932916487461561,0.0,True,True,0.0
captcha_image_clean_000710.png,val,SA3NQ,captcha_image,clean,221.565375,44.191455351791426,0.013525869066844522,0.316875,0.6274003720793876,0.9594542007820689,0.0,True,True,0.0
captcha_image_clean_000711.png,train,96FGL,captcha_image,clean,234.6321875,34.73826638542637,0.0,0.259875,0.6763642243982997,0.0,0.0,True,False,1.0
captcha_image_clean_000712.png,test,TVTER,captcha_image,clean,226.614,41.36317056271195,0.0,0.2781875,0.6071835342721661,0.0,0.0,True,False,1.0
captcha_image_clean_000713.png,train,VGP8E,captcha_image,clean,220.77125,42.97801529197806,0.08425467104330618,0.3091875,0.6149995128157736,0.9372643177263225,0.0,True,True,0.0
captcha_image_clean_000714.png,train,CKDUE,captcha_image,clean,227.9811875,38.64616033437013,0.0,0.3628125,0.6682294307352108,0.0,0.0,True,False,1.0
captcha_image_clean_000715.png,train,RKSGJ,captcha_image,clean,223.5151875,33.74561666853702,0.06689541264108925,0.332375,0.6234498814011903,0.9394776364186592,0.0,True,True,0.0
captcha_image_clean_000716.png,val,2Y766,captcha_image,clean,221.0256875,38.19961259819716,0.0,0.2938125,0.6523215141793978,0.0,0.0,True,False,1.0
captcha_image_clean_000717.png,train,C324B,captcha_image,clean,227.2681875,35.86984475802542,0.021758674337608495,0.34025,0.6661704407422188,0.9510176392313281,0.0,True,True,0.0
captcha_image_clean_000718.png,train,Q7AYK,captcha_image,clean,228.1774375,34.20721529785191,0.1138691787236233,0.31025,0.6743261100681575,0.9455069439734312,0.0,True,True,0.0
captcha_image_clean_000719.png,train,4QZYB,captcha_image,clean,224.8168125,41.835635286676876,0.0,0.277125,0.6298846047766871,0.0,0.0,True,False,1.0
captcha_image_clean_000720.png,test,4Q82P,captcha_image,clean,223.1244375,37.26514561636105,0.13129980125215815,0.3403125,0.661970658045445,0.941045709725464,0.0,True,True,0.0
captcha_image_clean_000721.png,train,BBNUW,captcha_image,clean,235.432625,25.29709144564598,0.03355196906814535,0.2790625,0.7580595079238105,0.9349943159596702,0.0,True,True,0.0
captcha_image_clean_000722.png,train,6VHJY,captcha_image,clean,228.0200625,33.95230161559145,0.08168461902279545,0.3115,0.6016070396407197,0.92818484263824,0.0,True,True,0.0
captcha_image_clean_000723.png,train,CLEHW,captcha_image,clean,227.6471875,37.21856171105815,0.0,0.333375,0.6839258005045629,0.0,0.0,True,False,1.0
captcha_image_clean_000724.png,train,U2L6B,captcha_image,clean,219.5181875,45.95270034736635,0.0996283315702021,0.382875,0.5821991109042105,0.9409496708508521,0.0,True,True,0.0
captcha_image_clean_000725.png,train,HG5FF,captcha_image,clean,235.2574375,31.787226812567244,0.0,0.279375,0.6986046261560354,0.0,0.0,True,False,1.0
captcha_image_clean_000726.png,test,RG5BS,captcha_image,clean,214.38125,39.88368273413953,0.12686615978190086,0.403625,0.5651398498382715,0.9382821924209754,0.0,True,True,0.0
captcha_image_clean_000727.png,test,MF54K,captcha_image,clean,222.3385625,35.55949856133511,0.13540673383809623,0.3778125,0.6834389630309231,0.931611779222477,0.0,True,True,0.0
captcha_image_clean_000728.png,train,7JH2C,captcha_image,clean,228.8086875,34.91739841436277,0.0,0.281,0.6688603691866133,0.0,0.0,True,False,1.0
captcha_image_clean_000729.png,train,NYHVK,captcha_image,clean,226.1539375,39.343029760633506,0.1310911595235292,0.299375,0.6653868467486385,0.9392060025993738,0.0,True,True,0.0
captcha_image_clean_000730.png,train,Z95WV,captcha_image,clean,216.3746875,37.78512004450089,0.13409091263534134,0.4123125,0.655506766889008,0.9350554333174106,0.0,True,True,0.0
captcha_image_clean_000731.png,train,LD9FE,captcha_image,clean,211.916375,46.60086111714433,0.0,0.3686875,0.6208820387366825,0.0,0.0,True,False,1.0
captcha_image_clean_000732.png,train,2LRVH,captcha_image,clean,227.0959375,30.576144434772903,0.14210252381212074,0.32325,0.6157007530959815,0.9392279711342209,0.0,True,True,0.0
captcha_image_clean_000733.png,train,GBK45,captcha_image,clean,235.07725,31.369059715546143,0.07677988065959408,0.3255,0.6991820278524323,0.9449792655622512,0.0,True,True,0.0
captcha_image_clean_000734.png,test,NV2Q7,captcha_image,clean,226.037625,39.23483413192128,0.1330096677019642,0.283375,0.6640185198680925,0.9315402764578185,0.0,True,True,0.0
captcha_image_clean_000735.png,train,XNYXK,captcha_image,clean,230.1714375,29.377319851946904,0.0,0.3265625,0.7280338061990712,0.0,0.0,True,False,1.0
captcha_image_clean_000736.png,train,QUWJ5,captcha_image,clean,217.4540625,41.10231611169976,0.11518921869666378,0.3540625,0.645626740177885,0.9305038886869229,0.0,True,True,0.0
captcha_image_clean_000737.png,train,7YANZ,captcha_image,clean,226.7616875,32.01932259827406,0.08926755511908986,0.3073125,0.6091893920210906,0.9440133049861713,0.0,True,True,0.0
captcha_image_clean_000738.png,train,A6A4S,captcha_image,clean,227.4941875,37.560692102447256,0.1084974272529381,0.3285,0.6633160354299975,0.9364743227964973,0.0,True,True,0.0
captcha_image_clean_000739.png,train,E3UG7,captcha_image,clean,228.5083125,38.744776175664555,0.0,0.327875,0.6472350687238738,0.0,0.0,True,False,1.0
captcha_image_clean_000740.png,train,9FYEA,captcha_image,clean,222.7806875,40.72941000711088,0.05101979171373788,0.2815625,0.6226254803515877,0.944092387538244,0.0,True,True,0.0
captcha_image_clean_000741.png,train,8TMZ5,captcha_image,clean,223.693125,42.378014084361894,0.0,0.351875,0.6499990823176373,0.0,0.0,True,False,1.0
captcha_image_clean_000742.png,train,3D6KP,captcha_image,clean,221.6060625,44.84110977380124,0.13650526813834507,0.3444375,0.5986236841001685,0.9357834763149262,0.0,True,True,0.0
captcha_image_clean_000743.png,train,TYUY8,captcha_image,clean,229.1765625,38.14928915698946,0.09400498556587832,0.264,0.6417719649880257,0.9292430447215972,0.0,True,True,0.0
captcha_image_clean_000744.png,val,BKMAF,captcha_image,clean,228.6059375,31.9973108596034,0.07325440923475975,0.3619375,0.6159091959626238,0.9431494966730979,0.0,True,True,0.0
captcha_image_clean_000745.png,test,FB3L3,captcha_image,clean,228.1990625,38.623835731593175,0.009321806243495526,0.2808125,0.6409899184075257,0.9589974373398216,0.0,True,True,0.0
captcha_image_clean_000746.png,train,ETMH8,captcha_image,clean,223.224375,42.97273735590246,0.0,0.3623125,0.6460325835130056,0.0,0.0,True,False,1.0
captcha_image_clean_000747.png,train,RYG5X,captcha_image,clean,226.166625,43.125440416410534,0.09479241454749353,0.31075,0.6251351059213692,0.9290493023153424,0.0,True,True,0.0
captcha_image_clean_000748.png,train,A8TKS,captcha_image,clean,220.276875,40.68451290398319,0.0,0.32125,0.6314339708593868,0.0,0.0,True,False,1.0
captcha_image_clean_000749.png,train,ENU9G,captcha_image,clean,233.075,30.665202184234822,0.12873757232468278,0.2841875,0.7177532594910317,0.9318384426880322,0.0,True,True,0.0
captcha_image_clean_000750.png,train,79X66,captcha_image,clean,228.67225,30.625589054539017,0.013215217690394928,0.284375,0.6080984312751552,0.9583007057962362,0.0,True,True,0.0
captcha_image_clean_000751.png,train,AKX5N,captcha_image,clean,230.310875,38.48714372013563,0.1116940746989471,0.3124375,0.6368726605238628,0.9394023241410224,0.0,True,True,0.0
captcha_image_clean_000752.png,val,Q3PHY,captcha_image,clean,222.635125,39.797539072590595,0.021473865423593117,0.322625,0.6337793174156241,0.9316259279639175,0.0,True,True,0.0
captcha_image_clean_000753.png,train,JK35C,captcha_image,clean,226.1373125,36.09896927583035,0.0,0.255875,0.6550297323737455,0.0,0.0,True,False,1.0
captcha_image_clean_000754.png,train,9WCVF,captcha_image,clean,226.045375,45.19561860522959,0.0,0.2939375,0.6240426606039701,0.0,0.0,True,False,1.0
captcha_image_clean_000755.png,train,H35UZ,captcha_image,clean,218.49,45.82888854205391,0.024011139761485337,0.3499375,0.6115389431858211,0.9485554794629949,0.0,True,True,0.0
captcha_image_clean_000756.png,train,8YZDR,captcha_image,clean,221.2125,32.97764157349643,0.0,0.334125,0.5833940303073712,0.0,0.0,True,False,1.0
captcha_image_clean_000757.png,test,CMGSY,captcha_image,clean,228.197625,40.10544158040621,0.0,0.2894375,0.6516340410759757,0.0,0.0,True,False,1.0
captcha_image_clean_000758.png,val,E4K35,captcha_image,clean,223.707625,35.60304961459586,0.0,0.2998125,0.6149244433335702,0.0,0.0,True,False,1.0
captcha_image_clean_000759.png,train,RWRBS,captcha_image,clean,218.1841875,46.346251331308814,0.0,0.3581875,0.6175936513057874,0.0,0.0,True,False,1.0
captcha_image_clean_000760.png,train,XJJRW,captcha_image,clean,214.059,45.53214407426911,0.1686342786997791,0.3751875,0.625194059043315,0.9347647322084994,0.0,True,True,0.0
captcha_image_clean_000761.png,train,RREQY,captcha_image,clean,217.341125,39.92232782208942,0.009680492172689542,0.333125,0.6065273717812276,0.9589974373398216,0.0,True,True,0.0
captcha_image_clean_000762.png,train,XGMUX,captcha_image,clean,227.3489375,29.945935535913613,0.14832528571980552,0.472125,0.5904367025426945,0.932340116428227,0.0,True,True,0.0
captcha_image_clean_000763.png,train,ZDQXS,captcha_image,clean,228.921,34.017267806218655,0.0,0.3424375,0.6750129634795563,0.0,0.0,True,False,1.0
captcha_image_clean_000764.png,test,C8LVW,captcha_image,clean,222.3241875,44.70826226733537,0.18131256666902246,0.322875,0.6068021043029656,0.9224698054824537,0.0,True,True,0.0
captcha_image_clean_000765.png,train,CM4Z3,captcha_image,clean,224.385375,37.46031715174573,0.12324152795753911,0.3305,0.6703046924669392,0.9391575914408985,0.0,True,True,0.0
captcha_image_clean_000766.png,train,UHQX7,captcha_image,clean,221.1331875,38.278705876633865,0.24258054693325548,0.3088125,0.5943460358003434,0.9317638478858064,0.0,True,True,0.0
captcha_image_clean_000767.png,train,CBJ7P,captcha_image,clean,222.7830625,37.9684836492201,0.0,0.274,0.6001634111248882,0.0,0.0,True,False,1.0
captcha_image_clean_000768.png,train,KGR35,captcha_image,clean,211.4130625,45.57849346864257,0.11771110736541983,0.377375,0.587790349722033,0.934574525763414,0.0,True,True,0.0
captcha_image_clean_000769.png,train,T8G8U,captcha_image,clean,221.2759375,40.03930938460469,0.2030034062941267,0.32825,0.5833382862721896,0.9399842069364278,0.0,True,True,0.0
captcha_image_clean_000770.png,train,SYVVQ,captcha_image,clean,226.88275,38.698259036260275,0.0,0.255,0.6399377972900104,0.0,0.0,True,False,1.0
captcha_image_clean_000771.png,train,BQAPJ,captcha_image,clean,223.1640625,42.00452083997738,0.11171309820067982,0.3218125,0.5954408013420912,0.9336135905134912,0.0,True,True,0.0
captcha_image_clean_000772.png,train,N7T24,captcha_image,clean,225.7151875,41.78496373505479,0.0,0.2865625,0.6245363475816917,0.0,0.0,True,False,1.0
captcha_image_clean_000773.png,train,NT969,captcha_image,clean,225.04075,40.843671045065236,0.20781878469770834,0.34625,0.5770339978860544,0.9305301018846448,0.0,True,True,0.0
captcha_image_clean_000774.png,val,JFKKM,captcha_image,clean,221.18125,35.99114159675267,0.15667994682331612,0.313625,0.6501055712229664,0.9361263851272275,0.0,True,True,0.0
captcha_image_clean_000775.png,train,WKCGB,captcha_image,clean,231.9208125,24.062980734727017,0.06360506564333411,0.307625,0.6125597899574444,0.9357137205660132,0.0,True,True,0.0
captcha_image_clean_000776.png,train,XH2WK,captcha_image,clean,231.2455625,32.15130458563997,0.1006354524818075,0.36475,0.6852782600492862,0.922532130996039,0.0,True,True,0.0
captcha_image_clean_000777.png,train,WVK4L,captcha_image,clean,217.460875,41.62630141190032,0.14777176419733373,0.31925,0.6380331007515784,0.9270566192010322,0.0,True,True,0.0
captcha_image_clean_000778.png,test,LFXXL,captcha_image,clean,227.428375,26.679582452867866,0.08448614568351606,0.2770625,0.6157530693627946,0.9326015188493654,0.0,True,True,0.0
captcha_image_clean_000779.png,train,LXQKE,captcha_image,clean,225.3494375,37.588041062731556,0.0201886339052838,0.386875,0.6721281424910132,0.9489357845053145,0.0,True,True,0.0
captcha_image_clean_000780.png,train,9VDT7,captcha_image,clean,231.491,36.14412011655561,0.0,0.3116875,0.6172938288322753,0.0,0.0,True,False,1.0
captcha_image_clean_000781.png,test,PHKHQ,captcha_image,clean,218.820875,45.28713160749281,0.0,0.3263125,0.6451795922503518,0.0,0.0,True,False,1.0
captcha_image_clean_000782.png,val,97TXR,captcha_image,clean,229.891,37.29795060053568,0.0,0.3049375,0.6576439359875745,0.0,0.0,True,False,1.0
captcha_image_clean_000783.png,test,6YLWG,captcha_image,clean,222.565875,43.52377839163754,0.16262887543172505,0.3149375,0.6276486940527748,0.935228623486298,0.0,True,True,0.0
captcha_image_clean_000784.png,train,KHEGQ,captcha_image,clean,229.77875,31.47914068772367,0.04129102039312441,0.3046875,0.6098295243673576,0.9416633055327892,0.0,True,True,0.0
captcha_image_clean_000785.png,train,YVB67,captcha_image,clean,220.764875,38.20574519930707,0.020612640697986167,0.2648125,0.622444076981837,0.9534064494400509,0.0,True,True,0.0
captcha_image_clean_000786.png,test,2PXS4,captcha_image,clean,229.4636875,41.37985991279265,0.0,0.32375,0.6465555405408222,0.0,0.0,True,False,1.0
captcha_image_clean_000787.png,val,ZL6QZ,captcha_image,clean,223.876125,44.751969565421085,0.0,0.3329375,0.5715863562855077,0.0,0.0,True,False,1.0
captcha_image_clean_000788.png,train,W9AUX,captcha_image,clean,224.50325,41.688776840266016,0.19224512420552037,0.308375,0.617411022182059,0.9324276787032215,0.0,True,True,0.0
captcha_image_clean_000789.png,train,T9MYN,captcha_image,clean,222.0705,42.45221319024486,0.12016701279322087,0.317125,0.609506665804253,0.9297666621858084,0.0,True,True,0.0
captcha_image_clean_000790.png,train,AF3R8,captcha_image,clean,232.1234375,32.49542007242857,0.0,0.3000625,0.6803458022487261,0.0,0.0,True,False,1.0
captcha_image_clean_000791.png,train,MZFVH,captcha_image,clean,218.405375,44.49854824721111,0.0,0.3063125,0.6136212167720008,0.0,0.0,True,False,1.0
captcha_image_clean_000792.png,train,5ERU4,captcha_image,clean,227.4456875,38.82411364284243,0.12259994666132495,0.308,0.6629604453735275,0.9353924310923603,0.0,True,True,0.0
captcha_image_clean_000793.png,train,8YKCN,captcha_image,clean,215.8026875,41.73049850262208,0.2066514716168252,0.3465,0.6304541457882537,0.9358133510400141,0.0,True,True,0.0
captcha_image_clean_000794.png,test,HLEZ2,captcha_image,clean,222.2183125,37.78951279326506,0.0,0.264,0.6332799204844621,0.0,0.0,True,False,1.0
captcha_image_clean_000795.png,train,EWUFN,captcha_image,clean,221.7048125,38.404696025874806,0.09282090412145169,0.3815625,0.673697430174156,0.9342725608399822,0.0,True,True,0.0
captcha_image_clean_000796.png,test,GSM7L,captcha_image,clean,218.56025,44.67967653125412,0.17328688261473557,0.3649375,0.6132214184080342,0.9302691943486939,0.0,True,True,0.0
captcha_image_clean_000797.png,train,4QA83,captcha_image,clean,226.7296875,44.04504505222289,0.01925392356745053,0.325875,0.6237994758306048,0.9499036470292719,0.0,True,True,0.0
captcha_image_clean_000798.png,train,5PH4J,captcha_image,clean,226.87,34.17070346071324,0.2043403138345749,0.2929375,0.6016408753791227,0.9314652263999234,0.0,True,True,0.0
captcha_image_clean_000799.png,val,943S8,captcha_image,clean,223.982,40.96668068076788,0.17319462072059344,0.3001875,0.6253897586802325,0.9337936764827923,0.0,True,True,0.0
captcha_image_clean_000800.png,train,Z5VT6,captcha_image,clean,225.5596875,35.93812477581911,0.0623724174380237,0.279875,0.6433667434817938,0.9300787528408672,0.0,True,True,0.0
captcha_image_clean_000801.png,train,A24WD,captcha_image,clean,219.9880625,45.795611634698076,0.2507768364444348,0.3358125,0.6012635315280237,0.9286675990899647,0.0,True,True,0.0
captcha_image_clean_000802.png,test,8ATQU,captcha_image,clean,226.8109375,39.76830010034492,0.013176156718729206,0.280125,0.661296785618251,0.9592875589453368,0.0,True,True,0.0
captcha_image_clean_000803.png,train,KC3PX,captcha_image,clean,221.0305625,47.213055698965235,0.0921784423546084,0.35825,0.5836105616532897,0.9338438151928421,0.0,True,True,0.0
captcha_image_clean_000804.png,test,KSS9A,captcha_image,clean,221.0535625,43.047587836702235,0.11806620298524274,0.3099375,0.6050054525071344,0.9327111301886938,0.0,True,True,0.0
captcha_image_clean_000805.png,train,AU25S,captcha_image,clean,222.8306875,40.25070056256591,0.0,0.276375,0.6352848136542548,0.0,0.0,True,False,1.0
captcha_image_clean_000806.png,train,9FZAY,captcha_image,clean,228.803125,38.70838074932062,0.11022315530201765,0.2835625,0.6378334834816926,0.9332421497704111,0.0,True,True,0.0
captcha_image_clean_000807.png,train,YZEBT,captcha_image,clean,227.2684375,40.964492292821035,0.0,0.3011875,0.6339195849327078,0.0,0.0,True,False,1.0
captcha_image_clean_000808.png,train,Y78CH,captcha_image,clean,220.1505,46.52202005233651,0.22732979547947046,0.3395,0.5874565448928533,0.9308547342020449,0.0,True,True,0.0
captcha_image_clean_000809.png,train,EMHC9,captcha_image,clean,229.301375,42.808012370459046,0.0,0.28325,0.6468801179013433,0.0,0.0,True,False,1.0
captcha_image_clean_000810.png,train,NUYRB,captcha_image,clean,219.911,41.86635826054136,0.13485790093599234,0.3099375,0.626321359019136,0.9362077064212999,0.0,True,True,0.0
captcha_image_clean_000811.png,val,YHKZ4,captcha_image,clean,225.1590625,42.52274258113056,0.11611941332528096,0.3279375,0.6317061411523137,0.9315577115408525,0.0,True,True,0.0
captcha_image_clean_000812.png,train,3CV35,captcha_image,clean,224.694,44.42738022886337,0.1063519454336133,0.3445,0.6267811945704392,0.9392608165901208,0.0,True,True,0.0
captcha_image_clean_000813.png,test,GU76E,captcha_image,clean,232.499125,39.267814418864404,0.0,0.327,0.6144517324188397,0.0,0.0,True,False,1.0
captcha_image_clean_000814.png,val,355QD,captcha_image,clean,223.867875,44.44375285666563,0.0,0.332625,0.6285556122358695,0.0,0.0,True,False,1.0
captcha_image_clean_000815.png,val,XRG7T,captcha_image,clean,228.19425,34.205918960576106,0.013355313279349967,0.2993125,0.6086539442564237,0.938148380121165,0.0,True,True,0.0
captcha_image_clean_000816.png,val,YELES,captcha_image,clean,221.431,42.42007177033061,0.13065023646882434,0.333625,0.647887112880162,0.93465161310067,0.0,True,True,0.0
captcha_image_clean_000817.png,train,6F4MU,captcha_image,clean,220.988,45.63367704886381,0.0,0.3286875,0.6337609039786767,0.0,0.0,True,False,1.0
captcha_image_clean_000818.png,val,EXLYJ,captcha_image,clean,222.2619375,41.95027802346599,0.09666501447504246,0.3038125,0.6335382780238963,0.9389426428096806,0.0,True,True,0.0
captcha_image_clean_000819.png,train,XS53X,captcha_image,clean,222.046875,45.92328442886435,0.12951496945722965,0.3331875,0.6136453988819631,0.9419378625365429,0.0,True,True,0.0
captcha_image_clean_000820.png,val,CBGZZ,captcha_image,clean,225.4213125,43.601366759281106,0.0,0.2891875,0.6080657165365343,0.0,0.0,True,False,1.0
captcha_image_clean_000821.png,train,FRCVM,captcha_image,clean,228.80375,32.466309244161096,0.0,0.2358125,0.6783876536131831,0.0,0.0,True,False,1.0
captcha_image_clean_000822.png,train,UG7MW,captcha_image,clean,229.6974375,35.61902607362523,0.13063540168781873,0.2864375,0.6674260334613673,0.9355204842905741,0.0,True,True,0.0
captcha_image_clean_000823.png,train,4AL79,captcha_image,clean,225.034,31.118848291670435,0.0,0.22,0.673217777101457,0.0,0.0,True,False,1.0
captcha_image_clean_000824.png,train,8RWZP,captcha_image,clean,222.630125,42.285743075939614,0.09425093936050687,0.330625,0.6103891900832908,0.9355283673685553,0.0,True,True,0.0
captcha_image_clean_000825.png,val,84NF4,captcha_image,clean,221.3361875,43.587950347141174,0.06297566929054822,0.308875,0.6247323884751862,0.9386174527282467,0.0,True,True,0.0
captcha_image_clean_000826.png,train,J4WJS,captcha_image,clean,215.2875,48.07491257142337,0.2584308877803185,0.3896875,0.5840529391564435,0.9251015961662381,0.0,True,True,0.0
captcha_image_clean_000827.png,train,8XVX8,captcha_image,clean,231.590875,37.60679947475423,0.11955145120390834,0.284625,0.6605300294116146,0.939161153606219,0.0,True,True,0.0
captcha_image_clean_000828.png,train,E3PN4,captcha_image,clean,227.644125,40.354883260695665,0.0,0.337,0.6532050355995292,0.0,0.0,True,False,1.0
captcha_image_clean_000829.png,train,HW5J9,captcha_image,clean,222.2740625,46.22513333940849,0.0,0.399875,0.6328177804760725,0.0,0.0,True,False,1.0
captcha_image_clean_000830.png,train,533V3,captcha_image,clean,215.4564375,45.43163795537856,0.01383362714370202,0.3469375,0.6313914004194782,0.9594015843000889,0.0,True,True,0.0
captcha_image_clean_000831.png,train,99UAP,captcha_image,clean,221.806625,45.944712493489114,0.1741229022971758,0.3599375,0.6230437359077384,0.9376013349854806,0.0,True,True,0.0
captcha_image_clean_000832.png,train,S9VYU,captcha_image,clean,230.6465,36.57040179913258,0.12418362713623506,0.25375,0.6558869612532575,0.9359965131507103,0.0,True,True,0.0
captcha_image_clean_000833.png,train,FPVR6,captcha_image,clean,229.5645625,33.25441258966385,0.08865533625842174,0.29,0.6054959987877274,0.937590035941228,0.0,True,True,0.0
captcha_image_clean_000834.png,val,DVPNC,captcha_image,clean,230.3529375,28.019484249734035,0.09152097357493695,0.297125,0.7416432045012735,0.9435493676801454,0.0,True,True,0.0
captcha_image_clean_000835.png,train,RP5K8,captcha_image,clean,220.801375,41.4431287804067,0.08227132318814408,0.3116875,0.6306788376524104,0.9375578255944013,0.0,True,True,0.0
captcha_image_clean_000836.png,train,ATLTK,captcha_image,clean,232.37425,38.522505590076825,0.01814511420885002,0.2409375,0.6204491251758512,0.9349578438868672,0.0,True,True,0.0
captcha_image_clean_000837.png,val,QRN88,captcha_image,clean,209.7671875,46.045618530321036,0.18980770395921234,0.396875,0.6115520474501676,0.92958396226161,0.0,True,True,0.0
captcha_image_clean_000838.png,train,F484W,captcha_image,clean,232.2341875,22.830962391341366,0.009194843473607096,0.2608125,0.7714503874494476,0.9589974373398216,0.0,True,True,0.0
captcha_image_clean_000839.png,train,Y42DX,captcha_image,clean,225.4858125,34.38487201829962,0.0,0.284875,0.6526452903929773,0.0,0.0,True,False,1.0
captcha_image_clean_000840.png,train,233HK,captcha_image,clean,215.217625,47.852810934775555,0.23468437957773464,0.3958125,0.5897354824625748,0.9354761822425104,0.0,True,True,0.0
captcha_image_clean_000841.png,train,EP6MV,captcha_image,clean,216.5904375,47.6381524731868,0.1545704046399475,0.366875,0.5966943510484471,0.9356534195760877,0.0,True,True,0.0
captcha_image_clean_000842.png,train,QUBEC,captcha_image,clean,218.5246875,45.78447215516789,0.10684917390893808,0.383125,0.5906298283896865,0.9260996924981366,0.0,True,True,0.0
captcha_image_clean_000843.png,train,XJ3PY,captcha_image,clean,228.0051875,39.94535530684192,0.0,0.273125,0.6237373513119719,0.0,0.0,True,False,1.0
captcha_image_clean_000844.png,test,5CTCX,captcha_image,clean,216.5618125,43.72230899912359,0.0,0.316875,0.621190011755316,0.0,0.0,True,False,1.0
captcha_image_clean_000845.png,test,B8E5M,captcha_image,clean,214.6401875,43.5368877788117,0.20810933797935652,0.351875,0.6207047785764944,0.9363969120195993,0.0,True,True,0.0
captcha_image_clean_000846.png,train,JHBPB,captcha_image,clean,217.3649375,41.464240715598464,0.0,0.363625,0.6048841980330061,0.0,0.0,True,False,1.0
captcha_image_clean_000847.png,train,CDA98,captcha_image,clean,220.6655,43.94778418475726,0.0,0.309375,0.6127412230266149,0.0,0.0,True,False,1.0
captcha_image_clean_000848.png,val,FFZ93,captcha_image,clean,221.2529375,43.172948244486314,0.20009384264962246,0.335375,0.6112112230582948,0.93071053504698,0.0,True,True,0.0
captcha_image_clean_000849.png,train,BL9LL,captcha_image,clean,227.8075625,36.244379292637824,0.0,0.25975,0.6633561275230905,0.0,0.0,True,False,1.0
captcha_image_clean_000850.png,val,U556C,captcha_image,clean,221.8095,30.36352391851117,0.054807598025215024,0.3981875,0.6132882492409584,0.9525232914675621,0.0,True,True,0.0
captcha_image_clean_000851.png,train,ZK8BX,captcha_image,clean,219.0408125,46.483992103086884,0.0,0.3408125,0.609247232406585,0.0,0.0,True,False,1.0
captcha_image_clean_000852.png,train,M87YX,captcha_image,clean,222.33,38.226325680085964,0.0,0.28875,0.6220120638521257,0.0,0.0,True,False,1.0
captcha_image_clean_000853.png,train,4S3F3,captcha_image,clean,222.49625,42.44383625377777,0.2127123849962494,0.305375,0.625530067305928,0.9335284621210439,0.0,True,True,0.0
captcha_image_clean_000854.png,train,78CR5,captcha_image,clean,219.4195,43.581882930295706,0.0,0.302125,0.5936463847607546,0.0,0.0,True,False,1.0
captcha_image_clean_000855.png,train,7W4HP,captcha_image,clean,227.583625,36.82678891594236,0.12184650248962316,0.294625,0.6816017921651114,0.935165525788287,0.0,True,True,0.0
captcha_image_clean_000856.png,train,8U2P8,captcha_image,clean,229.078375,39.26603471652536,0.0,0.2773125,0.6027089324712795,0.0,0.0,True,False,1.0
captcha_image_clean_000857.png,test,M856N,captcha_image,clean,222.4803125,32.752410024337806,0.12510633463750986,0.334875,0.7035264208506482,0.9291475704692658,0.0,True,True,0.0
captcha_image_clean_000858.png,train,T2BFX,captcha_image,clean,223.0300625,41.59033882701719,0.009528564149528669,0.3116875,0.6171833327315954,0.9589974373398216,0.0,True,True,0.0
captcha_image_clean_000859.png,train,SU9CR,captcha_image,clean,219.3245625,48.66120345494544,0.11444321167240926,0.387875,0.5982027877042954,0.9379247797295509,0.0,True,True,0.0
captcha_image_clean_000860.png,train,MSW3K,captcha_image,clean,219.7855625,39.843758345048144,0.0,0.3141875,0.6334357269873394,0.0,0.0,True,False,1.0
captcha_image_clean_000861.png,test,9SYK8,captcha_image,clean,225.986125,43.39129155123612,0.14161581137516124,0.2856875,0.6123031424552183,0.9377819019810295,0.0,True,True,0.0
captcha_image_clean_000862.png,train,EEP6Q,captcha_image,clean,224.9453125,40.2494294590289,0.2039832648899587,0.29225,0.6183027228839352,0.9349569692303822,0.0,True,True,0.0
captcha_image_clean_000863.png,test,PSZSB,captcha_image,clean,218.7506875,34.932782322302124,0.0,0.3448125,0.6636163206251016,0.0,0.0,True,False,1.0
captcha_image_clean_000864.png,train,KDXHB,captcha_image,clean,225.7475625,38.943347799188935,0.1293439751388682,0.3495,0.6707825218496483,0.9394635267005508,0.0,True,True,0.0
captcha_image_clean_000865.png,train,3VRG3,captcha_image,clean,226.73975,43.565884243723325,0.09646630533446333,0.321375,0.6355076813786453,0.9343992801284792,0.0,True,True,0.0
captcha_image_clean_000866.png,train,J9NH6,captcha_image,clean,220.5550625,34.05211950996727,0.013836275234486117,0.3471875,0.6127754197844126,0.959282481212598,0.0,True,True,0.0
captcha_image_clean_000867.png,train,BHNJW,captcha_image,clean,222.40125,40.06024991731205,0.15639019702517934,0.37575,0.6560630636911337,0.9315281969993833,0.0,True,True,0.0
captcha_image_clean_000868.png,train,8V6T3,captcha_image,clean,217.9865625,42.426887193542655,0.09796020422792585,0.3163125,0.6225771097376133,0.9365995605002054,0.0,True,True,0.0
captcha_image_clean_000869.png,train,ADYPV,captcha_image,clean,228.6696875,40.351715653145945,0.10441503590981724,0.2743125,0.6069361157753318,0.9391942780325726,0.0,True,True,0.0
captcha_image_clean_000870.png,train,HQVKK,captcha_image,clean,227.8063125,29.670381656668045,0.1082111741715761,0.319625,0.7154969529932457,0.932305685392615,0.0,True,True,0.0
captcha_image_clean_000871.png,train,GAN4A,captcha_image,clean,228.6354375,28.716624656870692,0.03846111915992081,0.2825625,0.6140322829366688,0.9546652544906095,0.0,True,True,0.0
captcha_image_clean_000872.png,train,87KEU,captcha_image,clean,230.9743125,37.92965729679539,0.0,0.2984375,0.665874107365087,0.0,0.0,True,False,1.0
captcha_image_clean_000873.png,val,33VTD,captcha_image,clean,231.5219375,35.299658549993,0.0,0.262125,0.6616870056485424,0.0,0.0,True,False,1.0
captcha_image_clean_000874.png,train,AFL2T,captcha_image,clean,227.581625,36.328199616267455,0.026362607367294174,0.2810625,0.6490803402942915,0.9473373357963718,0.0,True,True,0.0
captcha_image_clean_000875.png,train,L8ATF,captcha_image,clean,223.9455625,33.443810698821295,0.15793702406821303,0.36525,0.5782038365050652,0.9323630966371846,0.0,True,True,0.0
captcha_image_clean_000876.png,test,YT43R,captcha_image,clean,226.90175,31.22595229832871,0.0,0.281,0.6815531149941308,0.0,0.0,True,False,1.0
captcha_image_clean_000877.png,test,72KLF,captcha_image,clean,235.5423125,23.033887202388218,0.08142507747581978,0.269125,0.6013491213342038,0.9402247370981899,0.0,True,True,0.0
captcha_image_clean_000878.png,train,FUX5P,captcha_image,clean,224.3165625,41.7727928882376,0.0,0.28775,0.6364814834157685,0.0,0.0,True,False,1.0
captcha_image_clean_000879.png,train,67VKF,captcha_image,clean,230.8400625,35.567101828741876,0.009333980476321049,0.2826875,0.6150541438973006,0.9589974373398216,0.0,True,True,0.0
captcha_image_clean_000880.png,train,3DPZ9,captcha_image,clean,222.1013125,44.78249851535021,0.0,0.318125,0.6056564411658876,0.0,0.0,True,False,1.0
captcha_image_clean_000881.png,train,RG4M8,captcha_image,clean,220.6363125,36.945788581411335,0.14154691327250302,0.389,0.5988567388834483,0.9380192802629284,0.0,True,True,0.0
captcha_image_clean_000882.png,train,Q5YA9,captcha_image,clean,220.154625,39.58120565507543,0.13007239180948393,0.3828125,0.6371694862390492,0.932289232865402,0.0,True,True,0.0
captcha_image_clean_000883.png,train,R24LX,captcha_image,clean,221.5749375,47.59276215320029,0.060742308209048634,0.3586875,0.5995991149676236,0.941704407384887,0.0,True,True,0.0
captcha_image_clean_000884.png,val,HMDXR,captcha_image,clean,228.1669375,37.83192691855774,0.019634280079225384,0.35175,0.6730102062669017,0.9594946933327902,0.0,True,True,0.0
captcha_image_clean_000885.png,test,P6C5C,captcha_image,clean,224.6701875,43.77180212436819,0.036977871475178635,0.3153125,0.5900890413725164,0.957184140646546,0.0,True,True,0.0
captcha_image_clean_000886.png,train,3M5NV,captcha_image,clean,231.59175,39.73051197678555,0.018972905829772405,0.30575,0.6806129727617846,0.9377868969866883,0.0,True,True,0.0
captcha_image_clean_000887.png,train,8B5WL,captcha_image,clean,232.1885625,33.532795613900035,0.1302557748115248,0.3049375,0.6941086064733194,0.9310326924470373,0.0,True,True,0.0
captcha_image_clean_000888.png,train,KB66L,captcha_image,clean,222.5885625,44.163002407938635,0.19819878144495862,0.30275,0.6150643619259331,0.9258742295007983,0.0,True,True,0.0
captcha_image_clean_000889.png,train,FV3J7,captcha_image,clean,227.3855,43.979032103378536,0.0,0.298,0.610855483562427,0.0,0.0,True,False,1.0
captcha_image_clean_000890.png,train,Z87W7,captcha_image,clean,232.595875,27.93863915770371,0.10353636078262322,0.3076875,0.6177473045041645,0.9352952968278929,0.0,True,True,0.0
captcha_image_clean_000891.png,train,QLWVP,captcha_image,clean,223.1239375,48.1723320693123,0.0,0.360875,0.5946511703778129,0.0,0.0,True,False,1.0
captcha_image_clean_000892.png,train,2W824,captcha_image,clean,222.1420625,46.657744595576986,0.09578767539963874,0.352125,0.6337958789252132,0.9353961615541773,0.0,True,True,0.0
captcha_image_clean_000893.png,train,WHVQE,captcha_image,clean,221.0195625,40.44666772193469,0.03945802473368369,0.438875,0.6595172021729753,0.9370222172948348,0.0,True,True,0.0
captcha_image_clean_000894.png,train,XXD8S,captcha_image,clean,213.8649375,44.54315262328311,0.25202729752833647,0.3455625,0.5935701480601858,0.928701840626434,0.0,True,True,0.0
captcha_image_clean_000895.png,train,JMHCS,captcha_image,clean,218.24975,46.367554657729144,0.02710135841909095,0.31975,0.6047362740310759,0.9549923217984712,0.0,True,True,0.0
captcha_image_clean_000896.png,train,67LLU,captcha_image,clean,224.7438125,40.500459015483315,0.10375707818182968,0.2936875,0.6015438157196077,0.9315057012688482,0.0,True,True,0.0
captcha_image_clean_000897.png,val,LF54H,captcha_image,clean,218.286625,43.22473072338768,0.0,0.3373125,0.6257868423767567,0.0,0.0,True,False,1.0
captcha_image_clean_000898.png,test,K82MV,captcha_image,clean,216.70625,44.90867077678318,0.1772510444597561,0.38875,0.6315932284078462,0.9367862006720564,0.0,True,True,0.0
captcha_image_clean_000899.png,train,KR8DK,captcha_image,clean,228.16075,22.748374325157833,0.07100082493965064,0.3215625,0.597909091855033,0.9454636490757027,0.0,True,True,0.0
captcha_image_clean_000900.png,train,7MW4Y,captcha_image,clean,216.3715625,44.51432077218065,0.16888633270216769,0.33525,0.6119068601770461,0.9267751945398982,0.0,True,True,0.0
captcha_image_clean_000901.png,train,RHR44,captcha_image,clean,217.40725,40.5242044639682,0.21043496505032175,0.364375,0.6206684121319672,0.9294266329689148,0.0,True,True,0.0
captcha_image_clean_000902.png,train,QQ7DN,captcha_image,clean,233.8555,26.759530914236894,0.13647364957292546,0.304125,0.6283328920335052,0.9413510016325947,0.0,True,True,0.0
captcha_image_clean_000903.png,train,SF6TK,captcha_image,clean,229.472125,44.53746566638446,0.0,0.2759375,0.6086749316353453,0.0,0.0,True,False,1.0
captcha_image_clean_000904.png,train,5YUKB,captcha_image,clean,222.6961875,40.129948423401245,0.14333950702162143,0.367375,0.630094963345781,0.935116756260095,0.0,True,True,0.0
captcha_image_clean_000905.png,train,VD9FH,captcha_image,clean,209.3984375,43.430663822449155,0.22075970905400247,0.3830625,0.6015011011636691,0.9316647313388616,0.0,True,True,0.0
captcha_image_clean_000906.png,train,TE4QN,captcha_image,clean,229.654375,30.77362780627879,0.0,0.2626875,0.7094213113825546,0.0,0.0,True,False,1.0
captcha_image_clean_000907.png,train,AH3ZX,captcha_image,clean,230.2508125,33.9299374533736,0.0,0.33475,0.6102838227313221,0.0,0.0,True,False,1.0
captcha_image_clean_000908.png,train,SCZTF,captcha_image,clean,225.3669375,40.7932398734287,0.14882893543059122,0.275,0.6093895606092615,0.9360983036414565,0.0,True,True,0.0
captcha_image_clean_000909.png,train,NAG7W,captcha_image,clean,225.53125,33.33202511755774,0.023873893001350992,0.3424375,0.6257525755094837,0.9533309394695078,0.0,True,True,0.0
captcha_image_clean_000910.png,train,7VWSL,captcha_image,clean,223.3086875,40.623675664904376,0.0,0.3030625,0.6378113371626307,0.0,0.0,True,False,1.0
captcha_image_clean_000911.png,train,ZUHR8,captcha_image,clean,225.896625,33.12425944242943,0.11806670408041063,0.3458125,0.6958540144848377,0.9323996870238729,0.0,True,True,0.0
captcha_image_clean_000912.png,train,R9HGB,captcha_image,clean,222.2964375,46.56609214126298,0.09973185675349325,0.340625,0.6082593632667169,0.9416185941246468,0.0,True,True,0.0
captcha_image_clean_000913.png,train,F29VX,captcha_image,clean,230.8445,36.19766145416027,0.0,0.2775,0.668059731117531,0.0,0.0,True,False,1.0
captcha_image_clean_000914.png,train,4KF8D,captcha_image,clean,227.471375,29.02909627613948,0.10004125121266129,0.331875,0.7325591961048766,0.938160041723205,0.0,True,True,0.0
captcha_image_clean_000915.png,test,C4KMG,captcha_image,clean,219.9885,38.265266466470614,0.12389852671137175,0.3166875,0.6187557805436191,0.9359628229469593,0.0,True,True,0.0
captcha_image_clean_000916.png,train,ASMFM,captcha_image,clean,227.859125,30.570108426931935,0.12444758458313136,0.3684375,0.6223072385537762,0.9358123056169696,0.0,True,True,0.0
captcha_image_clean_000917.png,train,699AM,captcha_image,clean,218.2618125,43.876535776139434,0.18956599800349697,0.349,0.6427557010861725,0.9321884063633545,0.0,True,True,0.0
captcha_image_clean_000918.png,test,PD7LE,captcha_image,clean,224.774625,41.03129392438623,0.0,0.3331875,0.6359331532475814,0.0,0.0,True,False,1.0
captcha_image_clean_000919.png,train,KM7XF,captcha_image,clean,230.2853125,23.6366671567153,0.11287790912691033,0.2773125,0.6441408561431652,0.9364610584987096,0.0,True,True,0.0
captcha_image_clean_000920.png,train,N7KRW,captcha_image,clean,229.044625,31.213352649296983,0.10831380885697997,0.34725,0.6123910222725479,0.9271660589591983,0.0,True,True,0.0
captcha_image_clean_000921.png,train,2KHHG,captcha_image,clean,217.5458125,41.12509758304342,0.0,0.365,0.6520811608264396,0.0,0.0,True,False,1.0
captcha_image_clean_000922.png,train,WGGQS,captcha_image,clean,219.1259375,43.67480769558229,0.13288216626806157,0.34975,0.6042705421358003,0.9354318906950326,0.0,True,True,0.0
captcha_image_clean_000923.png,train,KFRAL,captcha_image,clean,223.01875,40.988613033835385,0.24003189404551536,0.31875,0.601040978614814,0.9358135660968221,0.0,True,True,0.0
captcha_image_clean_000924.png,train,UTKPE,captcha_image,clean,222.224125,33.89046721401721,0.1393094873153795,0.3465625,0.6973921908346168,0.9377426891069952,0.0,True,True,0.0
captcha_image_clean_000925.png,train,63MV5,captcha_image,clean,218.532,50.208808749063145,0.0,0.4069375,0.6029388345627025,0.0,0.0,True,False,1.0
captcha_image_clean_000926.png,val,TBGPV,captcha_image,clean,226.568375,40.94734209761819,0.0,0.2548125,0.6362141778341287,0.0,0.0,True,False,1.0
captcha_image_clean_000927.png,val,TPRUQ,captcha_image,clean,218.441875,38.119812715756815,0.0,0.2879375,0.6517205170801635,0.0,0.0,True,False,1.0
captcha_image_clean_000928.png,train,S9Q8N,captcha_image,clean,219.006375,39.474043172183094,0.0,0.3353125,0.641206222440652,0.0,0.0,True,False,1.0
captcha_image_clean_000929.png,train,NF5ED,captcha_image,clean,228.8041875,30.778610185725473,0.021508607164868045,0.3248125,0.6116985701319341,0.9594606195116008,0.0,True,True,0.0
captcha_image_clean_000930.png,train,ZKV3Q,captcha_image,clean,224.665875,43.18202879074089,0.0,0.3479375,0.6439694051335373,0.0,0.0,True,False,1.0
captcha_image_clean_000931.png,train,RQZAX,captcha_image,clean,230.4975,33.65977746138557,0.0,0.361875,0.582980260881355,0.0,0.0,True,False,1.0
captcha_image_clean_000932.png,test,PSB4N,captcha_image,clean,221.9205625,40.67257524651708,0.0,0.291375,0.6452383318169918,0.0,0.0,True,False,1.0
captcha_image_clean_000933.png,train,LTRZA,captcha_image,clean,221.0780625,40.746232571197226,0.0,0.281375,0.6344420309899502,0.0,0.0,True,False,1.0
captcha_image_clean_000934.png,val,GTCZ4,captcha_image,clean,224.752625,38.786536718420415,0.1174533202203105,0.303125,0.6403293008521636,0.9352970177752343,0.0,True,True,0.0
captcha_image_clean_000935.png,train,X27H7,captcha_image,clean,224.8181875,31.965350486344487,0.09454161498191582,0.300125,0.6866668606311178,0.9392766697244581,0.0,True,True,0.0
captcha_image_clean_000936.png,test,VLGKA,captcha_image,clean,237.1995,27.67643311104233,0.09815459966522261,0.2805,0.7360779856935482,0.9130982284254511,0.0,True,True,0.0
captcha_image_clean_000937.png,val,CQKX2,captcha_image,clean,227.5468125,29.166162904808782,0.18849434136336052,0.294125,0.6085194884949409,0.9334020004298266,0.0,True,True,0.0
captcha_image_clean_000938.png,train,NHVFJ,captcha_image,clean,222.2590625,37.24411462393883,0.14409638139795278,0.2706875,0.6600683392624123,0.9332177660892063,0.0,True,True,0.0
captcha_image_clean_000939.png,test,7CJ8U,captcha_image,clean,227.1988125,35.79430871088089,0.0,0.3379375,0.6868865597782573,0.0,0.0,True,False,1.0
captcha_image_clean_000940.png,test,A7Q6K,captcha_image,clean,218.3728125,38.56465607703307,0.17860771450536497,0.3068125,0.6445268120798076,0.9326130130644839,0.0,True,True,0.0
captcha_image_clean_000941.png,train,B588Y,captcha_image,clean,221.891125,35.03240851318069,0.10386914856353266,0.3066875,0.6531500430379237,0.940130853689163,0.0,True,True,0.0
captcha_image_clean_000942.png,train,MP92F,captcha_image,clean,230.0269375,32.26411647436039,0.0,0.3854375,0.6936563842893265,0.0,0.0,True,False,1.0
captcha_image_clean_000943.png,train,S46ED,captcha_image,clean,232.1029375,24.241160066529282,0.0,0.3193125,0.7577788567584673,0.0,0.0,True,False,1.0
captcha_image_clean_000944.png,val,5VQBN,captcha_image,clean,230.00225,28.379385034519334,0.09017978559304404,0.290875,0.7251676529137064,0.9382268513635607,0.0,True,True,0.0
captcha_image_clean_000945.png,test,4UN5M,captcha_image,clean,224.7431875,41.58004912021923,0.07917918232183678,0.3461875,0.6359110955908085,0.9375398882955646,0.0,True,True,0.0
captcha_image_clean_000946.png,val,GH9J9,captcha_image,clean,228.085,31.9589408460293,0.0,0.254375,0.6108477800282357,0.0,0.0,True,False,1.0
captcha_image_clean_000947.png,val,EQKW9,captcha_image,clean,221.29325,37.56082572890937,0.10747881213610691,0.374375,0.6658340662121927,0.9321464779597467,0.0,True,True,0.0
captcha_image_clean_000948.png,val,R6Q22,captcha_image,clean,216.8545,42.6102447159131,0.1256164563447267,0.344,0.6047879255224494,0.9369890443961859,0.0,True,True,0.0
captcha_image_clean_000949.png,train,V2BCJ,captcha_image,clean,223.128625,34.950206803528005,0.16172323568297267,0.2608125,0.6624516251546977,0.9359091074390651,0.0,True,True,0.0
captcha_image_clean_000950.png,train,PPK3C,captcha_image,clean,221.93275,41.308322132924985,0.0,0.2861875,0.5990956213213287,0.0,0.0,True,False,1.0
captcha_image_clean_000951.png,train,SESBY,captcha_image,clean,212.5373125,43.343538823881744,0.18171660518692007,0.3495,0.5681051184444407,0.92440729425575,0.0,True,True,0.0
captcha_image_clean_000952.png,train,JNWF4,captcha_image,clean,223.05475,35.28439105946849,0.0998157991739615,0.2918125,0.661623645408739,0.9391103086272354,0.0,True,True,0.0
captcha_image_clean_000953.png,test,QUH2W,captcha_image,clean,222.1816875,43.32245003635348,0.11066085819989259,0.34175,0.625367942850884,0.9346302602793525,0.0,True,True,0.0
captcha_image_clean_000954.png,train,QSCLA,captcha_image,clean,229.03175,26.903670603423244,0.07080751333700294,0.280625,0.726044374224233,0.9339266985410262,0.0,True,True,0.0
captcha_image_clean_000955.png,train,EMCWB,captcha_image,clean,229.549125,39.95925376848741,0.07339043193028966,0.296,0.6464941837841541,0.9348017265999207,0.0,True,True,0.0
captcha_image_clean_000956.png,test,FTYVQ,captcha_image,clean,229.3583125,40.18077182748414,0.10843836566420384,0.3015,0.6393396744742214,0.9380080130353289,0.0,True,True,0.0
captcha_image_clean_000957.png,train,625H4,captcha_image,clean,221.1405,45.37908532297671,0.12297740114159798,0.353,0.5741166945478346,0.9290523104208858,0.0,True,True,0.0
captcha_image_clean_000958.png,train,GB5K9,captcha_image,clean,222.5019375,44.03174560752837,0.08980800714869858,0.3313125,0.6037035218558607,0.9376145331866486,0.0,True,True,0.0
captcha_image_clean_000959.png,train,ZMXKK,captcha_image,clean,216.5294375,44.260343519154866,0.15431107343455783,0.4305,0.6015098227998991,0.9346742797483956,0.0,True,True,0.0
captcha_image_clean_000960.png,train,ZQR3R,captcha_image,clean,218.5731875,41.98808484070027,0.0,0.300125,0.604894266365788,0.0,0.0,True,False,1.0
captcha_image_clean_000961.png,test,BSYV8,captcha_image,clean,232.594,22.782645017644462,0.11432236093796073,0.3110625,0.6252750408684844,0.9347528604440253,0.0,True,True,0.0
captcha_image_clean_000962.png,train,V7C2L,captcha_image,clean,227.6786875,42.02933286143552,0.0929464011341022,0.2971875,0.6121651404171515,0.9305287313861321,0.0,True,True,0.0
captcha_image_clean_000963.png,train,D9GJA,captcha_image,clean,218.2325625,39.778910583166976,0.0,0.331875,0.6516756147846609,0.0,0.0,True,False,1.0
captcha_image_clean_000964.png,val,D6QRK,captcha_image,clean,227.8160625,40.18713232486356,0.12448574474684668,0.328375,0.6372297339766017,0.9336613863355926,0.0,True,True,0.0
captcha_image_clean_000965.png,train,2KE5S,captcha_image,clean,231.6544375,31.55114933023191,0.12696884478400494,0.3154375,0.6196161168342683,0.9362649356395004,0.0,True,True,0.0
captcha_image_clean_000966.png,train,7D9VC,captcha_image,clean,228.902125,37.211512606777696,0.12323351150533322,0.347625,0.5979123879334163,0.9406886493451092,0.0,True,True,0.0
captcha_image_clean_000967.png,train,6K39E,captcha_image,clean,207.9515625,48.20121851476987,0.0,0.4183125,0.5977390779799662,0.0,0.0,True,False,1.0
captcha_image_clean_000968.png,train,Q9QHX,captcha_image,clean,210.5345625,47.59510931212989,0.12713397083346184,0.402625,0.5784884042681184,0.9393870951915658,0.0,True,True,0.0
captcha_image_clean_000969.png,train,BR7ZJ,captcha_image,clean,233.3706875,27.003222553564672,0.11342708891240033,0.2805625,0.6020787639383053,0.9406517599005669,0.0,True,True,0.0
captcha_image_clean_000970.png,train,23UT3,captcha_image,clean,231.34175,29.16827612214167,0.05530235097591519,0.28625,0.6258465797272105,0.9367446705483742,0.0,True,True,0.0
captcha_image_clean_000971.png,train,ULU5K,captcha_image,clean,227.35275,29.7367713014964,0.0,0.26425,0.7028350933411394,0.0,0.0,True,False,1.0
captcha_image_clean_000972.png,test,TH5T4,captcha_image,clean,234.01575,33.759802308922076,0.10911010689461043,0.2583125,0.679217197126724,0.9409155797191063,0.0,True,True,0.0
captcha_image_clean_000973.png,train,V2APU,captcha_image,clean,228.9354375,42.5227529586643,0.009358472726070302,0.2864375,0.6130043964671124,0.9589974373398216,0.0,True,True,0.0
captcha_image_clean_000974.png,test,PWZRL,captcha_image,clean,220.8931875,38.661539720888555,0.23694202210704426,0.33175,0.5990665180680471,0.9332076023439276,0.0,True,True,0.0
captcha_image_clean_000975.png,train,CQ2Q6,captcha_image,clean,219.0606875,42.950436604618396,0.016575596950632408,0.31775,0.6029969799594067,0.9230809336764191,0.0,True,True,0.0
captcha_image_clean_000976.png,train,PQLTK,captcha_image,clean,228.8204375,28.900020671421565,0.09734144917733936,0.280875,0.7123969320579551,0.9271202578709516,0.0,True,True,0.0
captcha_image_clean_000977.png,train,445L9,captcha_image,clean,230.14125,32.80743891920703,0.009210430606920906,0.2633125,0.6033164352507061,0.9589974373398216,0.0,True,True,0.0
captcha_image_clean_000978.png,train,G2XLW,captcha_image,clean,225.2426875,46.35121940442715,0.0,0.3171875,0.6250850216411479,0.0,0.0,True,False,1.0
captcha_image_clean_000979.png,train,KU4BD,captcha_image,clean,224.8405,38.75579549886701,0.11163081995915364,0.32625,0.6041115108358258,0.939443683501637,0.0,True,True,0.0
captcha_image_clean_000980.png,train,UZMVF,captcha_image,clean,219.4870625,38.50837191600151,0.13475153883403718,0.2973125,0.6331363701906626,0.936101005221255,0.0,True,True,0.0
captcha_image_clean_000981.png,train,2RDW6,captcha_image,clean,229.297875,33.03118065531983,0.0562541115767281,0.3503125,0.6045090871480232,0.9480869800916933,0.0,True,True,0.0
captcha_image_clean_000982.png,train,2N262,captcha_image,clean,219.986625,41.940367739319775,0.0,0.3605625,0.6367821135689951,0.0,0.0,True,False,1.0
captcha_image_clean_000983.png,train,TVDKZ,captcha_image,clean,222.5410625,43.11534458717794,0.13596776512428768,0.3223125,0.6312294564759406,0.9406517365816938,0.0,True,True,0.0
captcha_image_clean_000984.png,train,UPMPZ,captcha_image,clean,219.2016875,41.820495987641564,0.0,0.29175,0.6156627913740118,0.0,0.0,True,False,1.0
captcha_image_clean_000985.png,train,5KH6U,captcha_image,clean,219.69725,45.81041330786593,0.07280594599598736,0.3664375,0.6289170908194025,0.9310157759864623,0.0,True,True,0.0
captcha_image_clean_000986.png,test,9W2Z7,captcha_image,clean,220.9996875,40.33928528621131,0.091461285071596,0.3176875,0.6254554645230856,0.9398096313023717,0.0,True,True,0.0
captcha_image_clean_000987.png,train,N6GU9,captcha_image,clean,221.950625,45.24078289673351,0.0,0.320125,0.6278759026345239,0.0,0.0,True,False,1.0
captcha_image_clean_000988.png,train,S2UYW,captcha_image,clean,226.1364375,41.6970406301046,0.18463031448708433,0.2858125,0.6442314166599459,0.9319573689801605,0.0,True,True,0.0
captcha_image_clean_000989.png,val,76SW3,captcha_image,clean,220.786375,43.40823642304966,0.1478492753794603,0.31375,0.600527551187574,0.9328553421463841,0.0,True,True,0.0
captcha_image_clean_000990.png,train,NY7VT,captcha_image,clean,225.44225,43.493461174497256,0.1030518854366435,0.3188125,0.6249092232197987,0.9354956289058676,0.0,True,True,0.0
captcha_image_clean_000991.png,val,GM9H5,captcha_image,clean,220.213375,38.78546565544076,0.2220032920320164,0.381125,0.6576614210617809,0.9298306391553143,0.0,True,True,0.0
captcha_image_clean_000992.png,train,R3PKZ,captcha_image,clean,226.775875,37.19088790260828,0.11490150354501015,0.3414375,0.5845891810220235,0.9360861506058685,0.0,True,True,0.0
captcha_image_clean_000993.png,val,S6TKM,captcha_image,clean,230.888875,31.809004640736166,0.1295399012155661,0.3175625,0.692579380303508,0.9352312255005335,0.0,True,True,0.0
captcha_image_clean_000994.png,train,7A6ZE,captcha_image,clean,228.4805625,37.911065300036,0.0,0.3615,0.667432008370418,0.0,0.0,True,False,1.0
captcha_image_clean_000995.png,train,SAWPN,captcha_image,clean,223.4496875,33.450560064853086,0.13351568664892893,0.3901875,0.7013225873034172,0.9353153097561241,0.0,True,True,0.0
captcha_image_clean_000996.png,train,ST2L5,captcha_image,clean,227.219125,35.21905179351618,0.0,0.2633125,0.6692813500773243,0.0,0.0,True,False,1.0
captcha_image_clean_000997.png,train,8PZU3,captcha_image,clean,223.486875,39.40321786014913,0.0,0.3605,0.6338813367737619,0.0,0.0,True,False,1.0
captcha_image_clean_000998.png,train,MGY52,captcha_image,clean,227.844875,37.80349436539399,0.0,0.3398125,0.6782000042150587,0.0,0.0,True,False,1.0
captcha_image_clean_000999.png,train,GQ556,captcha_image,clean,220.697875,45.37976251022448,0.0,0.333875,0.6161907779751663,0.0,0.0,True,False,1.0
