filename,split,text,generator_name,difficulty,pixel_mean,pixel_std,background_std,foreground_fraction,fft_high_frequency_ratio,background_fft_high_frequency_ratio,declared_distortion_magnitude,declared_clean,suspicious_clean_mismatch,integrity_score
pil_controlled_clean_000000.png,train,ZQ78J,pil_controlled,clean,232.3374375,61.74155163610317,0.0,0.1373125,0.6871135586829215,0.0,0.0,True,False,1.0
pil_controlled_clean_000001.png,train,RWAAQ,pil_controlled,clean,215.595125,79.7698898471997,0.0,0.218875,0.690663821500005,0.0,0.0,True,False,1.0
pil_controlled_clean_000002.png,train,TWELA,pil_controlled,clean,223.377625,71.28545538438662,0.0,0.177125,0.6369301360217469,0.0,0.0,True,False,1.0
pil_controlled_clean_000003.png,train,87UM7,pil_controlled,clean,219.58325,78.49408142935046,0.0,0.19,0.678378900618732,0.0,0.0,True,False,1.0
pil_controlled_clean_000004.png,train,ZVU93,pil_controlled,clean,225.129875,70.52302377581647,0.0,0.1685625,0.6673782978500674,0.0,0.0,True,False,1.0
pil_controlled_clean_000005.png,train,8AAC9,pil_controlled,clean,225.870375,65.63679092063668,0.0,0.185125,0.687368267384195,0.0,0.0,True,False,1.0
pil_controlled_clean_000006.png,test,23UY7,pil_controlled,clean,229.534875,65.16443074050733,0.0,0.1476875,0.6652067719075935,0.0,0.0,True,False,1.0
pil_controlled_clean_000007.png,test,5ANVV,pil_controlled,clean,221.0695625,75.17081530460204,0.0,0.188125,0.679410487125634,0.0,0.0,True,False,1.0
pil_controlled_clean_000008.png,train,4DFZ8,pil_controlled,clean,228.428375,67.03107950689274,0.0,0.1504375,0.678667537724024,0.0,0.0,True,False,1.0
pil_controlled_clean_000009.png,val,X8SEC,pil_controlled,clean,228.3463125,64.55448671589252,0.0,0.167,0.685444800238427,0.0,0.0,True,False,1.0
pil_controlled_clean_000010.png,train,C5W8Q,pil_controlled,clean,207.069125,83.37362200800908,0.0,0.2698125,0.6672984061603494,0.0,0.0,True,False,1.0
pil_controlled_clean_000011.png,train,23A9J,pil_controlled,clean,226.7426875,68.69159139063052,0.0,0.162875,0.6617283247695152,0.0,0.0,True,False,1.0
pil_controlled_clean_000012.png,test,5B5XF,pil_controlled,clean,230.021,61.67317637352562,0.0,0.1645625,0.6855053173049639,0.0,0.0,True,False,1.0
pil_controlled_clean_000013.png,val,28L5D,pil_controlled,clean,227.169625,68.59488484835714,0.0,0.1580625,0.6601548019370627,0.0,0.0,True,False,1.0
pil_controlled_clean_000014.png,train,SJKR2,pil_controlled,clean,226.547125,67.62253529138326,0.0,0.1726875,0.6823638669989702,0.0,0.0,True,False,1.0
pil_controlled_clean_000015.png,train,2BF2R,pil_controlled,clean,224.0609375,71.73208556232764,0.0,0.16975,0.657213562328274,0.0,0.0,True,False,1.0
pil_controlled_clean_000016.png,train,C5BDM,pil_controlled,clean,219.5045625,70.7838142104789,0.0,0.22325,0.6652632211420766,0.0,0.0,True,False,1.0
pil_controlled_clean_000017.png,train,ETTE3,pil_controlled,clean,230.0208125,65.7891043740515,0.0,0.13775,0.6566676784208997,0.0,0.0,True,False,1.0
pil_controlled_clean_000018.png,test,CPM2S,pil_controlled,clean,225.1688125,70.6997971343613,0.0,0.1734375,0.6702718303233166,0.0,0.0,True,False,1.0
pil_controlled_clean_000019.png,train,XVXF6,pil_controlled,clean,227.219625,68.93645544890872,0.0,0.159125,0.7041023023532315,0.0,0.0,True,False,1.0
pil_controlled_clean_000020.png,test,HKEHR,pil_controlled,clean,218.4275625,75.69278203903323,0.0,0.207,0.6595312790704231,0.0,0.0,True,False,1.0
pil_controlled_clean_000021.png,train,6VAFF,pil_controlled,clean,226.1660625,69.70895377027325,0.0,0.1635,0.6795407684362487,0.0,0.0,True,False,1.0
pil_controlled_clean_000022.png,train,2JZDC,pil_controlled,clean,223.0728125,70.45183912319,0.0,0.1890625,0.6595401959167956,0.0,0.0,True,False,1.0
pil_controlled_clean_000023.png,train,ZNRSN,pil_controlled,clean,224.0505625,73.0668555566311,0.0,0.1688125,0.7002488408668657,0.0,0.0,True,False,1.0
pil_controlled_clean_000024.png,val,KMAYP,pil_controlled,clean,220.1421875,76.31346110100657,0.0,0.195375,0.689107881420466,0.0,0.0,True,False,1.0
pil_controlled_clean_000025.png,train,P5RWH,pil_controlled,clean,200.4655625,90.51922759313953,0.0,0.2849375,0.6506471188043145,0.0,0.0,True,False,1.0
pil_controlled_clean_000026.png,train,NQCAD,pil_controlled,clean,218.3464375,75.84575494751564,0.0,0.21325,0.6731309367046062,0.0,0.0,True,False,1.0
pil_controlled_clean_000027.png,test,BFFRV,pil_controlled,clean,220.0974375,75.46421465458707,0.0,0.1920625,0.6485942298245677,0.0,0.0,True,False,1.0
pil_controlled_clean_000028.png,train,MLYRQ,pil_controlled,clean,225.3074375,64.92213447418064,0.0,0.1956875,0.6941462974105651,0.0,0.0,True,False,1.0
pil_controlled_clean_000029.png,train,3WLUK,pil_controlled,clean,219.0254375,74.21882032499299,0.0,0.2101875,0.6694910795650456,0.0,0.0,True,False,1.0
pil_controlled_clean_000030.png,val,GVWTB,pil_controlled,clean,206.0389375,85.45994703000403,0.0,0.2664375,0.646938756004782,0.0,0.0,True,False,1.0
pil_controlled_clean_000031.png,train,CLVED,pil_controlled,clean,216.6784375,80.9719668160444,0.0,0.1973125,0.6259899585456159,0.0,0.0,True,False,1.0
pil_controlled_clean_000032.png,val,UMMCL,pil_controlled,clean,221.309,75.28365788137556,0.0,0.1880625,0.6881356741077518,0.0,0.0,True,False,1.0
pil_controlled_clean_000033.png,train,X3ZVM,pil_controlled,clean,221.5020625,73.67069631641941,0.0,0.1896875,0.6871858201869254,0.0,0.0,True,False,1.0
pil_controlled_clean_000034.png,val,5S79T,pil_controlled,clean,228.1766875,70.19389819654799,0.0,0.1416875,0.6822068603419893,0.0,0.0,True,False,1.0
pil_controlled_clean_000035.png,test,56HQG,pil_controlled,clean,226.544125,68.7009856405596,0.0,0.16675,0.6894381408417964,0.0,0.0,True,False,1.0
pil_controlled_clean_000036.png,train,RUSXK,pil_controlled,clean,225.71525,70.02574913870967,0.0,0.1675625,0.6906420786910782,0.0,0.0,True,False,1.0
pil_controlled_clean_000037.png,train,N9MPW,pil_controlled,clean,224.137625,67.17262228288676,0.0,0.194625,0.6922139189092152,0.0,0.0,True,False,1.0
pil_controlled_clean_000038.png,train,BYJX3,pil_controlled,clean,225.8645,70.36274592957554,0.0,0.1655625,0.6790013189368357,0.0,0.0,True,False,1.0
pil_controlled_clean_000039.png,val,FVY98,pil_controlled,clean,231.71725,58.76573770010464,0.0,0.1556875,0.6925510611852917,0.0,0.0,True,False,1.0
pil_controlled_clean_000040.png,train,L98WW,pil_controlled,clean,217.115375,76.67190612349073,0.0,0.2231875,0.6993825636696515,0.0,0.0,True,False,1.0
pil_controlled_clean_000041.png,train,2WV8D,pil_controlled,clean,229.3163125,64.16788631318896,0.0,0.1568125,0.6884878057578734,0.0,0.0,True,False,1.0
pil_controlled_clean_000042.png,train,DCBLX,pil_controlled,clean,214.84775,75.02959129528494,0.0,0.2470625,0.6440286488304808,0.0,0.0,True,False,1.0
pil_controlled_clean_000043.png,train,CCBRK,pil_controlled,clean,219.2434375,76.09184943660914,0.0,0.202125,0.6619774424107998,0.0,0.0,True,False,1.0
pil_controlled_clean_000044.png,train,7LHCG,pil_controlled,clean,229.150875,66.86870801603972,0.0,0.143,0.6564107382732174,0.0,0.0,True,False,1.0
pil_controlled_clean_000045.png,test,VTZ74,pil_controlled,clean,230.2573125,63.871538871216686,0.0,0.145,0.6754053787231453,0.0,0.0,True,False,1.0
pil_controlled_clean_000046.png,val,Q4JBP,pil_controlled,clean,218.4335625,76.7301706374917,0.0,0.206125,0.6524135748177476,0.0,0.0,True,False,1.0
pil_controlled_clean_000047.png,train,GFNRU,pil_controlled,clean,217.187625,77.72749624077295,0.0,0.214125,0.6830278918483546,0.0,0.0,True,False,1.0
pil_controlled_clean_000048.png,train,EMV2L,pil_controlled,clean,225.6095,69.65228556730928,0.0,0.1704375,0.671721866189814,0.0,0.0,True,False,1.0
pil_controlled_clean_000049.png,train,P95CW,pil_controlled,clean,225.524125,67.43788284773161,0.0,0.1815,0.6670663283388744,0.0,0.0,True,False,1.0
pil_controlled_clean_000050.png,val,TKQ8U,pil_controlled,clean,220.4465625,73.02867515184424,0.0,0.202875,0.6653450873761095,0.0,0.0,True,False,1.0
pil_controlled_clean_000051.png,train,Q3UXJ,pil_controlled,clean,215.20875,79.93850713790883,0.0,0.2221875,0.6557447759835199,0.0,0.0,True,False,1.0
pil_controlled_clean_000052.png,test,29SQ4,pil_controlled,clean,223.25775,75.28815022921934,0.0,0.171375,0.6675021637091851,0.0,0.0,True,False,1.0
pil_controlled_clean_000053.png,test,P2VC9,pil_controlled,clean,221.5461875,74.63862349155994,0.0,0.187625,0.6624302112047129,0.0,0.0,True,False,1.0
pil_controlled_clean_000054.png,test,U8MZU,pil_controlled,clean,217.6559375,72.12594147389754,0.0,0.23025,0.6693550331043864,0.0,0.0,True,False,1.0
pil_controlled_clean_000055.png,train,LF685,pil_controlled,clean,231.8794375,60.95583669496789,0.0,0.1414375,0.6747903732040932,0.0,0.0,True,False,1.0
pil_controlled_clean_000056.png,train,D3HUF,pil_controlled,clean,221.03325,75.19934520617517,0.0,0.189,0.6411135539156065,0.0,0.0,True,False,1.0
pil_controlled_clean_000057.png,val,WDZPR,pil_controlled,clean,217.0538125,77.08164286465906,0.0,0.2115,0.665217683131166,0.0,0.0,True,False,1.0
pil_controlled_clean_000058.png,test,AA8CV,pil_controlled,clean,219.3775625,73.10598476909121,0.0,0.210125,0.6752094953566384,0.0,0.0,True,False,1.0
pil_controlled_clean_000059.png,train,LF8JR,pil_controlled,clean,225.78325,70.40104327662694,0.0,0.1633125,0.659558886479609,0.0,0.0,True,False,1.0
pil_controlled_clean_000060.png,test,Q8KYN,pil_controlled,clean,219.124875,76.96330558281898,0.0,0.20025,0.6744249829678713,0.0,0.0,True,False,1.0
pil_controlled_clean_000061.png,train,HGKZ4,pil_controlled,clean,220.314375,74.13168211607892,0.0,0.2015,0.6682212893761317,0.0,0.0,True,False,1.0
pil_controlled_clean_000062.png,train,9BAKX,pil_controlled,clean,213.3376875,79.30216598335977,0.0,0.240125,0.6627540044549857,0.0,0.0,True,False,1.0
pil_controlled_clean_000063.png,train,FS8H9,pil_controlled,clean,231.9085625,61.70311946476931,0.0,0.141875,0.7131226735732583,0.0,0.0,True,False,1.0
pil_controlled_clean_000064.png,test,A576E,pil_controlled,clean,229.29125,65.87156669183982,0.0,0.1555,0.6935748797820256,0.0,0.0,True,False,1.0
pil_controlled_clean_000065.png,test,MKQ5K,pil_controlled,clean,221.822625,72.98104574551789,0.0,0.1953125,0.6991118902407006,0.0,0.0,True,False,1.0
pil_controlled_clean_000066.png,test,YXDQH,pil_controlled,clean,220.1748125,72.59107557468647,0.0,0.2095,0.6823540646449308,0.0,0.0,True,False,1.0
pil_controlled_clean_000067.png,train,LGRTJ,pil_controlled,clean,218.2329375,71.49669259917617,0.0,0.2241875,0.6390973186501772,0.0,0.0,True,False,1.0
pil_controlled_clean_000068.png,val,7GF5D,pil_controlled,clean,232.154375,59.058552880674064,0.0,0.147125,0.6717697559265716,0.0,0.0,True,False,1.0
pil_controlled_clean_000069.png,val,4XGKY,pil_controlled,clean,224.475625,71.32438331916634,0.0,0.171375,0.6761878658246361,0.0,0.0,True,False,1.0
pil_controlled_clean_000070.png,val,DEF8B,pil_controlled,clean,219.5370625,77.02347857225804,0.0,0.1944375,0.6668993011327462,0.0,0.0,True,False,1.0
pil_controlled_clean_000071.png,val,Z9HTS,pil_controlled,clean,232.243875,64.47549360016079,0.0,0.123875,0.6625414415238837,0.0,0.0,True,False,1.0
pil_controlled_clean_000072.png,train,KBGB8,pil_controlled,clean,220.9370625,75.27073950992572,0.0,0.1915,0.6652283497396285,0.0,0.0,True,False,1.0
pil_controlled_clean_000073.png,train,Z7GV9,pil_controlled,clean,225.6913125,66.56520787564135,0.0,0.182375,0.6585153980901814,0.0,0.0,True,False,1.0
pil_controlled_clean_000074.png,train,3Z7TY,pil_controlled,clean,233.660375,60.57611249378236,0.0,0.12325,0.6630336721801606,0.0,0.0,True,False,1.0
pil_controlled_clean_000075.png,val,VWSPJ,pil_controlled,clean,222.64025,71.29786343178525,0.0,0.194125,0.667802001700019,0.0,0.0,True,False,1.0
pil_controlled_clean_000076.png,train,2R4TT,pil_controlled,clean,232.54025,60.61948741896041,0.0,0.1325625,0.6795414667152535,0.0,0.0,True,False,1.0
pil_controlled_clean_000077.png,test,ZJPHA,pil_controlled,clean,229.85025,63.878069984443805,0.0,0.1464375,0.6591103324033631,0.0,0.0,True,False,1.0
pil_controlled_clean_000078.png,test,8TX3T,pil_controlled,clean,230.2950625,61.844976559305884,0.0,0.1563125,0.6509999360295702,0.0,0.0,True,False,1.0
pil_controlled_clean_000079.png,val,QRHVN,pil_controlled,clean,220.0380625,71.89897244569002,0.0,0.2135625,0.6865726360515755,0.0,0.0,True,False,1.0
pil_controlled_clean_000080.png,test,2BDQE,pil_controlled,clean,228.86,64.95118667122257,0.0,0.15925,0.6874148336326567,0.0,0.0,True,False,1.0
pil_controlled_clean_000081.png,train,2U4GG,pil_controlled,clean,219.7938125,75.58873129782538,0.0,0.1988125,0.6558524328318974,0.0,0.0,True,False,1.0
pil_controlled_clean_000082.png,train,TAURZ,pil_controlled,clean,228.405125,63.99126208893191,0.0,0.1673125,0.6736193235289356,0.0,0.0,True,False,1.0
pil_controlled_clean_000083.png,test,EHLYW,pil_controlled,clean,230.7160625,63.84992808920065,0.0,0.1413125,0.691678663212029,0.0,0.0,True,False,1.0
pil_controlled_clean_000084.png,train,QR4CS,pil_controlled,clean,220.456625,73.46475681310989,0.0,0.202125,0.6610831419451891,0.0,0.0,True,False,1.0
pil_controlled_clean_000085.png,train,6XTYJ,pil_controlled,clean,222.6206875,72.10924652586064,0.0,0.1869375,0.6584162138406624,0.0,0.0,True,False,1.0
pil_controlled_clean_000086.png,train,BHYXC,pil_controlled,clean,223.6559375,73.30557488006006,0.0,0.172125,0.6754651790584316,0.0,0.0,True,False,1.0
pil_controlled_clean_000087.png,train,8A79A,pil_controlled,clean,232.4925625,59.25902416243111,0.0,0.1439375,0.6850111266423543,0.0,0.0,True,False,1.0
pil_controlled_clean_000088.png,train,2XC58,pil_controlled,clean,221.26375,75.28117501034039,0.0,0.1889375,0.6637098747866553,0.0,0.0,True,False,1.0
pil_controlled_clean_000089.png,val,MMD64,pil_controlled,clean,212.3705625,81.30748041191286,0.0,0.2346875,0.6782459619326333,0.0,0.0,True,False,1.0
pil_controlled_clean_000090.png,train,Z5XVA,pil_controlled,clean,223.3296875,73.69741680447385,0.0,0.1715,0.6732152876967651,0.0,0.0,True,False,1.0
pil_controlled_clean_000091.png,val,V3BEM,pil_controlled,clean,213.9194375,82.38406443107547,0.0,0.221625,0.6865388283892315,0.0,0.0,True,False,1.0
pil_controlled_clean_000092.png,train,W8JBW,pil_controlled,clean,214.8489375,76.75198201102754,0.0,0.2395,0.6735177457114622,0.0,0.0,True,False,1.0
pil_controlled_clean_000093.png,test,654EX,pil_controlled,clean,219.1391875,76.81747808500252,0.0,0.1955,0.6565738540307628,0.0,0.0,True,False,1.0
pil_controlled_clean_000094.png,train,BSC3V,pil_controlled,clean,223.273125,72.54456838891782,0.0,0.1800625,0.6753835543937159,0.0,0.0,True,False,1.0
pil_controlled_clean_000095.png,train,NZEWD,pil_controlled,clean,228.0608125,67.38389729260132,0.0,0.155625,0.6978409167293768,0.0,0.0,True,False,1.0
pil_controlled_clean_000096.png,val,ANGME,pil_controlled,clean,210.4216875,84.53507107793988,0.0,0.2390625,0.670719702261053,0.0,0.0,True,False,1.0
pil_controlled_clean_000097.png,train,95QSE,pil_controlled,clean,216.0903125,77.74629191255582,0.0,0.225,0.6750393377208703,0.0,0.0,True,False,1.0
pil_controlled_clean_000098.png,test,Q6QP7,pil_controlled,clean,217.5706875,73.89925576944157,0.0,0.2273125,0.6582062000969355,0.0,0.0,True,False,1.0
pil_controlled_clean_000099.png,train,TCAJU,pil_controlled,clean,216.96375,76.22750363836862,0.0,0.2145,0.6513862875227185,0.0,0.0,True,False,1.0
pil_controlled_clean_000100.png,train,G5HCX,pil_controlled,clean,215.1453125,77.32581601106673,0.0,0.2293125,0.6563062716859025,0.0,0.0,True,False,1.0
pil_controlled_clean_000101.png,val,T26ZU,pil_controlled,clean,233.3665625,61.544443855100305,0.0,0.12875,0.6870213308248497,0.0,0.0,True,False,1.0
pil_controlled_clean_000102.png,train,SGEB9,pil_controlled,clean,210.0824375,82.69305074526271,0.0,0.253125,0.6616688458911645,0.0,0.0,True,False,1.0
pil_controlled_clean_000103.png,train,45C7J,pil_controlled,clean,225.6775625,66.3735929911783,0.0,0.1818125,0.6745998734351828,0.0,0.0,True,False,1.0
pil_controlled_clean_000104.png,train,45T8N,pil_controlled,clean,233.6755625,61.60632822858861,0.0,0.123625,0.6911314921795065,0.0,0.0,True,False,1.0
pil_controlled_clean_000105.png,train,JKYT2,pil_controlled,clean,225.5566875,68.36836283345787,0.0,0.1768125,0.6573154019645001,0.0,0.0,True,False,1.0
pil_controlled_clean_000106.png,train,Q5LLG,pil_controlled,clean,224.0720625,67.68585797266734,0.0,0.1925,0.6577618116967541,0.0,0.0,True,False,1.0
pil_controlled_clean_000107.png,val,ERAEJ,pil_controlled,clean,220.42125,75.7675420179215,0.0,0.1885625,0.6720388232803011,0.0,0.0,True,False,1.0
pil_controlled_clean_000108.png,train,N3QGS,pil_controlled,clean,226.532625,67.20752049145524,0.0,0.1746875,0.705317838498332,0.0,0.0,True,False,1.0
pil_controlled_clean_000109.png,train,PWL3H,pil_controlled,clean,218.33875,77.51427367548186,0.0,0.205,0.6700723108845855,0.0,0.0,True,False,1.0
pil_controlled_clean_000110.png,val,4YU5Z,pil_controlled,clean,225.55525,71.84055572890219,0.0,0.1596875,0.6628877277193599,0.0,0.0,True,False,1.0
pil_controlled_clean_000111.png,train,SW8KP,pil_controlled,clean,220.4104375,73.38925741250277,0.0,0.207375,0.6771560554709666,0.0,0.0,True,False,1.0
pil_controlled_clean_000112.png,train,2GP7M,pil_controlled,clean,220.892125,75.58304034626005,0.0,0.187,0.6753135291022058,0.0,0.0,True,False,1.0
pil_controlled_clean_000113.png,train,3B56F,pil_controlled,clean,218.16575,77.81135136943388,0.0,0.2018125,0.6580303310308554,0.0,0.0,True,False,1.0
pil_controlled_clean_000114.png,test,L8P9A,pil_controlled,clean,229.0213125,66.20350997701968,0.0,0.1494375,0.6682001571792122,0.0,0.0,True,False,1.0
pil_controlled_clean_000115.png,train,VWC3P,pil_controlled,clean,206.380125,79.00825751137899,0.0,0.2990625,0.656100224292074,0.0,0.0,True,False,1.0
pil_controlled_clean_000116.png,train,5ZQCS,pil_controlled,clean,225.767625,66.28891782839251,0.0,0.1843125,0.6793900284413317,0.0,0.0,True,False,1.0
pil_controlled_clean_000117.png,train,EQ7F7,pil_controlled,clean,227.1704375,71.07937474090915,0.0,0.1476875,0.6645462370527542,0.0,0.0,True,False,1.0
pil_controlled_clean_000118.png,train,JCN53,pil_controlled,clean,218.612125,74.3819176815466,0.0,0.214875,0.6554060471890715,0.0,0.0,True,False,1.0
pil_controlled_clean_000119.png,val,ZJGC5,pil_controlled,clean,223.450875,73.14291463794956,0.0,0.1783125,0.6538803667823091,0.0,0.0,True,False,1.0
pil_controlled_clean_000120.png,val,JTS4N,pil_controlled,clean,230.0481875,64.3517374704432,0.0,0.142875,0.6703992527677528,0.0,0.0,True,False,1.0
pil_controlled_clean_000121.png,train,RB83C,pil_controlled,clean,229.9643125,61.9253586093964,0.0,0.1583125,0.6648544983938881,0.0,0.0,True,False,1.0
pil_controlled_clean_000122.png,train,QP7JN,pil_controlled,clean,231.0701875,64.23378208711398,0.0,0.1413125,0.6818547605731481,0.0,0.0,True,False,1.0
pil_controlled_clean_000123.png,train,UDYHX,pil_controlled,clean,223.27625,70.62687208801972,0.0,0.1836875,0.6674156493094437,0.0,0.0,True,False,1.0
pil_controlled_clean_000124.png,test,C5TM3,pil_controlled,clean,220.955875,74.27373562023372,0.0,0.1919375,0.6490714754407152,0.0,0.0,True,False,1.0
pil_controlled_clean_000125.png,train,K4JRK,pil_controlled,clean,217.7214375,78.66900574834789,0.0,0.2014375,0.6610062136699011,0.0,0.0,True,False,1.0
pil_controlled_clean_000126.png,train,2HMBT,pil_controlled,clean,208.902,85.07202769418394,0.0,0.2438125,0.6325361479330327,0.0,0.0,True,False,1.0
pil_controlled_clean_000127.png,train,HZKCW,pil_controlled,clean,220.7753125,72.82719411749531,0.0,0.1988125,0.6697051357097029,0.0,0.0,True,False,1.0
pil_controlled_clean_000128.png,train,Z4AHA,pil_controlled,clean,225.9184375,69.22916679448477,0.0,0.1693125,0.6788574661147964,0.0,0.0,True,False,1.0
pil_controlled_clean_000129.png,val,K7UUK,pil_controlled,clean,225.639125,67.35998269918406,0.0,0.1813125,0.686926273197187,0.0,0.0,True,False,1.0
pil_controlled_clean_000130.png,train,CCRTG,pil_controlled,clean,218.813875,72.24841941166862,0.0,0.2231875,0.6464439450636901,0.0,0.0,True,False,1.0
pil_controlled_clean_000131.png,train,QWPMK,pil_controlled,clean,215.937875,78.84870728480192,0.0,0.2191875,0.6769504077323156,0.0,0.0,True,False,1.0
pil_controlled_clean_000132.png,train,X8JCF,pil_controlled,clean,226.1901875,67.299028716727,0.0,0.1735,0.6757228647099575,0.0,0.0,True,False,1.0
pil_controlled_clean_000133.png,train,9E7UH,pil_controlled,clean,234.39075,61.195216842801536,0.0,0.1158125,0.7048282173482803,0.0,0.0,True,False,1.0
pil_controlled_clean_000134.png,train,K67QY,pil_controlled,clean,221.652125,71.45125599305008,0.0,0.198,0.6736349049764725,0.0,0.0,True,False,1.0
pil_controlled_clean_000135.png,train,YVGUM,pil_controlled,clean,214.36525,82.33784726623293,0.0,0.217375,0.6746539706175556,0.0,0.0,True,False,1.0
pil_controlled_clean_000136.png,train,BPJ5R,pil_controlled,clean,233.561,60.2407339679722,0.0,0.128375,0.6822431017866685,0.0,0.0,True,False,1.0
pil_controlled_clean_000137.png,train,683PR,pil_controlled,clean,204.8894375,85.5687506536913,0.0,0.2781875,0.6476869681743657,0.0,0.0,True,False,1.0
pil_controlled_clean_000138.png,train,SDWQ3,pil_controlled,clean,218.330125,74.72552788361133,0.0,0.215375,0.6855136387808801,0.0,0.0,True,False,1.0
pil_controlled_clean_000139.png,train,J265S,pil_controlled,clean,232.1189375,62.50275527023664,0.0,0.1326875,0.685483392570188,0.0,0.0,True,False,1.0
pil_controlled_clean_000140.png,train,MM9PN,pil_controlled,clean,227.6158125,66.43247859642784,0.0,0.161875,0.7049459829617678,0.0,0.0,True,False,1.0
pil_controlled_clean_000141.png,train,W9CUE,pil_controlled,clean,216.2485625,79.13322961426252,0.0,0.215125,0.6655174085782841,0.0,0.0,True,False,1.0
pil_controlled_clean_000142.png,train,G8D6P,pil_controlled,clean,216.5749375,78.70534533544145,0.0,0.21775,0.6594982825688277,0.0,0.0,True,False,1.0
pil_controlled_clean_000143.png,train,7NWYZ,pil_controlled,clean,210.5140625,82.45516085877277,0.0,0.247,0.6764939732250855,0.0,0.0,True,False,1.0
pil_controlled_clean_000144.png,train,5353U,pil_controlled,clean,217.630125,75.55980788411505,0.0,0.217625,0.6674293155201074,0.0,0.0,True,False,1.0
pil_controlled_clean_000145.png,train,AKYWH,pil_controlled,clean,228.26325,65.80900355906857,0.0,0.1596875,0.6964618573657172,0.0,0.0,True,False,1.0
pil_controlled_clean_000146.png,train,LTDKG,pil_controlled,clean,220.1688125,78.33060985234216,0.0,0.1823125,0.6470234252305678,0.0,0.0,True,False,1.0
pil_controlled_clean_000147.png,train,GBD7G,pil_controlled,clean,222.2725,74.94894341316628,0.0,0.1798125,0.6697339406200543,0.0,0.0,True,False,1.0
pil_controlled_clean_000148.png,val,H7ARU,pil_controlled,clean,225.6495625,68.61329594953587,0.0,0.1761875,0.6912863163628805,0.0,0.0,True,False,1.0
pil_controlled_clean_000149.png,train,RFJPN,pil_controlled,clean,218.4383125,77.69593261331217,0.0,0.1965625,0.6507498048973799,0.0,0.0,True,False,1.0
pil_controlled_clean_000150.png,train,FWVPS,pil_controlled,clean,229.402,65.78995759992554,0.0,0.151625,0.6889261347913279,0.0,0.0,True,False,1.0
pil_controlled_clean_000151.png,train,565MS,pil_controlled,clean,219.0469375,76.81992000367543,0.0,0.2031875,0.6836292305488306,0.0,0.0,True,False,1.0
pil_controlled_clean_000152.png,train,KZSAT,pil_controlled,clean,216.9599375,79.67580220804867,0.0,0.2063125,0.6625250947591407,0.0,0.0,True,False,1.0
pil_controlled_clean_000153.png,val,DRZCQ,pil_controlled,clean,220.9954375,73.29008658531926,0.0,0.194375,0.6537100117033875,0.0,0.0,True,False,1.0
pil_controlled_clean_000154.png,val,PFWF9,pil_controlled,clean,230.4360625,59.56386729382247,0.0,0.164125,0.6893625889287157,0.0,0.0,True,False,1.0
pil_controlled_clean_000155.png,train,9PMU5,pil_controlled,clean,219.0371875,75.89093031838418,0.0,0.2056875,0.678141364800381,0.0,0.0,True,False,1.0
pil_controlled_clean_000156.png,train,UXMFE,pil_controlled,clean,219.2784375,76.21514226227355,0.0,0.201375,0.6791294557085372,0.0,0.0,True,False,1.0
pil_controlled_clean_000157.png,test,ELGUL,pil_controlled,clean,223.2678125,71.60324426284639,0.0,0.1849375,0.6489290269550465,0.0,0.0,True,False,1.0
pil_controlled_clean_000158.png,val,XKP3D,pil_controlled,clean,228.1775,65.37060592307525,0.0,0.1606875,0.676749982206365,0.0,0.0,True,False,1.0
pil_controlled_clean_000159.png,test,BKKV9,pil_controlled,clean,221.832875,70.77295347966182,0.0,0.1995,0.680533689143661,0.0,0.0,True,False,1.0
pil_controlled_clean_000160.png,train,WVQRM,pil_controlled,clean,201.6150625,88.91266437139929,0.0,0.28775,0.6707985712118318,0.0,0.0,True,False,1.0
pil_controlled_clean_000161.png,test,37AZE,pil_controlled,clean,227.9919375,66.49378446513698,0.0,0.1555625,0.6667296813897098,0.0,0.0,True,False,1.0
pil_controlled_clean_000162.png,train,T2WGW,pil_controlled,clean,223.359625,71.6655289861128,0.0,0.1835,0.6673613032538979,0.0,0.0,True,False,1.0
pil_controlled_clean_000163.png,train,BN9UR,pil_controlled,clean,214.8681875,82.80342120326216,0.0,0.21025,0.6651731596831224,0.0,0.0,True,False,1.0
pil_controlled_clean_000164.png,train,ZZA39,pil_controlled,clean,229.4226875,62.55020801546022,0.0,0.1595625,0.6816851627429814,0.0,0.0,True,False,1.0
pil_controlled_clean_000165.png,train,8K48H,pil_controlled,clean,228.47425,66.95430689610266,0.0,0.1548125,0.70499293480752,0.0,0.0,True,False,1.0
pil_controlled_clean_000166.png,train,A6DW3,pil_controlled,clean,212.456375,77.65074031752289,0.0,0.2544375,0.6543900525706831,0.0,0.0,True,False,1.0
pil_controlled_clean_000167.png,val,GPYUM,pil_controlled,clean,216.3355625,79.17349910360534,0.0,0.214125,0.6713378103967926,0.0,0.0,True,False,1.0
pil_controlled_clean_000168.png,train,8H93D,pil_controlled,clean,233.534,59.44925856560366,0.0,0.1345625,0.705023717686454,0.0,0.0,True,False,1.0
pil_controlled_clean_000169.png,test,UDTM7,pil_controlled,clean,221.88475,71.31254425020538,0.0,0.1954375,0.6587333798603087,0.0,0.0,True,False,1.0
pil_controlled_clean_000170.png,train,BDL4E,pil_controlled,clean,221.7273125,70.29509285168733,0.0,0.20075,0.6550060058457036,0.0,0.0,True,False,1.0
pil_controlled_clean_000171.png,train,MXDKC,pil_controlled,clean,218.2741875,71.80429833035654,0.0,0.2318125,0.6915185111012834,0.0,0.0,True,False,1.0
pil_controlled_clean_000172.png,val,UBWQ2,pil_controlled,clean,211.44225,81.00934924400701,0.0,0.2470625,0.6534311617177656,0.0,0.0,True,False,1.0
pil_controlled_clean_000173.png,train,BK8H9,pil_controlled,clean,214.02025,83.04320992674536,0.0,0.2166875,0.665486978265401,0.0,0.0,True,False,1.0
pil_controlled_clean_000174.png,train,9ARE9,pil_controlled,clean,222.460125,70.21624302812259,0.0,0.191125,0.6680129359824629,0.0,0.0,True,False,1.0
pil_controlled_clean_000175.png,train,C79SL,pil_controlled,clean,229.1704375,67.36236533524186,0.0,0.14575,0.6863904118441538,0.0,0.0,True,False,1.0
pil_controlled_clean_000176.png,train,ZNNFZ,pil_controlled,clean,231.5485625,60.27724812633365,0.0,0.1445625,0.6947519593647582,0.0,0.0,True,False,1.0
pil_controlled_clean_000177.png,test,N8STD,pil_controlled,clean,212.710625,79.87381070857566,0.0,0.2376875,0.6526892457196776,0.0,0.0,True,False,1.0
pil_controlled_clean_000178.png,train,N6YWA,pil_controlled,clean,222.4555625,67.41811533489047,0.0,0.2085,0.6968921402517481,0.0,0.0,True,False,1.0
pil_controlled_clean_000179.png,train,29L4G,pil_controlled,clean,225.97225,65.90204932274489,0.0,0.1788125,0.6565530652875625,0.0,0.0,True,False,1.0
pil_controlled_clean_000180.png,train,PC39U,pil_controlled,clean,225.4386875,71.19509369175198,0.0,0.166375,0.6427317721837483,0.0,0.0,True,False,1.0
pil_controlled_clean_000181.png,test,XWF8B,pil_controlled,clean,213.98375,80.56698291445137,0.0,0.22825,0.6689959051635107,0.0,0.0,True,False,1.0
pil_controlled_clean_000182.png,train,CET4S,pil_controlled,clean,220.4005625,73.35736065442644,0.0,0.201625,0.6542818959774955,0.0,0.0,True,False,1.0
pil_controlled_clean_000183.png,train,WSVBM,pil_controlled,clean,218.455875,77.75227683472924,0.0,0.202,0.7089881559865643,0.0,0.0,True,False,1.0
pil_controlled_clean_000184.png,test,94FNP,pil_controlled,clean,219.851375,74.40371066424963,0.0,0.2005625,0.669375566668482,0.0,0.0,True,False,1.0
pil_controlled_clean_000185.png,train,4VU5X,pil_controlled,clean,224.32725,71.56934422249165,0.0,0.1755,0.676760141805158,0.0,0.0,True,False,1.0
pil_controlled_clean_000186.png,train,B3R7N,pil_controlled,clean,223.440125,69.96979287509986,0.0,0.1910625,0.6850918503820136,0.0,0.0,True,False,1.0
pil_controlled_clean_000187.png,test,23F3K,pil_controlled,clean,222.7333125,72.49578567252956,0.0,0.1880625,0.6767616068863901,0.0,0.0,True,False,1.0
pil_controlled_clean_000188.png,train,5Z7AZ,pil_controlled,clean,224.88275,71.52272280497647,0.0,0.167,0.6680549354056429,0.0,0.0,True,False,1.0
pil_controlled_clean_000189.png,val,MUSTW,pil_controlled,clean,225.9971875,68.9075788980417,0.0,0.1720625,0.6758332976092729,0.0,0.0,True,False,1.0
pil_controlled_clean_000190.png,train,TUPVY,pil_controlled,clean,230.81875,65.65140248644731,0.0,0.134125,0.6655696551649798,0.0,0.0,True,False,1.0
pil_controlled_clean_000191.png,val,8P2NZ,pil_controlled,clean,223.951,73.01631049977807,0.0,0.174125,0.6807650843989019,0.0,0.0,True,False,1.0
pil_controlled_clean_000192.png,train,9JHN3,pil_controlled,clean,231.7321875,59.08893795766551,0.0,0.1520625,0.6915730145674476,0.0,0.0,True,False,1.0
pil_controlled_clean_000193.png,train,2N96V,pil_controlled,clean,224.9995,70.47178424554042,0.0,0.1721875,0.6766627800484576,0.0,0.0,True,False,1.0
pil_controlled_clean_000194.png,train,RKHD7,pil_controlled,clean,219.2441875,77.09540638043777,0.0,0.196,0.6697413207413697,0.0,0.0,True,False,1.0
pil_controlled_clean_000195.png,train,9NAYU,pil_controlled,clean,224.789375,69.43550973464063,0.0,0.1773125,0.6935966868546445,0.0,0.0,True,False,1.0
pil_controlled_clean_000196.png,train,85BFF,pil_controlled,clean,232.623875,61.59921898842853,0.0,0.13025,0.6669630805519042,0.0,0.0,True,False,1.0
pil_controlled_clean_000197.png,val,49K7S,pil_controlled,clean,218.662,76.55723353152203,0.0,0.2026875,0.6524005983548868,0.0,0.0,True,False,1.0
pil_controlled_clean_000198.png,train,JNM9H,pil_controlled,clean,221.0506875,72.94498435997737,0.0,0.1954375,0.677789446179069,0.0,0.0,True,False,1.0
pil_controlled_clean_000199.png,train,TMAS8,pil_controlled,clean,222.5486875,72.31978639713577,0.0,0.1860625,0.6670958898370978,0.0,0.0,True,False,1.0
pil_controlled_clean_000200.png,train,E6EK6,pil_controlled,clean,220.755375,75.13959447993697,0.0,0.19225,0.6731782274610821,0.0,0.0,True,False,1.0
pil_controlled_clean_000201.png,train,EUR5D,pil_controlled,clean,218.550375,76.86113590338992,0.0,0.2008125,0.6487360022260502,0.0,0.0,True,False,1.0
pil_controlled_clean_000202.png,train,DZMT9,pil_controlled,clean,211.87675,82.18863628530103,0.0,0.237125,0.6615577953347042,0.0,0.0,True,False,1.0
pil_controlled_clean_000203.png,train,E9AVU,pil_controlled,clean,229.10575,62.07384265483731,0.0,0.1691875,0.6905626105425285,0.0,0.0,True,False,1.0
pil_controlled_clean_000204.png,val,L292V,pil_controlled,clean,223.0115625,71.74097019004269,0.0,0.181375,0.6552465419150714,0.0,0.0,True,False,1.0
pil_controlled_clean_000205.png,train,VZ736,pil_controlled,clean,224.082125,68.8133553932983,0.0,0.1865,0.6552187089888326,0.0,0.0,True,False,1.0
pil_controlled_clean_000206.png,train,GYBFL,pil_controlled,clean,222.66875,69.48711498139421,0.0,0.1931875,0.6520557341055868,0.0,0.0,True,False,1.0
pil_controlled_clean_000207.png,train,RENHK,pil_controlled,clean,228.1955625,64.96555389441849,0.0,0.162375,0.7092137977613721,0.0,0.0,True,False,1.0
pil_controlled_clean_000208.png,val,R23Q5,pil_controlled,clean,215.1523125,76.00957004484596,0.0,0.240625,0.6449845559076213,0.0,0.0,True,False,1.0
pil_controlled_clean_000209.png,train,F28NB,pil_controlled,clean,225.9735,67.7701274364303,0.0,0.1783125,0.6877697836478874,0.0,0.0,True,False,1.0
pil_controlled_clean_000210.png,train,HZRCV,pil_controlled,clean,213.0625,77.56192747572742,0.0,0.24325,0.6566322039928887,0.0,0.0,True,False,1.0
pil_controlled_clean_000211.png,test,ZMPBA,pil_controlled,clean,208.6760625,81.22607572076896,0.0,0.2631875,0.6402792887542804,0.0,0.0,True,False,1.0
pil_controlled_clean_000212.png,val,A3TJJ,pil_controlled,clean,219.659875,73.45672154394298,0.0,0.2051875,0.6549540309050697,0.0,0.0,True,False,1.0
pil_controlled_clean_000213.png,train,ZYH54,pil_controlled,clean,231.9875,59.88793049313025,0.0,0.142375,0.6854255491647863,0.0,0.0,True,False,1.0
pil_controlled_clean_000214.png,train,YTB2M,pil_controlled,clean,220.8345,74.58382606001116,0.0,0.1985625,0.6793759614428071,0.0,0.0,True,False,1.0
pil_controlled_clean_000215.png,train,BPCVA,pil_controlled,clean,212.7829375,79.27439574901277,0.0,0.24325,0.6472740455813878,0.0,0.0,True,False,1.0
pil_controlled_clean_000216.png,val,R9HSC,pil_controlled,clean,210.3413125,83.55050684033786,0.0,0.242125,0.6677500809386528,0.0,0.0,True,False,1.0
pil_controlled_clean_000217.png,train,MZC5D,pil_controlled,clean,219.230625,72.48897631439814,0.0,0.214125,0.6712206710232649,0.0,0.0,True,False,1.0
pil_controlled_clean_000218.png,val,FHF3Z,pil_controlled,clean,231.43025,60.29127018016373,0.0,0.1476875,0.6743843686772222,0.0,0.0,True,False,1.0
pil_controlled_clean_000219.png,val,PH4PS,pil_controlled,clean,229.98875,67.55453999130998,0.0,0.13425,0.6882494819101267,0.0,0.0,True,False,1.0
pil_controlled_clean_000220.png,train,KNZSY,pil_controlled,clean,221.2036875,70.56446750243599,0.0,0.2023125,0.6750880104729804,0.0,0.0,True,False,1.0
pil_controlled_clean_000221.png,train,P25X5,pil_controlled,clean,218.1820625,78.51835957752871,0.0,0.20175,0.6574711127458286,0.0,0.0,True,False,1.0
pil_controlled_clean_000222.png,test,JG423,pil_controlled,clean,227.0045,69.07433752668207,0.0,0.1576875,0.6668167074809717,0.0,0.0,True,False,1.0
pil_controlled_clean_000223.png,val,XKFAF,pil_controlled,clean,223.14825,71.44739688706301,0.0,0.18675,0.681258924721791,0.0,0.0,True,False,1.0
pil_controlled_clean_000224.png,train,2LLHP,pil_controlled,clean,223.50275,75.48511603248352,0.0,0.1611875,0.6396056860953406,0.0,0.0,True,False,1.0
pil_controlled_clean_000225.png,train,GCX53,pil_controlled,clean,223.3989375,73.16917066887592,0.0,0.1774375,0.6839419342491752,0.0,0.0,True,False,1.0
pil_controlled_clean_000226.png,train,FGJH3,pil_controlled,clean,229.3018125,64.81076470552438,0.0,0.1509375,0.6667193571599892,0.0,0.0,True,False,1.0
pil_controlled_clean_000227.png,train,DBMFH,pil_controlled,clean,219.3705625,77.09080762927312,0.0,0.1951875,0.6755418172361088,0.0,0.0,True,False,1.0
pil_controlled_clean_000228.png,train,MTJ8C,pil_controlled,clean,226.298375,66.13335654085142,0.0,0.1765625,0.6689226101997621,0.0,0.0,True,False,1.0
pil_controlled_clean_000229.png,test,773XS,pil_controlled,clean,236.444,54.380426064899495,0.0,0.124,0.705872067439371,0.0,0.0,True,False,1.0
pil_controlled_clean_000230.png,train,TZPRX,pil_controlled,clean,226.570625,70.32250537423546,0.0,0.1595,0.674642702170521,0.0,0.0,True,False,1.0
pil_controlled_clean_000231.png,test,6XSK9,pil_controlled,clean,216.3464375,80.92416306986804,0.0,0.207125,0.6629318473136032,0.0,0.0,True,False,1.0
pil_controlled_clean_000232.png,train,XU3NR,pil_controlled,clean,229.0619375,64.71541722222065,0.0,0.1583125,0.6920150543193693,0.0,0.0,True,False,1.0
pil_controlled_clean_000233.png,train,JC74J,pil_controlled,clean,230.183125,67.81748642669068,0.0,0.1334375,0.670153394217273,0.0,0.0,True,False,1.0
pil_controlled_clean_000234.png,val,MAAWX,pil_controlled,clean,217.0034375,77.77068808801677,0.0,0.2141875,0.6989158660791629,0.0,0.0,True,False,1.0
pil_controlled_clean_000235.png,train,BACC2,pil_controlled,clean,226.029875,65.61794043921505,0.0,0.18225,0.6567366695365967,0.0,0.0,True,False,1.0
pil_controlled_clean_000236.png,train,8Y9BJ,pil_controlled,clean,225.1873125,67.16212084596008,0.0,0.1865,0.6699460629561056,0.0,0.0,True,False,1.0
pil_controlled_clean_000237.png,train,LXHQJ,pil_controlled,clean,221.4495,71.92292541151257,0.0,0.2005,0.683763989627096,0.0,0.0,True,False,1.0
pil_controlled_clean_000238.png,test,TGVAM,pil_controlled,clean,224.59325,72.20281715028507,0.0,0.172875,0.7007795090407405,0.0,0.0,True,False,1.0
pil_controlled_clean_000239.png,val,EHN87,pil_controlled,clean,216.163875,79.13025271654561,0.0,0.2121875,0.6655986526111255,0.0,0.0,True,False,1.0
pil_controlled_clean_000240.png,train,U7WPE,pil_controlled,clean,223.074375,69.75100424624276,0.0,0.193375,0.6652177523549858,0.0,0.0,True,False,1.0
pil_controlled_clean_000241.png,train,PX7G3,pil_controlled,clean,226.5709375,66.2190831095621,0.0,0.1751875,0.6594609392582608,0.0,0.0,True,False,1.0
pil_controlled_clean_000242.png,train,SC5M4,pil_controlled,clean,227.48,64.3851242524234,0.0,0.1735,0.7013452868839848,0.0,0.0,True,False,1.0
pil_controlled_clean_000243.png,train,6WTF5,pil_controlled,clean,223.2228125,71.67920840166863,0.0,0.1796875,0.6689057499841288,0.0,0.0,True,False,1.0
pil_controlled_clean_000244.png,test,HM9XS,pil_controlled,clean,204.918625,83.31047805113937,0.0,0.285375,0.6584311618215543,0.0,0.0,True,False,1.0
pil_controlled_clean_000245.png,train,BSEA7,pil_controlled,clean,225.329625,67.19204359415909,0.0,0.180875,0.6705688397040105,0.0,0.0,True,False,1.0
pil_controlled_clean_000246.png,test,5K249,pil_controlled,clean,227.1125625,66.28164163011951,0.0,0.1698125,0.6733860016995883,0.0,0.0,True,False,1.0
pil_controlled_clean_000247.png,train,LSKG6,pil_controlled,clean,230.6909375,63.08097607734914,0.0,0.1500625,0.6878926462644649,0.0,0.0,True,False,1.0
pil_controlled_clean_000248.png,train,FZVW5,pil_controlled,clean,221.892,70.82242378653811,0.0,0.2031875,0.6804175621890506,0.0,0.0,True,False,1.0
pil_controlled_clean_000249.png,test,98JR7,pil_controlled,clean,231.1295,63.23305883594435,0.0,0.14225,0.6739956986843776,0.0,0.0,True,False,1.0
pil_controlled_clean_000250.png,train,N9W7J,pil_controlled,clean,215.0371875,77.42337295410117,0.0,0.2345,0.6902107222724069,0.0,0.0,True,False,1.0
pil_controlled_clean_000251.png,train,BTW93,pil_controlled,clean,222.087875,69.04000672062811,0.0,0.2046875,0.6671493808832663,0.0,0.0,True,False,1.0
pil_controlled_clean_000252.png,test,4TWT7,pil_controlled,clean,222.0761875,73.96491741335782,0.0,0.1834375,0.6809187269241213,0.0,0.0,True,False,1.0
pil_controlled_clean_000253.png,train,HHYP2,pil_controlled,clean,229.220625,67.23504071248395,0.0,0.142,0.6830024067398988,0.0,0.0,True,False,1.0
pil_controlled_clean_000254.png,train,J6PNV,pil_controlled,clean,225.5218125,70.76808354911728,0.0,0.1670625,0.6927256950251666,0.0,0.0,True,False,1.0
pil_controlled_clean_000255.png,train,NDS5P,pil_controlled,clean,225.6434375,68.41925022012148,0.0,0.17725,0.6807236543317855,0.0,0.0,True,False,1.0
pil_controlled_clean_000256.png,test,FAKEZ,pil_controlled,clean,226.589,68.50763336300562,0.0,0.1621875,0.6648694303940705,0.0,0.0,True,False,1.0
pil_controlled_clean_000257.png,train,7Z7LK,pil_controlled,clean,226.1871875,69.03358800859075,0.0,0.163375,0.6693494434539219,0.0,0.0,True,False,1.0
pil_controlled_clean_000258.png,train,HGYLY,pil_controlled,clean,232.181125,58.543808970158196,0.0,0.1456875,0.6717427700914762,0.0,0.0,True,False,1.0
pil_controlled_clean_000259.png,val,HK58D,pil_controlled,clean,221.1983125,74.20357460831886,0.0,0.1853125,0.6630207939483211,0.0,0.0,True,False,1.0
pil_controlled_clean_000260.png,train,LLPY2,pil_controlled,clean,227.4775625,65.50374127909485,0.0,0.161375,0.638356637245873,0.0,0.0,True,False,1.0
pil_controlled_clean_000261.png,train,KLFMT,pil_controlled,clean,218.587875,75.60174702336167,0.0,0.202,0.6465714191057823,0.0,0.0,True,False,1.0
pil_controlled_clean_000262.png,val,S255B,pil_controlled,clean,220.9796875,74.5500169342861,0.0,0.192375,0.6576445725971607,0.0,0.0,True,False,1.0
pil_controlled_clean_000263.png,test,AEX5Q,pil_controlled,clean,223.638,72.78062383629313,0.0,0.176375,0.6876222332665991,0.0,0.0,True,False,1.0
pil_controlled_clean_000264.png,train,TPD67,pil_controlled,clean,224.6660625,70.23121580355912,0.0,0.1709375,0.6547662459427057,0.0,0.0,True,False,1.0
pil_controlled_clean_000265.png,train,AR7AC,pil_controlled,clean,231.73575,59.58979398300937,0.0,0.151375,0.6879056443624593,0.0,0.0,True,False,1.0
pil_controlled_clean_000266.png,val,SN36N,pil_controlled,clean,219.45225,75.3775975999335,0.0,0.2093125,0.6690943044224248,0.0,0.0,True,False,1.0
pil_controlled_clean_000267.png,train,7RBW4,pil_controlled,clean,223.06525,72.21437611333009,0.0,0.184,0.6865301197040639,0.0,0.0,True,False,1.0
pil_controlled_clean_000268.png,train,HLGU7,pil_controlled,clean,236.1591875,55.56392014463922,0.0,0.1175,0.7090397847149279,0.0,0.0,True,False,1.0
pil_controlled_clean_000269.png,val,NJYYK,pil_controlled,clean,225.3190625,70.00413388951465,0.0,0.1725625,0.6878750493404924,0.0,0.0,True,False,1.0
pil_controlled_clean_000270.png,train,A5MZC,pil_controlled,clean,210.5801875,84.37275816260154,0.0,0.2375,0.6589535896073911,0.0,0.0,True,False,1.0
pil_controlled_clean_000271.png,train,A85MH,pil_controlled,clean,221.017125,76.33413526551784,0.0,0.1865625,0.6994539127974497,0.0,0.0,True,False,1.0
pil_controlled_clean_000272.png,train,DZCGY,pil_controlled,clean,218.14825,77.28524695527277,0.0,0.2046875,0.6563694591332405,0.0,0.0,True,False,1.0
pil_controlled_clean_000273.png,train,JXKMN,pil_controlled,clean,218.94975,76.04421723535262,0.0,0.2039375,0.6815811021560677,0.0,0.0,True,False,1.0
pil_controlled_clean_000274.png,train,Q6QEM,pil_controlled,clean,226.0913125,65.74183199856347,0.0,0.1869375,0.6827890564399114,0.0,0.0,True,False,1.0
pil_controlled_clean_000275.png,train,9KSBD,pil_controlled,clean,227.2784375,68.74882206306224,0.0,0.1596875,0.6761886802034438,0.0,0.0,True,False,1.0
pil_controlled_clean_000276.png,train,VPZ4Z,pil_controlled,clean,231.375625,61.20324873615268,0.0,0.1474375,0.6765234832843308,0.0,0.0,True,False,1.0
pil_controlled_clean_000277.png,train,8WCL9,pil_controlled,clean,224.0234375,67.4758115044465,0.0,0.194625,0.6776268184627328,0.0,0.0,True,False,1.0
pil_controlled_clean_000278.png,train,KBTZU,pil_controlled,clean,225.9005625,66.76465419429351,0.0,0.1774375,0.6346283326987506,0.0,0.0,True,False,1.0
pil_controlled_clean_000279.png,train,MS5SA,pil_controlled,clean,223.906375,70.26095366104401,0.0,0.189625,0.6895367642824646,0.0,0.0,True,False,1.0
pil_controlled_clean_000280.png,train,M9YFK,pil_controlled,clean,209.656625,80.68763671473701,0.0,0.2585625,0.6593910048363679,0.0,0.0,True,False,1.0
pil_controlled_clean_000281.png,train,XEMS6,pil_controlled,clean,224.239875,67.07954762805407,0.0,0.1945625,0.682961094223409,0.0,0.0,True,False,1.0
pil_controlled_clean_000282.png,train,TX8BG,pil_controlled,clean,230.499375,64.02039908973839,0.0,0.148,0.6828728463272715,0.0,0.0,True,False,1.0
pil_controlled_clean_000283.png,val,3PG9F,pil_controlled,clean,223.6495625,70.3031925381671,0.0,0.1851875,0.6689663324879108,0.0,0.0,True,False,1.0
pil_controlled_clean_000284.png,train,7YSAS,pil_controlled,clean,220.1410625,76.81682132756532,0.0,0.1895,0.6764506642826499,0.0,0.0,True,False,1.0
pil_controlled_clean_000285.png,train,ZEKGR,pil_controlled,clean,221.288375,70.28808462221299,0.0,0.2064375,0.6555886005808921,0.0,0.0,True,False,1.0
pil_controlled_clean_000286.png,train,ZBNSH,pil_controlled,clean,220.4781875,74.24947490868095,0.0,0.1946875,0.6640410953937086,0.0,0.0,True,False,1.0
pil_controlled_clean_000287.png,train,8PR6X,pil_controlled,clean,222.918625,71.9578956967849,0.0,0.187875,0.6887225594251942,0.0,0.0,True,False,1.0
pil_controlled_clean_000288.png,train,N74TX,pil_controlled,clean,229.7950625,63.69094078533535,0.0,0.155,0.6938094803012167,0.0,0.0,True,False,1.0
pil_controlled_clean_000289.png,train,6ZKDS,pil_controlled,clean,227.1963125,67.63073745644317,0.0,0.1615625,0.6952717134638827,0.0,0.0,True,False,1.0
pil_controlled_clean_000290.png,train,YBP69,pil_controlled,clean,217.2793125,77.48294520103985,0.0,0.21225,0.6329632171256969,0.0,0.0,True,False,1.0
pil_controlled_clean_000291.png,train,PDPPE,pil_controlled,clean,227.9903125,65.21495778310634,0.0,0.1588125,0.6553556793050491,0.0,0.0,True,False,1.0
pil_controlled_clean_000292.png,val,XZEHN,pil_controlled,clean,224.4195,72.72421291942595,0.0,0.1653125,0.6818429379988874,0.0,0.0,True,False,1.0
pil_controlled_clean_000293.png,train,5XX5E,pil_controlled,clean,224.437,70.41075667822354,0.0,0.1745,0.6717880774146531,0.0,0.0,True,False,1.0
pil_controlled_clean_000294.png,train,RUR3N,pil_controlled,clean,221.022875,76.91063711694486,0.0,0.1898125,0.6858925527883221,0.0,0.0,True,False,1.0
pil_controlled_clean_000295.png,test,T6NHQ,pil_controlled,clean,227.684625,66.48547990809253,0.0,0.1659375,0.6923432621205527,0.0,0.0,True,False,1.0
pil_controlled_clean_000296.png,val,ATGFJ,pil_controlled,clean,228.8273125,66.5337592243768,0.0,0.1478125,0.6527827436798804,0.0,0.0,True,False,1.0
pil_controlled_clean_000297.png,val,WXKMJ,pil_controlled,clean,218.057125,76.0900994659251,0.0,0.21475,0.7027687748550588,0.0,0.0,True,False,1.0
pil_controlled_clean_000298.png,train,NXXVH,pil_controlled,clean,222.7083125,73.33209806014241,0.0,0.18325,0.6938769071326487,0.0,0.0,True,False,1.0
pil_controlled_clean_000299.png,test,A8LKY,pil_controlled,clean,229.5215625,62.99611920633361,0.0,0.1588125,0.6899792843877698,0.0,0.0,True,False,1.0
pil_controlled_clean_000300.png,test,4RZTM,pil_controlled,clean,213.749875,82.77973748136904,0.0,0.214875,0.6500700745092923,0.0,0.0,True,False,1.0
pil_controlled_clean_000301.png,val,TFZEL,pil_controlled,clean,231.39175,67.16024889722713,0.0,0.1185,0.6572664289986765,0.0,0.0,True,False,1.0
pil_controlled_clean_000302.png,train,SSBZS,pil_controlled,clean,221.28275,73.2062065499743,0.0,0.2015625,0.6623783477320146,0.0,0.0,True,False,1.0
pil_controlled_clean_000303.png,train,7JWC8,pil_controlled,clean,234.099625,58.66898946512865,0.0,0.130875,0.7011016570279128,0.0,0.0,True,False,1.0
pil_controlled_clean_000304.png,train,PJS72,pil_controlled,clean,233.5444375,57.28701009224163,0.0,0.1379375,0.6637820217210193,0.0,0.0,True,False,1.0
pil_controlled_clean_000305.png,train,WCUSS,pil_controlled,clean,223.7734375,72.36921898800341,0.0,0.18075,0.6826599777212776,0.0,0.0,True,False,1.0
pil_controlled_clean_000306.png,train,33FWG,pil_controlled,clean,217.7289375,76.72546651940993,0.0,0.21425,0.6569010232289779,0.0,0.0,True,False,1.0
pil_controlled_clean_000307.png,train,V6Q65,pil_controlled,clean,225.32625,70.27883170583799,0.0,0.1699375,0.6699457478619556,0.0,0.0,True,False,1.0
pil_controlled_clean_000308.png,train,F3VVU,pil_controlled,clean,229.2936875,66.34921484201861,0.0,0.148875,0.6895786548676022,0.0,0.0,True,False,1.0
pil_controlled_clean_000309.png,train,NTUA9,pil_controlled,clean,230.866375,61.47599445604256,0.0,0.1498125,0.693835677334845,0.0,0.0,True,False,1.0
pil_controlled_clean_000310.png,train,XBUU7,pil_controlled,clean,224.709625,69.768497062495,0.0,0.1763125,0.6613043274008128,0.0,0.0,True,False,1.0
pil_controlled_clean_000311.png,train,7N3MV,pil_controlled,clean,221.5895625,73.7016967481658,0.0,0.19175,0.6982229006821974,0.0,0.0,True,False,1.0
pil_controlled_clean_000312.png,train,MQYMM,pil_controlled,clean,208.139125,85.04818865933817,0.0,0.2629375,0.7014486883008471,0.0,0.0,True,False,1.0
pil_controlled_clean_000313.png,train,RKEJK,pil_controlled,clean,225.16825,65.65472330257359,0.0,0.18775,0.6642955791714057,0.0,0.0,True,False,1.0
pil_controlled_clean_000314.png,train,KUGQS,pil_controlled,clean,214.5094375,79.64618579024103,0.0,0.228125,0.660406831065249,0.0,0.0,True,False,1.0
pil_controlled_clean_000315.png,train,GPZX2,pil_controlled,clean,232.6183125,60.40339292748665,0.0,0.1394375,0.6910638088563059,0.0,0.0,True,False,1.0
pil_controlled_clean_000316.png,train,HNHVC,pil_controlled,clean,212.4506875,84.04846038612095,0.0,0.2225,0.6651437441614297,0.0,0.0,True,False,1.0
pil_controlled_clean_000317.png,train,SJS4J,pil_controlled,clean,229.008625,66.64020877525351,0.0,0.1509375,0.6669340685003191,0.0,0.0,True,False,1.0
pil_controlled_clean_000318.png,train,6RDU2,pil_controlled,clean,221.513125,70.02375009762314,0.0,0.207,0.6685524872387976,0.0,0.0,True,False,1.0
pil_controlled_clean_000319.png,test,A9H7L,pil_controlled,clean,231.8661875,60.10570922728426,0.0,0.1395,0.6740084946942813,0.0,0.0,True,False,1.0
pil_controlled_clean_000320.png,train,C5U3K,pil_controlled,clean,222.8841875,71.12964062164833,0.0,0.1908125,0.6656869957090524,0.0,0.0,True,False,1.0
pil_controlled_clean_000321.png,train,TRM4W,pil_controlled,clean,209.9386875,82.51523225003578,0.0,0.249,0.6817630241529619,0.0,0.0,True,False,1.0
pil_controlled_clean_000322.png,train,DFUTY,pil_controlled,clean,213.6938125,83.59055605578207,0.0,0.207,0.624464833448138,0.0,0.0,True,False,1.0
pil_controlled_clean_000323.png,train,3DGTL,pil_controlled,clean,226.1306875,69.62889653927702,0.0,0.1645625,0.6456131201754757,0.0,0.0,True,False,1.0
pil_controlled_clean_000324.png,train,K6CLV,pil_controlled,clean,229.018,63.15395712859172,0.0,0.161625,0.6714565826927574,0.0,0.0,True,False,1.0
pil_controlled_clean_000325.png,train,BYQFJ,pil_controlled,clean,211.629875,80.7117889932095,0.0,0.244875,0.6460484074005006,0.0,0.0,True,False,1.0
pil_controlled_clean_000326.png,train,D695B,pil_controlled,clean,218.723375,74.5791666862092,0.0,0.2108125,0.6550732218526596,0.0,0.0,True,False,1.0
pil_controlled_clean_000327.png,train,B2CP6,pil_controlled,clean,227.08475,66.573920888269,0.0,0.175125,0.6810737902422463,0.0,0.0,True,False,1.0
pil_controlled_clean_000328.png,val,Z73W8,pil_controlled,clean,226.876,67.02440786012211,0.0,0.17125,0.6885142889379164,0.0,0.0,True,False,1.0
pil_controlled_clean_000329.png,val,5UKGC,pil_controlled,clean,228.3689375,65.80368775852227,0.0,0.1603125,0.6685721227020112,0.0,0.0,True,False,1.0
pil_controlled_clean_000330.png,test,26X9Q,pil_controlled,clean,212.5569375,80.98752300892461,0.0,0.2391875,0.6818041870621961,0.0,0.0,True,False,1.0
pil_controlled_clean_000331.png,test,JAJUH,pil_controlled,clean,220.7266875,72.14909814250865,0.0,0.2018125,0.6476775251957969,0.0,0.0,True,False,1.0
pil_controlled_clean_000332.png,train,5UV69,pil_controlled,clean,219.944,73.51205250841525,0.0,0.205125,0.6688633504495936,0.0,0.0,True,False,1.0
pil_controlled_clean_000333.png,train,M56JW,pil_controlled,clean,211.1856875,80.85370095210449,0.0,0.247,0.68277845063007,0.0,0.0,True,False,1.0
pil_controlled_clean_000334.png,test,QGCDN,pil_controlled,clean,210.8649375,84.688278826654,0.0,0.2371875,0.6430840473310326,0.0,0.0,True,False,1.0
pil_controlled_clean_000335.png,train,J62XN,pil_controlled,clean,227.6675,68.19858644979381,0.0,0.1595625,0.7027810129344539,0.0,0.0,True,False,1.0
pil_controlled_clean_000336.png,train,X2M5Q,pil_controlled,clean,219.8654375,72.67451379564636,0.0,0.2126875,0.6722654699749272,0.0,0.0,True,False,1.0
pil_controlled_clean_000337.png,train,B3VXU,pil_controlled,clean,218.1201875,73.69455622679904,0.0,0.2219375,0.6779240201652046,0.0,0.0,True,False,1.0
pil_controlled_clean_000338.png,train,HEEFC,pil_controlled,clean,226.7701875,68.99317718959493,0.0,0.1546875,0.6330201635538654,0.0,0.0,True,False,1.0
pil_controlled_clean_000339.png,val,JGCU3,pil_controlled,clean,231.473875,62.571571559969435,0.0,0.139875,0.6879462297318362,0.0,0.0,True,False,1.0
pil_controlled_clean_000340.png,train,9E9YF,pil_controlled,clean,231.7121875,60.88636732853131,0.0,0.146875,0.7080457906796708,0.0,0.0,True,False,1.0
pil_controlled_clean_000341.png,train,JNM4N,pil_controlled,clean,221.9485,72.79974397448112,0.0,0.1933125,0.7048383901729003,0.0,0.0,True,False,1.0
pil_controlled_clean_000342.png,train,SA2UQ,pil_controlled,clean,228.1195,66.85297465146932,0.0,0.1578125,0.6661305360165525,0.0,0.0,True,False,1.0
pil_controlled_clean_000343.png,test,UUJG6,pil_controlled,clean,232.3784375,61.730640467749836,0.0,0.136875,0.6763058121687612,0.0,0.0,True,False,1.0
pil_controlled_clean_000344.png,train,TVQUR,pil_controlled,clean,221.916625,70.22128718280074,0.0,0.1999375,0.6700322704967033,0.0,0.0,True,False,1.0
pil_controlled_clean_000345.png,train,548LH,pil_controlled,clean,234.8258125,55.699572226497786,0.0,0.1315,0.6869358602281486,0.0,0.0,True,False,1.0
pil_controlled_clean_000346.png,val,KJL4Q,pil_controlled,clean,204.9084375,91.16873602726207,0.0,0.2484375,0.6353384797755498,0.0,0.0,True,False,1.0
pil_controlled_clean_000347.png,train,39HY7,pil_controlled,clean,223.203375,73.23526994289962,0.0,0.1743125,0.6655517733996208,0.0,0.0,True,False,1.0
pil_controlled_clean_000348.png,train,3SUBB,pil_controlled,clean,220.100875,70.64316810020891,0.0,0.2181875,0.6576650963200801,0.0,0.0,True,False,1.0
pil_controlled_clean_000349.png,val,75S9K,pil_controlled,clean,216.079375,78.27080601737391,0.0,0.218375,0.6545163664143433,0.0,0.0,True,False,1.0
pil_controlled_clean_000350.png,train,MWKM7,pil_controlled,clean,213.3131875,80.61172744142034,0.0,0.231,0.6755418632181085,0.0,0.0,True,False,1.0
pil_controlled_clean_000351.png,train,ES28H,pil_controlled,clean,212.763625,79.46717719825824,0.0,0.2415,0.6298758477171529,0.0,0.0,True,False,1.0
pil_controlled_clean_000352.png,val,QTXU5,pil_controlled,clean,225.9858125,70.15091311747014,0.0,0.1665,0.6700530206402945,0.0,0.0,True,False,1.0
pil_controlled_clean_000353.png,train,TXHG3,pil_controlled,clean,222.063,72.04169473992127,0.0,0.1885,0.6585641954424604,0.0,0.0,True,False,1.0
pil_controlled_clean_000354.png,test,TJ2YF,pil_controlled,clean,227.735375,64.29114518041638,0.0,0.165625,0.6545539662247336,0.0,0.0,True,False,1.0
pil_controlled_clean_000355.png,train,86CK2,pil_controlled,clean,220.8581875,76.13750768651968,0.0,0.1901875,0.666700274336755,0.0,0.0,True,False,1.0
pil_controlled_clean_000356.png,train,GNPCZ,pil_controlled,clean,213.6591875,79.71923409278243,0.0,0.23925,0.6554857441945035,0.0,0.0,True,False,1.0
pil_controlled_clean_000357.png,val,9WLVY,pil_controlled,clean,221.3545625,75.4686853796566,0.0,0.18525,0.6722880481318795,0.0,0.0,True,False,1.0
pil_controlled_clean_000358.png,train,M5MRX,pil_controlled,clean,223.451,69.33957274890004,0.0,0.1935,0.6989889130347524,0.0,0.0,True,False,1.0
pil_controlled_clean_000359.png,val,LMFDM,pil_controlled,clean,215.06275,78.86267455163755,0.0,0.220125,0.6456206943248646,0.0,0.0,True,False,1.0
pil_controlled_clean_000360.png,train,K46HT,pil_controlled,clean,223.2535625,71.18982032958499,0.0,0.1835625,0.6737107218138397,0.0,0.0,True,False,1.0
pil_controlled_clean_000361.png,train,RKVHU,pil_controlled,clean,216.081125,75.39080294528223,0.0,0.23425,0.6793634738424189,0.0,0.0,True,False,1.0
pil_controlled_clean_000362.png,train,82HKS,pil_controlled,clean,219.1730625,75.9504442835662,0.0,0.2050625,0.7015352930714556,0.0,0.0,True,False,1.0
pil_controlled_clean_000363.png,train,YZHSH,pil_controlled,clean,218.3360625,78.07232143657632,0.0,0.196875,0.6764250445158628,0.0,0.0,True,False,1.0
pil_controlled_clean_000364.png,train,8EJK7,pil_controlled,clean,221.706125,74.96448750898237,0.0,0.18525,0.6632987870215247,0.0,0.0,True,False,1.0
pil_controlled_clean_000365.png,train,Y7S4J,pil_controlled,clean,232.7751875,61.848655174060525,0.0,0.1298125,0.693934389382834,0.0,0.0,True,False,1.0
pil_controlled_clean_000366.png,test,JG7S3,pil_controlled,clean,227.2581875,69.31022580914626,0.0,0.153,0.678024442888602,0.0,0.0,True,False,1.0
pil_controlled_clean_000367.png,train,44TWD,pil_controlled,clean,227.12575,64.76246838978192,0.0,0.1745,0.677086768236269,0.0,0.0,True,False,1.0
pil_controlled_clean_000368.png,train,DSFJ2,pil_controlled,clean,231.069375,66.62303889878767,0.0,0.127125,0.6726004890724906,0.0,0.0,True,False,1.0
pil_controlled_clean_000369.png,train,J8YK7,pil_controlled,clean,229.20975,63.88516165697242,0.0,0.1559375,0.6706769095024417,0.0,0.0,True,False,1.0
pil_controlled_clean_000370.png,train,9X3Y6,pil_controlled,clean,230.2010625,61.41145362528959,0.0,0.161,0.682171114695904,0.0,0.0,True,False,1.0
pil_controlled_clean_000371.png,train,XC8WR,pil_controlled,clean,217.078,75.45344701204843,0.0,0.2305,0.6899801653692071,0.0,0.0,True,False,1.0
pil_controlled_clean_000372.png,train,KG454,pil_controlled,clean,222.4905625,72.90283369618491,0.0,0.185125,0.6678476756781864,0.0,0.0,True,False,1.0
pil_controlled_clean_000373.png,val,FFL4F,pil_controlled,clean,226.3224375,67.28178595696308,0.0,0.1631875,0.615980670184293,0.0,0.0,True,False,1.0
pil_controlled_clean_000374.png,train,W5YH5,pil_controlled,clean,215.961125,76.72941328939233,0.0,0.22525,0.6440945731966076,0.0,0.0,True,False,1.0
pil_controlled_clean_000375.png,train,BU4FC,pil_controlled,clean,226.95125,68.9374680303643,0.0,0.1540625,0.6660751395525301,0.0,0.0,True,False,1.0
pil_controlled_clean_000376.png,test,XWQCC,pil_controlled,clean,220.203875,72.03659268027864,0.0,0.2153125,0.6817688537529183,0.0,0.0,True,False,1.0
pil_controlled_clean_000377.png,train,HLH2P,pil_controlled,clean,231.279875,60.561609497968064,0.0,0.146375,0.6650456938480512,0.0,0.0,True,False,1.0
pil_controlled_clean_000378.png,train,YZG39,pil_controlled,clean,228.3645,65.78983310322347,0.0,0.158125,0.6681888316114849,0.0,0.0,True,False,1.0
pil_controlled_clean_000379.png,test,HEPUW,pil_controlled,clean,213.4045625,80.25204992200257,0.0,0.230125,0.6484781250859983,0.0,0.0,True,False,1.0
pil_controlled_clean_000380.png,train,XQPLJ,pil_controlled,clean,222.313625,72.00355383145596,0.0,0.1893125,0.6450110304209913,0.0,0.0,True,False,1.0
pil_controlled_clean_000381.png,train,JLWGN,pil_controlled,clean,221.1201875,72.42377021713827,0.0,0.202875,0.691836252096839,0.0,0.0,True,False,1.0
pil_controlled_clean_000382.png,train,AK9NT,pil_controlled,clean,220.9005,77.48914423808021,0.0,0.178625,0.6814981738219393,0.0,0.0,True,False,1.0
pil_controlled_clean_000383.png,val,BQCC7,pil_controlled,clean,217.7840625,76.12272859334519,0.0,0.2141875,0.659894461447153,0.0,0.0,True,False,1.0
pil_controlled_clean_000384.png,test,VBFCM,pil_controlled,clean,215.2429375,78.63997738981804,0.0,0.220625,0.6534214064592059,0.0,0.0,True,False,1.0
pil_controlled_clean_000385.png,train,X254H,pil_controlled,clean,229.063125,62.69239300133928,0.0,0.1650625,0.6915173738891442,0.0,0.0,True,False,1.0
pil_controlled_clean_000386.png,val,VLDPH,pil_controlled,clean,224.2465,68.82839975438918,0.0,0.1805625,0.6387105926925923,0.0,0.0,True,False,1.0
pil_controlled_clean_000387.png,train,V4ALA,pil_controlled,clean,223.275125,74.42581999033919,0.0,0.169375,0.6892039062298764,0.0,0.0,True,False,1.0
pil_controlled_clean_000388.png,train,HXJ59,pil_controlled,clean,220.5845625,77.26970039532696,0.0,0.1838125,0.6560279312446291,0.0,0.0,True,False,1.0
pil_controlled_clean_000389.png,train,7BZ47,pil_controlled,clean,230.493625,59.847922556755265,0.0,0.157875,0.6659580971567107,0.0,0.0,True,False,1.0
pil_controlled_clean_000390.png,test,47JYB,pil_controlled,clean,231.6943125,58.37775576066918,0.0,0.1576875,0.6869930195340337,0.0,0.0,True,False,1.0
pil_controlled_clean_000391.png,train,2AS4H,pil_controlled,clean,223.483625,71.38183492219414,0.0,0.1784375,0.6711392089291247,0.0,0.0,True,False,1.0
pil_controlled_clean_000392.png,train,GB7YL,pil_controlled,clean,219.3670625,76.36958624099711,0.0,0.1994375,0.6432168417877431,0.0,0.0,True,False,1.0
pil_controlled_clean_000393.png,val,C4JWC,pil_controlled,clean,218.5405625,71.53581868325541,0.0,0.2278125,0.6666556591232619,0.0,0.0,True,False,1.0
pil_controlled_clean_000394.png,train,MCBE8,pil_controlled,clean,221.2536875,69.36253639503349,0.0,0.213625,0.6913643760870636,0.0,0.0,True,False,1.0
pil_controlled_clean_000395.png,train,6TXY5,pil_controlled,clean,222.7565625,73.26517112983217,0.0,0.1779375,0.6669858269435439,0.0,0.0,True,False,1.0
pil_controlled_clean_000396.png,train,JTCRX,pil_controlled,clean,222.5423125,74.88272470772111,0.0,0.173875,0.6534605594431956,0.0,0.0,True,False,1.0
pil_controlled_clean_000397.png,train,3532C,pil_controlled,clean,228.1584375,65.73389506227814,0.0,0.161625,0.6690448696924973,0.0,0.0,True,False,1.0
pil_controlled_clean_000398.png,train,6ZN3C,pil_controlled,clean,223.767375,70.77264662713537,0.0,0.1833125,0.6771411012664839,0.0,0.0,True,False,1.0
pil_controlled_clean_000399.png,train,ESJYB,pil_controlled,clean,223.47175,71.61351357765865,0.0,0.183125,0.675013887557004,0.0,0.0,True,False,1.0
pil_controlled_clean_000400.png,train,Q8RKM,pil_controlled,clean,224.4495625,69.45553312054119,0.0,0.1879375,0.7090152032463738,0.0,0.0,True,False,1.0
pil_controlled_clean_000401.png,train,DWE85,pil_controlled,clean,225.0909375,69.04711194446219,0.0,0.1791875,0.6920777396198857,0.0,0.0,True,False,1.0
pil_controlled_clean_000402.png,train,V8WT3,pil_controlled,clean,229.8899375,63.665499477708444,0.0,0.154625,0.6873976161242048,0.0,0.0,True,False,1.0
pil_controlled_clean_000403.png,train,FH62Q,pil_controlled,clean,221.2505,75.26610209616278,0.0,0.1839375,0.6608938455101504,0.0,0.0,True,False,1.0
pil_controlled_clean_000404.png,train,VWFNV,pil_controlled,clean,222.5884375,70.41103733654684,0.0,0.1943125,0.6725363298697716,0.0,0.0,True,False,1.0
pil_controlled_clean_000405.png,train,97M3M,pil_controlled,clean,213.801875,79.3958956526367,0.0,0.232125,0.6751433267210117,0.0,0.0,True,False,1.0
pil_controlled_clean_000406.png,train,GUTNK,pil_controlled,clean,230.33425,61.362749506011376,0.0,0.1585,0.6967586328704959,0.0,0.0,True,False,1.0
pil_controlled_clean_000407.png,train,W5TK3,pil_controlled,clean,225.072875,68.80675613073453,0.0,0.1808125,0.6859481140419731,0.0,0.0,True,False,1.0
pil_controlled_clean_000408.png,train,JYYXF,pil_controlled,clean,219.406625,75.45408226934693,0.0,0.203625,0.6663340215734989,0.0,0.0,True,False,1.0
pil_controlled_clean_000409.png,train,ZD6P8,pil_controlled,clean,230.2888125,61.473605310245496,0.0,0.1559375,0.6660265274076128,0.0,0.0,True,False,1.0
pil_controlled_clean_000410.png,train,VQWPV,pil_controlled,clean,227.2413125,66.05020594803126,0.0,0.16975,0.6979154496344794,0.0,0.0,True,False,1.0
pil_controlled_clean_000411.png,val,X798U,pil_controlled,clean,225.718875,68.13227461148185,0.0,0.1788125,0.6773037925794441,0.0,0.0,True,False,1.0
pil_controlled_clean_000412.png,train,AN2V8,pil_controlled,clean,221.5623125,73.43000573438862,0.0,0.1915,0.675525134550186,0.0,0.0,True,False,1.0
pil_controlled_clean_000413.png,test,QLZJ2,pil_controlled,clean,228.8396875,64.67001517243013,0.0,0.15775,0.677663460254572,0.0,0.0,True,False,1.0
pil_controlled_clean_000414.png,train,U8DNU,pil_controlled,clean,208.859125,82.04545556723038,0.0,0.25975,0.6593629242605061,0.0,0.0,True,False,1.0
pil_controlled_clean_000415.png,train,LFBKE,pil_controlled,clean,225.09925,71.95581299962846,0.0,0.1644375,0.6584041877133742,0.0,0.0,True,False,1.0
pil_controlled_clean_000416.png,test,5FUWW,pil_controlled,clean,217.9235625,74.35214166255464,0.0,0.2216875,0.6699148268652857,0.0,0.0,True,False,1.0
pil_controlled_clean_000417.png,train,ZEH8G,pil_controlled,clean,221.90875,72.03484607075593,0.0,0.189,0.6708264538825737,0.0,0.0,True,False,1.0
pil_controlled_clean_000418.png,train,JNCKB,pil_controlled,clean,225.78,68.68540401715637,0.0,0.17525,0.6895796949579069,0.0,0.0,True,False,1.0
pil_controlled_clean_000419.png,test,AERYN,pil_controlled,clean,226.4440625,65.42077553037792,0.0,0.1773125,0.6942597537886851,0.0,0.0,True,False,1.0
pil_controlled_clean_000420.png,test,WQ886,pil_controlled,clean,218.1885,76.37628619375258,0.0,0.2115625,0.6895569257977358,0.0,0.0,True,False,1.0
pil_controlled_clean_000421.png,val,XYLPJ,pil_controlled,clean,231.302875,63.747562829761385,0.0,0.136875,0.6648420227284648,0.0,0.0,True,False,1.0
pil_controlled_clean_000422.png,train,CB72A,pil_controlled,clean,234.4484375,59.17571263878951,0.0,0.124,0.6936233025505361,0.0,0.0,True,False,1.0
pil_controlled_clean_000423.png,train,6CHXW,pil_controlled,clean,214.8574375,81.57878010508367,0.0,0.216375,0.6745255409601968,0.0,0.0,True,False,1.0
pil_controlled_clean_000424.png,train,KMWQ6,pil_controlled,clean,204.1928125,85.2872331350938,0.0,0.2931875,0.6960185235210553,0.0,0.0,True,False,1.0
pil_controlled_clean_000425.png,test,EMPZ6,pil_controlled,clean,223.825375,70.46090853167716,0.0,0.1815,0.6581942226369171,0.0,0.0,True,False,1.0
pil_controlled_clean_000426.png,train,FLCRC,pil_controlled,clean,232.3883125,61.32202317195955,0.0,0.136875,0.6914700703736516,0.0,0.0,True,False,1.0
pil_controlled_clean_000427.png,train,HA8CV,pil_controlled,clean,224.2128125,68.02236597869735,0.0,0.1924375,0.6789131009071808,0.0,0.0,True,False,1.0
pil_controlled_clean_000428.png,test,FM42E,pil_controlled,clean,229.9503125,62.570680783034035,0.0,0.1594375,0.7001383105769369,0.0,0.0,True,False,1.0
pil_controlled_clean_000429.png,val,W4X2J,pil_controlled,clean,221.3263125,69.90759227474756,0.0,0.208125,0.6643863503682567,0.0,0.0,True,False,1.0
pil_controlled_clean_000430.png,train,V3VND,pil_controlled,clean,217.0175625,74.40199428818151,0.0,0.2256875,0.6738833629285603,0.0,0.0,True,False,1.0
pil_controlled_clean_000431.png,train,6ZGWY,pil_controlled,clean,235.4308125,55.63486957915731,0.0,0.128,0.6958206209487822,0.0,0.0,True,False,1.0
pil_controlled_clean_000432.png,train,2DP3Q,pil_controlled,clean,232.4321875,59.72671953543777,0.0,0.142625,0.6934259411853952,0.0,0.0,True,False,1.0
pil_controlled_clean_000433.png,test,WGZP7,pil_controlled,clean,227.84275,66.53336116143163,0.0,0.1630625,0.6852403429210278,0.0,0.0,True,False,1.0
pil_controlled_clean_000434.png,train,6HSNG,pil_controlled,clean,215.0668125,79.16112744642943,0.0,0.22275,0.6799237394538151,0.0,0.0,True,False,1.0
pil_controlled_clean_000435.png,val,HB68B,pil_controlled,clean,223.0478125,71.05623759716556,0.0,0.188875,0.672977253704738,0.0,0.0,True,False,1.0
pil_controlled_clean_000436.png,val,PTT45,pil_controlled,clean,230.112,66.13100979117134,0.0,0.1369375,0.6607280246817955,0.0,0.0,True,False,1.0
pil_controlled_clean_000437.png,test,MTLR5,pil_controlled,clean,228.4495625,64.89788098280708,0.0,0.159375,0.6581763481297006,0.0,0.0,True,False,1.0
pil_controlled_clean_000438.png,train,25JRV,pil_controlled,clean,218.226625,79.55365809382606,0.0,0.19325,0.650572363224901,0.0,0.0,True,False,1.0
pil_controlled_clean_000439.png,train,22MUS,pil_controlled,clean,221.5338125,71.17331474446617,0.0,0.2010625,0.6854832361422504,0.0,0.0,True,False,1.0
pil_controlled_clean_000440.png,train,YHGK8,pil_controlled,clean,226.0825,70.61638580209271,0.0,0.164625,0.6819926305609354,0.0,0.0,True,False,1.0
pil_controlled_clean_000441.png,train,ZYM7G,pil_controlled,clean,218.8610625,76.87919669111464,0.0,0.202625,0.6886373698055112,0.0,0.0,True,False,1.0
pil_controlled_clean_000442.png,train,DD6JY,pil_controlled,clean,226.9283125,65.78879025641331,0.0,0.16925,0.6748650602635888,0.0,0.0,True,False,1.0
pil_controlled_clean_000443.png,train,R8STC,pil_controlled,clean,222.3811875,71.38030984515159,0.0,0.1953125,0.6492562146209074,0.0,0.0,True,False,1.0
pil_controlled_clean_000444.png,train,LMJYS,pil_controlled,clean,225.09425,68.38056370005661,0.0,0.17775,0.6739471786362644,0.0,0.0,True,False,1.0
pil_controlled_clean_000445.png,train,MNEDZ,pil_controlled,clean,209.5903125,76.23705279358812,0.0,0.281375,0.6550073324060723,0.0,0.0,True,False,1.0
pil_controlled_clean_000446.png,val,QF5WA,pil_controlled,clean,222.5796875,71.32015861523546,0.0,0.1893125,0.6630814856441057,0.0,0.0,True,False,1.0
pil_controlled_clean_000447.png,train,R4PNR,pil_controlled,clean,225.5173125,69.2153474691657,0.0,0.1715,0.6745504936167167,0.0,0.0,True,False,1.0
pil_controlled_clean_000448.png,train,3U75Q,pil_controlled,clean,227.2701875,65.49227482088894,0.0,0.1698125,0.6680756066303029,0.0,0.0,True,False,1.0
pil_controlled_clean_000449.png,train,9JJZD,pil_controlled,clean,226.2245625,70.68025013526477,0.0,0.15825,0.6559842321935875,0.0,0.0,True,False,1.0
pil_controlled_clean_000450.png,train,RCFXB,pil_controlled,clean,224.413875,67.4852795614301,0.0,0.193875,0.6748008458220254,0.0,0.0,True,False,1.0
pil_controlled_clean_000451.png,train,QP9X7,pil_controlled,clean,225.1145,71.49818889139782,0.0,0.167125,0.6728491417306438,0.0,0.0,True,False,1.0
pil_controlled_clean_000452.png,val,PJFNH,pil_controlled,clean,225.0003125,71.79235988183105,0.0,0.1674375,0.653949186472928,0.0,0.0,True,False,1.0
pil_controlled_clean_000453.png,val,7PMHX,pil_controlled,clean,229.9899375,62.74192247808553,0.0,0.1563125,0.6941349371696359,0.0,0.0,True,False,1.0
pil_controlled_clean_000454.png,train,ZG7LE,pil_controlled,clean,221.1555625,72.67828587555292,0.0,0.193375,0.6464067979902303,0.0,0.0,True,False,1.0
pil_controlled_clean_000455.png,train,GFK7H,pil_controlled,clean,219.3016875,72.48686637696751,0.0,0.2105625,0.6503171851280881,0.0,0.0,True,False,1.0
pil_controlled_clean_000456.png,val,ZKZJV,pil_controlled,clean,232.062125,60.11153604329518,0.0,0.1431875,0.677134888381862,0.0,0.0,True,False,1.0
pil_controlled_clean_000457.png,train,48DA5,pil_controlled,clean,220.3890625,74.57423360565694,0.0,0.19825,0.6582583786494479,0.0,0.0,True,False,1.0
pil_controlled_clean_000458.png,train,BU74X,pil_controlled,clean,229.5783125,65.8033556678711,0.0,0.1466875,0.6843130467321965,0.0,0.0,True,False,1.0
pil_controlled_clean_000459.png,train,FVFBL,pil_controlled,clean,224.163125,73.04828379390152,0.0,0.1645625,0.6570266039893187,0.0,0.0,True,False,1.0
pil_controlled_clean_000460.png,train,YFE57,pil_controlled,clean,227.796375,65.60573745381859,0.0,0.1564375,0.6571786548944495,0.0,0.0,True,False,1.0
pil_controlled_clean_000461.png,train,ZRG3A,pil_controlled,clean,218.8765625,75.18601649032614,0.0,0.2055625,0.6562746382743229,0.0,0.0,True,False,1.0
pil_controlled_clean_000462.png,train,CLDEY,pil_controlled,clean,222.986125,75.01505803826574,0.0,0.1683125,0.6504742959018607,0.0,0.0,True,False,1.0
pil_controlled_clean_000463.png,test,X5N2M,pil_controlled,clean,229.4318125,65.12242394494268,0.0,0.15675,0.7214854445607496,0.0,0.0,True,False,1.0
pil_controlled_clean_000464.png,test,WM7HD,pil_controlled,clean,197.125375,91.90919992639135,0.0,0.306625,0.6546413298105627,0.0,0.0,True,False,1.0
pil_controlled_clean_000465.png,train,S6S6N,pil_controlled,clean,223.1804375,71.20682730475073,0.0,0.1905,0.6657802156568345,0.0,0.0,True,False,1.0
pil_controlled_clean_000466.png,train,GUM2J,pil_controlled,clean,209.8344375,78.4718358811529,0.0,0.2693125,0.6402233310284561,0.0,0.0,True,False,1.0
pil_controlled_clean_000467.png,train,DZ39S,pil_controlled,clean,222.9675625,73.40886619004951,0.0,0.18175,0.6571353546548699,0.0,0.0,True,False,1.0
pil_controlled_clean_000468.png,train,F52H9,pil_controlled,clean,224.34775,70.9895657469286,0.0,0.1724375,0.670159881471157,0.0,0.0,True,False,1.0
pil_controlled_clean_000469.png,test,BTMV5,pil_controlled,clean,223.011375,72.86304272818542,0.0,0.1766875,0.6687281620295271,0.0,0.0,True,False,1.0
pil_controlled_clean_000470.png,train,2HPHY,pil_controlled,clean,218.37225,76.96143712884721,0.0,0.2020625,0.673491355484869,0.0,0.0,True,False,1.0
pil_controlled_clean_000471.png,train,UVKDQ,pil_controlled,clean,222.593875,69.20822611860801,0.0,0.2033125,0.6784537555259365,0.0,0.0,True,False,1.0
pil_controlled_clean_000472.png,train,824WN,pil_controlled,clean,224.74575,71.12783549312815,0.0,0.1724375,0.6943925915039197,0.0,0.0,True,False,1.0
pil_controlled_clean_000473.png,train,VBSYB,pil_controlled,clean,226.067125,66.71294753819812,0.0,0.1796875,0.6880384464122418,0.0,0.0,True,False,1.0
pil_controlled_clean_000474.png,train,EDW4D,pil_controlled,clean,213.667,81.47896882631738,0.0,0.2221875,0.6361837960849968,0.0,0.0,True,False,1.0
pil_controlled_clean_000475.png,train,XC9PA,pil_controlled,clean,223.7268125,68.54712379881335,0.0,0.189375,0.6819267596846639,0.0,0.0,True,False,1.0
pil_controlled_clean_000476.png,train,ZYSXR,pil_controlled,clean,215.158125,82.5847950380963,0.0,0.210375,0.643921948236731,0.0,0.0,True,False,1.0
pil_controlled_clean_000477.png,test,TX7AJ,pil_controlled,clean,222.5601875,71.21694322606695,0.0,0.1874375,0.6663681705736135,0.0,0.0,True,False,1.0
pil_controlled_clean_000478.png,train,TMVEP,pil_controlled,clean,220.8560625,74.39165339267635,0.0,0.1933125,0.6460914208545542,0.0,0.0,True,False,1.0
pil_controlled_clean_000479.png,val,W94FA,pil_controlled,clean,230.359125,64.27648990287487,0.0,0.1438125,0.7016759322568752,0.0,0.0,True,False,1.0
pil_controlled_clean_000480.png,train,CSP7N,pil_controlled,clean,225.1461875,68.28298793780807,0.0,0.181,0.6647352514228688,0.0,0.0,True,False,1.0
pil_controlled_clean_000481.png,train,YG6Z5,pil_controlled,clean,222.8533125,73.18447014413196,0.0,0.17875,0.684001469864893,0.0,0.0,True,False,1.0
pil_controlled_clean_000482.png,train,83GEL,pil_controlled,clean,225.9270625,68.03318578180132,0.0,0.1689375,0.658451990061804,0.0,0.0,True,False,1.0
pil_controlled_clean_000483.png,train,QMEPU,pil_controlled,clean,228.143375,65.52222194499645,0.0,0.1660625,0.6851709920516756,0.0,0.0,True,False,1.0
pil_controlled_clean_000484.png,train,BD7FL,pil_controlled,clean,232.0944375,64.19962826261997,0.0,0.12875,0.6763097817351374,0.0,0.0,True,False,1.0
pil_controlled_clean_000485.png,val,GNZ6W,pil_controlled,clean,217.17325,73.48430178914064,0.0,0.2290625,0.6544513904060972,0.0,0.0,True,False,1.0
pil_controlled_clean_000486.png,train,TRDER,pil_controlled,clean,221.4035,72.90482194443658,0.0,0.190375,0.6555954086303322,0.0,0.0,True,False,1.0
pil_controlled_clean_000487.png,val,REGHB,pil_controlled,clean,212.57025,83.23413701683643,0.0,0.21825,0.6556032457997721,0.0,0.0,True,False,1.0
pil_controlled_clean_000488.png,train,V8YGH,pil_controlled,clean,217.300875,80.26674419854325,0.0,0.1984375,0.6573568244242667,0.0,0.0,True,False,1.0
pil_controlled_clean_000489.png,val,RS46F,pil_controlled,clean,221.4305625,73.32458440682493,0.0,0.192,0.6671837215546342,0.0,0.0,True,False,1.0
pil_controlled_clean_000490.png,test,MJCG8,pil_controlled,clean,232.2026875,59.41763715663341,0.0,0.1515,0.7097129618851389,0.0,0.0,True,False,1.0
pil_controlled_clean_000491.png,train,6LZUH,pil_controlled,clean,223.3954375,73.63252977919198,0.0,0.16925,0.6484672731603929,0.0,0.0,True,False,1.0
pil_controlled_clean_000492.png,test,NNTQ6,pil_controlled,clean,223.1583125,73.14362155822164,0.0,0.1760625,0.6734004097719004,0.0,0.0,True,False,1.0
pil_controlled_clean_000493.png,train,9EA4F,pil_controlled,clean,219.6650625,76.40789965292264,0.0,0.1913125,0.6592328874316565,0.0,0.0,True,False,1.0
pil_controlled_clean_000494.png,train,CVBA9,pil_controlled,clean,225.394375,66.21361807331914,0.0,0.18525,0.6783685699578405,0.0,0.0,True,False,1.0
pil_controlled_clean_000495.png,train,DMH9D,pil_controlled,clean,228.8145625,62.71836693053793,0.0,0.1649375,0.6800813994328567,0.0,0.0,True,False,1.0
pil_controlled_clean_000496.png,train,558DM,pil_controlled,clean,213.1301875,84.09819551402303,0.0,0.219875,0.6496248213258088,0.0,0.0,True,False,1.0
pil_controlled_clean_000497.png,train,D3QRU,pil_controlled,clean,216.738625,76.69146584274795,0.0,0.22175,0.6569485348537264,0.0,0.0,True,False,1.0
pil_controlled_clean_000498.png,val,LB5EV,pil_controlled,clean,221.4015,76.53241664647732,0.0,0.179,0.6545776678558758,0.0,0.0,True,False,1.0
pil_controlled_clean_000499.png,train,SFLQY,pil_controlled,clean,225.63725,69.94602231319162,0.0,0.1683125,0.6784779139166286,0.0,0.0,True,False,1.0
pil_controlled_clean_000500.png,train,BET9Y,pil_controlled,clean,220.5740625,74.6365988623952,0.0,0.193625,0.6657690642861913,0.0,0.0,True,False,1.0
pil_controlled_clean_000501.png,train,7K4XR,pil_controlled,clean,229.059,63.10102629117849,0.0,0.16425,0.6951170282201613,0.0,0.0,True,False,1.0
pil_controlled_clean_000502.png,train,HUA7D,pil_controlled,clean,227.070375,68.2781969032529,0.0,0.159875,0.6734788616488431,0.0,0.0,True,False,1.0
pil_controlled_clean_000503.png,train,BZZ7U,pil_controlled,clean,226.6820625,64.78028618527472,0.0,0.17825,0.6438660016143838,0.0,0.0,True,False,1.0
pil_controlled_clean_000504.png,val,UM2P7,pil_controlled,clean,227.1513125,66.69105481267592,0.0,0.1671875,0.6792547580380098,0.0,0.0,True,False,1.0
pil_controlled_clean_000505.png,test,HZ6U7,pil_controlled,clean,224.0370625,72.47443558849626,0.0,0.1671875,0.6563486789503988,0.0,0.0,True,False,1.0
pil_controlled_clean_000506.png,test,7M954,pil_controlled,clean,226.386625,70.59994437752324,0.0,0.156125,0.6779984043767169,0.0,0.0,True,False,1.0
pil_controlled_clean_000507.png,train,V482N,pil_controlled,clean,227.4364375,65.51039390668166,0.0,0.1686875,0.6963756846307179,0.0,0.0,True,False,1.0
pil_controlled_clean_000508.png,train,UH9D4,pil_controlled,clean,222.9725625,68.51059633139675,0.0,0.1965625,0.6648847417360774,0.0,0.0,True,False,1.0
pil_controlled_clean_000509.png,train,TZLQL,pil_controlled,clean,225.8065,68.90793718977517,0.0,0.1659375,0.6486114717893772,0.0,0.0,True,False,1.0
pil_controlled_clean_000510.png,train,FC82J,pil_controlled,clean,230.2405625,64.05282833086758,0.0,0.145375,0.6629762913017819,0.0,0.0,True,False,1.0
pil_controlled_clean_000511.png,val,96Q86,pil_controlled,clean,222.919375,69.23773898394845,0.0,0.20375,0.6918693012220658,0.0,0.0,True,False,1.0
pil_controlled_clean_000512.png,val,YQ2A9,pil_controlled,clean,227.042375,69.32820821541095,0.0,0.1586875,0.6762420029493551,0.0,0.0,True,False,1.0
pil_controlled_clean_000513.png,train,JTX93,pil_controlled,clean,237.023875,53.77366855612861,0.0,0.116,0.698319839634038,0.0,0.0,True,False,1.0
pil_controlled_clean_000514.png,train,PRZC4,pil_controlled,clean,213.191,84.22353527369887,0.0,0.2143125,0.6344533621425631,0.0,0.0,True,False,1.0
pil_controlled_clean_000515.png,test,BCG3H,pil_controlled,clean,222.4265,72.03890683339108,0.0,0.190625,0.6877705696799937,0.0,0.0,True,False,1.0
pil_controlled_clean_000516.png,train,ERTFZ,pil_controlled,clean,228.9815,64.6205948808118,0.0,0.151625,0.6555670875883449,0.0,0.0,True,False,1.0
pil_controlled_clean_000517.png,train,6HKKG,pil_controlled,clean,207.205,86.00933219715172,0.0,0.25575,0.6815109453428664,0.0,0.0,True,False,1.0
pil_controlled_clean_000518.png,train,2BCF3,pil_controlled,clean,223.70425,69.00288332336193,0.0,0.1889375,0.6603828027970529,0.0,0.0,True,False,1.0
pil_controlled_clean_000519.png,train,N8G8Z,pil_controlled,clean,220.3788125,74.36295239290762,0.0,0.199375,0.6666616027292491,0.0,0.0,True,False,1.0
pil_controlled_clean_000520.png,train,DCK8B,pil_controlled,clean,212.0539375,81.89215181106242,0.0,0.2378125,0.650571886467182,0.0,0.0,True,False,1.0
pil_controlled_clean_000521.png,train,XBALY,pil_controlled,clean,228.752625,68.00407473533754,0.0,0.1471875,0.6804506583681302,0.0,0.0,True,False,1.0
pil_controlled_clean_000522.png,train,JYXUZ,pil_controlled,clean,224.739875,70.67809922447246,0.0,0.1723125,0.6713037864459126,0.0,0.0,True,False,1.0
pil_controlled_clean_000523.png,test,KXZ5R,pil_controlled,clean,218.4516875,74.58748079203603,0.0,0.2121875,0.653884116358958,0.0,0.0,True,False,1.0
pil_controlled_clean_000524.png,train,9P8ZU,pil_controlled,clean,225.049,69.57675329447329,0.0,0.17275,0.6757822244921301,0.0,0.0,True,False,1.0
pil_controlled_clean_000525.png,val,YXR8K,pil_controlled,clean,214.701375,79.75891610415337,0.0,0.225,0.6541468278551336,0.0,0.0,True,False,1.0
pil_controlled_clean_000526.png,train,8AZ8X,pil_controlled,clean,236.6525625,54.522763362503866,0.0,0.1188125,0.7263535332004468,0.0,0.0,True,False,1.0
pil_controlled_clean_000527.png,train,T6L2Q,pil_controlled,clean,223.40775,71.87659121673411,0.0,0.18075,0.6434635403428252,0.0,0.0,True,False,1.0
pil_controlled_clean_000528.png,train,DNWND,pil_controlled,clean,213.4665,83.0670798376228,0.0,0.2236875,0.6861601911574134,0.0,0.0,True,False,1.0
pil_controlled_clean_000529.png,train,K9S4U,pil_controlled,clean,223.4825625,74.64984391097943,0.0,0.1678125,0.6793421678926713,0.0,0.0,True,False,1.0
pil_controlled_clean_000530.png,train,K532H,pil_controlled,clean,212.425,80.71807108696292,0.0,0.2429375,0.6538479331683233,0.0,0.0,True,False,1.0
pil_controlled_clean_000531.png,val,2NGQJ,pil_controlled,clean,221.3863125,76.87029221456325,0.0,0.1790625,0.6639839236837459,0.0,0.0,True,False,1.0
pil_controlled_clean_000532.png,train,F3V43,pil_controlled,clean,232.2685,61.87554874706162,0.0,0.134125,0.6926550266576752,0.0,0.0,True,False,1.0
pil_controlled_clean_000533.png,train,GJH6W,pil_controlled,clean,229.3450625,63.426867291165294,0.0,0.15925,0.7028242925017723,0.0,0.0,True,False,1.0
pil_controlled_clean_000534.png,train,LECAY,pil_controlled,clean,233.4221875,59.756827603336205,0.0,0.129625,0.678773316435408,0.0,0.0,True,False,1.0
pil_controlled_clean_000535.png,train,YEEGB,pil_controlled,clean,231.7775625,61.02571248300665,0.0,0.1430625,0.6971042077452511,0.0,0.0,True,False,1.0
pil_controlled_clean_000536.png,train,4UD44,pil_controlled,clean,225.7585,67.99222972332942,0.0,0.1715625,0.6735422940898248,0.0,0.0,True,False,1.0
pil_controlled_clean_000537.png,train,D6CBZ,pil_controlled,clean,218.571,77.79173290909517,0.0,0.20075,0.6660436899916132,0.0,0.0,True,False,1.0
pil_controlled_clean_000538.png,val,TXPSR,pil_controlled,clean,221.12225,73.6167155266893,0.0,0.1934375,0.6480874209146303,0.0,0.0,True,False,1.0
pil_controlled_clean_000539.png,train,2DNMS,pil_controlled,clean,222.6500625,71.46248478219948,0.0,0.1905,0.6746504757642199,0.0,0.0,True,False,1.0
pil_controlled_clean_000540.png,train,3DX39,pil_controlled,clean,226.46775,68.77439538038485,0.0,0.1700625,0.6870256244053905,0.0,0.0,True,False,1.0
pil_controlled_clean_000541.png,test,8SN8P,pil_controlled,clean,210.348125,84.94854285968874,0.0,0.2350625,0.6653813942940001,0.0,0.0,True,False,1.0
pil_controlled_clean_000542.png,train,NYB2W,pil_controlled,clean,219.0041875,72.78808999393269,0.0,0.2173125,0.6828297728971244,0.0,0.0,True,False,1.0
pil_controlled_clean_000543.png,train,X4BB5,pil_controlled,clean,217.3260625,73.65364041068231,0.0,0.2259375,0.6506005096855483,0.0,0.0,True,False,1.0
pil_controlled_clean_000544.png,train,GSQ3W,pil_controlled,clean,221.5695,71.91005350262229,0.0,0.2015,0.68801136568387,0.0,0.0,True,False,1.0
pil_controlled_clean_000545.png,train,G84N6,pil_controlled,clean,221.3878125,74.34560369628352,0.0,0.1930625,0.6768626553525502,0.0,0.0,True,False,1.0
pil_controlled_clean_000546.png,val,8Y2VQ,pil_controlled,clean,220.826125,73.69169741215339,0.0,0.2018125,0.6595324013259819,0.0,0.0,True,False,1.0
pil_controlled_clean_000547.png,train,M5FLT,pil_controlled,clean,229.7006875,64.3160329896624,0.0,0.1515,0.6793532839598869,0.0,0.0,True,False,1.0
pil_controlled_clean_000548.png,train,N292K,pil_controlled,clean,224.759,70.13455046551591,0.0,0.179,0.6768754169462984,0.0,0.0,True,False,1.0
pil_controlled_clean_000549.png,test,E6NAA,pil_controlled,clean,222.0161875,75.84124076295721,0.0,0.175625,0.7047717813535439,0.0,0.0,True,False,1.0
pil_controlled_clean_000550.png,val,S4R66,pil_controlled,clean,215.399375,79.66285991357186,0.0,0.2176875,0.6649205530147231,0.0,0.0,True,False,1.0
pil_controlled_clean_000551.png,train,JRCY4,pil_controlled,clean,217.1586875,76.93807984852067,0.0,0.2155625,0.6713131161933118,0.0,0.0,True,False,1.0
pil_controlled_clean_000552.png,train,5LK7S,pil_controlled,clean,222.3886875,72.8204837908081,0.0,0.1835,0.661230098831381,0.0,0.0,True,False,1.0
pil_controlled_clean_000553.png,train,4HFJ4,pil_controlled,clean,234.831125,57.271047277261964,0.0,0.1210625,0.6726478782713097,0.0,0.0,True,False,1.0
pil_controlled_clean_000554.png,train,CEFLY,pil_controlled,clean,226.122625,66.26032533205203,0.0,0.1735,0.6466716643640424,0.0,0.0,True,False,1.0
pil_controlled_clean_000555.png,train,NELTR,pil_controlled,clean,220.107625,76.56769499507854,0.0,0.186125,0.657275736792679,0.0,0.0,True,False,1.0
pil_controlled_clean_000556.png,val,2EUSR,pil_controlled,clean,217.0138125,77.45043654954337,0.0,0.2151875,0.6632320308111194,0.0,0.0,True,False,1.0
pil_controlled_clean_000557.png,train,Q48LV,pil_controlled,clean,217.3415625,81.58122346813998,0.0,0.1944375,0.6552234907012456,0.0,0.0,True,False,1.0
pil_controlled_clean_000558.png,val,TQN5K,pil_controlled,clean,220.77025,73.59117450440304,0.0,0.196875,0.6513827873478433,0.0,0.0,True,False,1.0
pil_controlled_clean_000559.png,train,F4HJX,pil_controlled,clean,223.7795,72.88472922876231,0.0,0.168125,0.6591862589231365,0.0,0.0,True,False,1.0
pil_controlled_clean_000560.png,train,8TSBU,pil_controlled,clean,226.5091875,65.29049540775323,0.0,0.18525,0.6848223144411397,0.0,0.0,True,False,1.0
pil_controlled_clean_000561.png,val,9VCKY,pil_controlled,clean,232.2810625,64.54238678086746,0.0,0.127,0.7049283370206603,0.0,0.0,True,False,1.0
pil_controlled_clean_000562.png,train,GLBDU,pil_controlled,clean,220.3676875,73.69698259360653,0.0,0.2006875,0.6482712269263171,0.0,0.0,True,False,1.0
pil_controlled_clean_000563.png,train,K9678,pil_controlled,clean,219.93275,71.74245153629404,0.0,0.2109375,0.6689684106690983,0.0,0.0,True,False,1.0
pil_controlled_clean_000564.png,train,LRELE,pil_controlled,clean,222.8980625,69.96357924839248,0.0,0.185875,0.6199560076610943,0.0,0.0,True,False,1.0
pil_controlled_clean_000565.png,train,C5M7X,pil_controlled,clean,226.6513125,64.95756483680206,0.0,0.1814375,0.6859128489168134,0.0,0.0,True,False,1.0
pil_controlled_clean_000566.png,test,ML8LR,pil_controlled,clean,223.54625,68.96590633013895,0.0,0.19,0.6650649998386858,0.0,0.0,True,False,1.0
pil_controlled_clean_000567.png,val,7JG9H,pil_controlled,clean,228.4371875,63.450204330560226,0.0,0.1696875,0.657221120427063,0.0,0.0,True,False,1.0
pil_controlled_clean_000568.png,train,88YXW,pil_controlled,clean,222.3325,71.84999525922045,0.0,0.19325,0.6837737844461705,0.0,0.0,True,False,1.0
pil_controlled_clean_000569.png,train,ZEVRZ,pil_controlled,clean,233.741875,60.598701483483744,0.0,0.1208125,0.6768862200098993,0.0,0.0,True,False,1.0
pil_controlled_clean_000570.png,train,WZNE2,pil_controlled,clean,228.819,65.53599956512451,0.0,0.156,0.715463908360498,0.0,0.0,True,False,1.0
pil_controlled_clean_000571.png,train,B6PEB,pil_controlled,clean,223.582125,70.03862866650357,0.0,0.188625,0.6780829036533438,0.0,0.0,True,False,1.0
pil_controlled_clean_000572.png,train,F3SBU,pil_controlled,clean,213.7656875,80.69657232591942,0.0,0.2281875,0.6383545082729579,0.0,0.0,True,False,1.0
pil_controlled_clean_000573.png,train,74AT3,pil_controlled,clean,218.5490625,75.33960673424765,0.0,0.2045625,0.6477172952545242,0.0,0.0,True,False,1.0
pil_controlled_clean_000574.png,test,BTG2C,pil_controlled,clean,220.2738125,77.02890099965624,0.0,0.18575,0.6367642873024589,0.0,0.0,True,False,1.0
pil_controlled_clean_000575.png,test,4699Y,pil_controlled,clean,229.4301875,65.58213744012042,0.0,0.1515,0.6995512447002448,0.0,0.0,True,False,1.0
pil_controlled_clean_000576.png,train,XEWZG,pil_controlled,clean,222.5186875,68.6660898899693,0.0,0.205875,0.6809201830114392,0.0,0.0,True,False,1.0
pil_controlled_clean_000577.png,train,DEFNB,pil_controlled,clean,223.20325,73.32193525431185,0.0,0.17375,0.6813498866058066,0.0,0.0,True,False,1.0
pil_controlled_clean_000578.png,train,MV3R3,pil_controlled,clean,225.8656875,64.14999043376658,0.0,0.192875,0.6957628234270685,0.0,0.0,True,False,1.0
pil_controlled_clean_000579.png,test,QXTG8,pil_controlled,clean,223.4785,70.82735373956872,0.0,0.1854375,0.6735221655756449,0.0,0.0,True,False,1.0
pil_controlled_clean_000580.png,train,RM7CS,pil_controlled,clean,221.90875,70.70093562632321,0.0,0.199625,0.6535845196871676,0.0,0.0,True,False,1.0
pil_controlled_clean_000581.png,train,USETF,pil_controlled,clean,215.4523125,78.88950485268838,0.0,0.217875,0.6464167211483841,0.0,0.0,True,False,1.0
pil_controlled_clean_000582.png,test,PF5Y9,pil_controlled,clean,227.417125,68.01495796318906,0.0,0.1551875,0.6647734395386832,0.0,0.0,True,False,1.0
pil_controlled_clean_000583.png,val,R73XU,pil_controlled,clean,228.476875,62.37289547739767,0.0,0.173625,0.6719779076224597,0.0,0.0,True,False,1.0
pil_controlled_clean_000584.png,train,A26UJ,pil_controlled,clean,222.828875,76.09607145729913,0.0,0.173,0.6825834772817826,0.0,0.0,True,False,1.0
pil_controlled_clean_000585.png,test,LLJ95,pil_controlled,clean,226.6833125,70.6952386765003,0.0,0.1555625,0.6644096099473558,0.0,0.0,True,False,1.0
pil_controlled_clean_000586.png,train,D2AHR,pil_controlled,clean,225.0866875,66.67517564864261,0.0,0.182,0.6637277797014882,0.0,0.0,True,False,1.0
pil_controlled_clean_000587.png,train,62453,pil_controlled,clean,228.608375,66.74241346295004,0.0,0.15325,0.6778959413209612,0.0,0.0,True,False,1.0
pil_controlled_clean_000588.png,val,27LVF,pil_controlled,clean,219.8068125,72.52276619165767,0.0,0.207125,0.6583568825200399,0.0,0.0,True,False,1.0
pil_controlled_clean_000589.png,train,VDB79,pil_controlled,clean,227.6288125,67.6736361690418,0.0,0.1575625,0.6868725287475874,0.0,0.0,True,False,1.0
pil_controlled_clean_000590.png,train,4HSSX,pil_controlled,clean,216.55625,77.56778059179919,0.0,0.2161875,0.647041410830442,0.0,0.0,True,False,1.0
pil_controlled_clean_000591.png,test,YWY8K,pil_controlled,clean,227.5229375,64.0065297362003,0.0,0.17975,0.7030126770282028,0.0,0.0,True,False,1.0
pil_controlled_clean_000592.png,val,KV5XW,pil_controlled,clean,211.7093125,80.87020272187614,0.0,0.245375,0.6606541588715091,0.0,0.0,True,False,1.0
pil_controlled_clean_000593.png,test,5P7F4,pil_controlled,clean,231.963375,63.247485393566244,0.0,0.13075,0.6582203973768289,0.0,0.0,True,False,1.0
pil_controlled_clean_000594.png,test,Q55CT,pil_controlled,clean,224.7584375,71.5394337764746,0.0,0.1668125,0.658687635021641,0.0,0.0,True,False,1.0
pil_controlled_clean_000595.png,train,NE2A7,pil_controlled,clean,222.9463125,72.8368686185255,0.0,0.1795,0.671204381609231,0.0,0.0,True,False,1.0
pil_controlled_clean_000596.png,val,ECMNF,pil_controlled,clean,223.7026875,70.03739745862453,0.0,0.18325,0.675844552656065,0.0,0.0,True,False,1.0
pil_controlled_clean_000597.png,train,9SL2L,pil_controlled,clean,224.6183125,72.65510307027542,0.0,0.1719375,0.6744513014218427,0.0,0.0,True,False,1.0
pil_controlled_clean_000598.png,train,KVHH9,pil_controlled,clean,226.914875,68.87207709757544,0.0,0.1604375,0.6841878521679585,0.0,0.0,True,False,1.0
pil_controlled_clean_000599.png,train,HP9EQ,pil_controlled,clean,214.6446875,76.06077054255593,0.0,0.2353125,0.6439814708775197,0.0,0.0,True,False,1.0
pil_controlled_clean_000600.png,val,9L5F3,pil_controlled,clean,223.7391875,70.80515104383186,0.0,0.1805625,0.6630242597976332,0.0,0.0,True,False,1.0
pil_controlled_clean_000601.png,val,NXSAK,pil_controlled,clean,218.46375,74.86781892734354,0.0,0.2146875,0.6740248735381364,0.0,0.0,True,False,1.0
pil_controlled_clean_000602.png,val,WVETT,pil_controlled,clean,219.917625,77.80014999573828,0.0,0.1845,0.6684107382940523,0.0,0.0,True,False,1.0
pil_controlled_clean_000603.png,train,9GY3U,pil_controlled,clean,229.7426875,64.53359766646629,0.0,0.151,0.67671351421985,0.0,0.0,True,False,1.0
pil_controlled_clean_000604.png,train,3YBNC,pil_controlled,clean,213.7843125,76.55323909804433,0.0,0.2436875,0.6514962074088663,0.0,0.0,True,False,1.0
pil_controlled_clean_000605.png,test,E9JTE,pil_controlled,clean,219.4564375,77.09217114797451,0.0,0.1935,0.6648964149451583,0.0,0.0,True,False,1.0
pil_controlled_clean_000606.png,test,M5F64,pil_controlled,clean,221.6883125,71.1952397524044,0.0,0.1979375,0.6610576261661422,0.0,0.0,True,False,1.0
pil_controlled_clean_000607.png,val,BXBUS,pil_controlled,clean,225.363625,69.80239449230503,0.0,0.177,0.6742975389142102,0.0,0.0,True,False,1.0
pil_controlled_clean_000608.png,train,AAWJA,pil_controlled,clean,214.4935,76.85135381208323,0.0,0.2369375,0.6825299088552743,0.0,0.0,True,False,1.0
pil_controlled_clean_000609.png,test,JPZMU,pil_controlled,clean,225.5144375,66.1947149820784,0.0,0.1840625,0.6824161399863009,0.0,0.0,True,False,1.0
pil_controlled_clean_000610.png,test,ULPYU,pil_controlled,clean,208.3450625,84.21448654697774,0.0,0.2503125,0.6512208323759829,0.0,0.0,True,False,1.0
pil_controlled_clean_000611.png,train,LNGVU,pil_controlled,clean,217.6495625,78.69766836481621,0.0,0.2055625,0.6701573704496356,0.0,0.0,True,False,1.0
pil_controlled_clean_000612.png,test,M9UBT,pil_controlled,clean,219.4728125,73.23662598618156,0.0,0.2086875,0.6730499072807324,0.0,0.0,True,False,1.0
pil_controlled_clean_000613.png,train,CS8YQ,pil_controlled,clean,222.6638125,69.59888318403424,0.0,0.20525,0.663877399108596,0.0,0.0,True,False,1.0
pil_controlled_clean_000614.png,train,SXE4V,pil_controlled,clean,227.814625,67.29551627790201,0.0,0.157625,0.6690862527665793,0.0,0.0,True,False,1.0
pil_controlled_clean_000615.png,test,SU6DD,pil_controlled,clean,215.5513125,77.94516015781444,0.0,0.2286875,0.6463254282955353,0.0,0.0,True,False,1.0
pil_controlled_clean_000616.png,train,FFD4F,pil_controlled,clean,227.2815,67.46360413400696,0.0,0.1596875,0.677848667394212,0.0,0.0,True,False,1.0
pil_controlled_clean_000617.png,train,S4VNM,pil_controlled,clean,211.8736875,80.12504435351248,0.0,0.2486875,0.693745609157819,0.0,0.0,True,False,1.0
pil_controlled_clean_000618.png,test,BAUEW,pil_controlled,clean,226.9623125,65.55609824533751,0.0,0.1699375,0.6878429419789346,0.0,0.0,True,False,1.0
pil_controlled_clean_000619.png,test,WCWH3,pil_controlled,clean,221.9339375,74.61849434453963,0.0,0.186875,0.6988495241382181,0.0,0.0,True,False,1.0
pil_controlled_clean_000620.png,train,UBGVU,pil_controlled,clean,220.34625,72.34786787416407,0.0,0.203,0.6753498114199478,0.0,0.0,True,False,1.0
pil_controlled_clean_000621.png,train,6DFHP,pil_controlled,clean,222.6416875,73.9681302971242,0.0,0.1785625,0.6689152015125619,0.0,0.0,True,False,1.0
pil_controlled_clean_000622.png,train,D2B3P,pil_controlled,clean,222.3336875,66.55759697549442,0.0,0.2144375,0.6464021618869672,0.0,0.0,True,False,1.0
pil_controlled_clean_000623.png,train,A3MFN,pil_controlled,clean,224.5045625,73.10894253908748,0.0,0.1676875,0.6811045539308387,0.0,0.0,True,False,1.0
pil_controlled_clean_000624.png,train,4PF42,pil_controlled,clean,221.787875,75.49407429053207,0.0,0.178375,0.653655371583447,0.0,0.0,True,False,1.0
pil_controlled_clean_000625.png,train,PZ3QF,pil_controlled,clean,233.4754375,61.02193373438435,0.0,0.1246875,0.7010819168983472,0.0,0.0,True,False,1.0
pil_controlled_clean_000626.png,val,YVBAV,pil_controlled,clean,229.460125,66.19908919301213,0.0,0.147875,0.6999461075547697,0.0,0.0,True,False,1.0
pil_controlled_clean_000627.png,test,2CBET,pil_controlled,clean,226.674875,69.12612236871367,0.0,0.15625,0.656373938669157,0.0,0.0,True,False,1.0
pil_controlled_clean_000628.png,train,3P6M6,pil_controlled,clean,224.57125,68.89527958022596,0.0,0.185375,0.6726499868260265,0.0,0.0,True,False,1.0
pil_controlled_clean_000629.png,train,Q445Z,pil_controlled,clean,213.5156875,83.2250931444498,0.0,0.215375,0.6555461723465409,0.0,0.0,True,False,1.0
pil_controlled_clean_000630.png,val,QWHZV,pil_controlled,clean,224.5234375,68.31099619156197,0.0,0.1873125,0.6697681689072195,0.0,0.0,True,False,1.0
pil_controlled_clean_000631.png,train,7777N,pil_controlled,clean,224.7261875,72.10790240476314,0.0,0.16075,0.6537148733577391,0.0,0.0,True,False,1.0
pil_controlled_clean_000632.png,train,9DNUM,pil_controlled,clean,219.393625,76.03589734039689,0.0,0.1981875,0.6973683874582557,0.0,0.0,True,False,1.0
pil_controlled_clean_000633.png,train,CCZ7X,pil_controlled,clean,222.5371875,71.21318780317199,0.0,0.1908125,0.6481964670642515,0.0,0.0,True,False,1.0
pil_controlled_clean_000634.png,train,C7X3W,pil_controlled,clean,225.3345625,68.02115759404269,0.0,0.17925,0.6722191643431692,0.0,0.0,True,False,1.0
pil_controlled_clean_000635.png,train,CX7WN,pil_controlled,clean,228.8719375,65.41403547783987,0.0,0.159,0.7190842760620624,0.0,0.0,True,False,1.0
pil_controlled_clean_000636.png,test,UJ4Z4,pil_controlled,clean,227.2524375,68.21766972572864,0.0,0.155375,0.6667217983446238,0.0,0.0,True,False,1.0
pil_controlled_clean_000637.png,train,UGTR6,pil_controlled,clean,227.13725,68.86429345050671,0.0,0.1568125,0.6758502138011746,0.0,0.0,True,False,1.0
pil_controlled_clean_000638.png,val,MU9M8,pil_controlled,clean,211.2558125,83.42713885460081,0.0,0.2379375,0.6996181589928442,0.0,0.0,True,False,1.0
pil_controlled_clean_000639.png,train,PVFZU,pil_controlled,clean,222.8238125,72.6955209793894,0.0,0.177875,0.6307059770568322,0.0,0.0,True,False,1.0
pil_controlled_clean_000640.png,train,GWFMV,pil_controlled,clean,227.823125,66.044514081295,0.0,0.167875,0.7036859438026744,0.0,0.0,True,False,1.0
pil_controlled_clean_000641.png,val,PSRF6,pil_controlled,clean,224.638375,71.6332445681429,0.0,0.169625,0.6703433033748906,0.0,0.0,True,False,1.0
pil_controlled_clean_000642.png,val,AZXZH,pil_controlled,clean,226.1400625,64.95251781106022,0.0,0.17975,0.6839306675276566,0.0,0.0,True,False,1.0
pil_controlled_clean_000643.png,test,KE7B3,pil_controlled,clean,220.581875,71.79996985712721,0.0,0.2045,0.6483693210569175,0.0,0.0,True,False,1.0
pil_controlled_clean_000644.png,train,PFPDJ,pil_controlled,clean,224.015,72.7256232355557,0.0,0.171375,0.6313616619882098,0.0,0.0,True,False,1.0
pil_controlled_clean_000645.png,val,PAJKV,pil_controlled,clean,230.3981875,64.7116296287989,0.0,0.14075,0.6849729301055693,0.0,0.0,True,False,1.0
pil_controlled_clean_000646.png,train,NAYYP,pil_controlled,clean,225.21125,71.60971127184845,0.0,0.1636875,0.6727638604360866,0.0,0.0,True,False,1.0
pil_controlled_clean_000647.png,train,2NL3V,pil_controlled,clean,220.3701875,74.87172295810244,0.0,0.196125,0.6634163599874545,0.0,0.0,True,False,1.0
pil_controlled_clean_000648.png,test,YAPMY,pil_controlled,clean,226.1508125,69.14524436351239,0.0,0.1686875,0.6810758322883741,0.0,0.0,True,False,1.0
pil_controlled_clean_000649.png,test,MRYNR,pil_controlled,clean,220.5459375,68.918944345848,0.0,0.2231875,0.6967975827213487,0.0,0.0,True,False,1.0
pil_controlled_clean_000650.png,train,J5RWM,pil_controlled,clean,215.645625,80.27066583353707,0.0,0.21075,0.6814395734446682,0.0,0.0,True,False,1.0
pil_controlled_clean_000651.png,test,7966Y,pil_controlled,clean,232.4470625,58.899957110519985,0.0,0.1459375,0.6887757294871619,0.0,0.0,True,False,1.0
pil_controlled_clean_000652.png,train,SVGTL,pil_controlled,clean,222.364375,72.3002419142521,0.0,0.1886875,0.6554228899404515,0.0,0.0,True,False,1.0
pil_controlled_clean_000653.png,val,2E56W,pil_controlled,clean,220.8465625,78.23493956943786,0.0,0.1773125,0.6716227035518137,0.0,0.0,True,False,1.0
pil_controlled_clean_000654.png,train,4PEUW,pil_controlled,clean,222.29875,71.03176840989882,0.0,0.190125,0.6779029470579844,0.0,0.0,True,False,1.0
pil_controlled_clean_000655.png,val,TA2XG,pil_controlled,clean,218.9766875,75.5516198967788,0.0,0.204875,0.6638629975175863,0.0,0.0,True,False,1.0
pil_controlled_clean_000656.png,train,RJ3PZ,pil_controlled,clean,222.1604375,72.69226280910915,0.0,0.1889375,0.652903898100362,0.0,0.0,True,False,1.0
pil_controlled_clean_000657.png,train,C8KPS,pil_controlled,clean,225.450375,71.34329006542504,0.0,0.1684375,0.6634197166073386,0.0,0.0,True,False,1.0
pil_controlled_clean_000658.png,train,ZZ2VF,pil_controlled,clean,229.54525,66.11411594688005,0.0,0.143875,0.6501741881945696,0.0,0.0,True,False,1.0
pil_controlled_clean_000659.png,train,X9AW8,pil_controlled,clean,216.7293125,77.16417022023462,0.0,0.222375,0.6910356079865483,0.0,0.0,True,False,1.0
pil_controlled_clean_000660.png,train,6E3CR,pil_controlled,clean,221.3205625,75.18283249641232,0.0,0.18575,0.6591223503504782,0.0,0.0,True,False,1.0
pil_controlled_clean_000661.png,train,URAE3,pil_controlled,clean,228.9903125,66.44765021166921,0.0,0.1505,0.6857990885720859,0.0,0.0,True,False,1.0
pil_controlled_clean_000662.png,train,6MTG4,pil_controlled,clean,222.8759375,70.0017842343757,0.0,0.19375,0.6569496632893292,0.0,0.0,True,False,1.0
pil_controlled_clean_000663.png,val,TLLP7,pil_controlled,clean,235.15575,59.25881362242666,0.0,0.11375,0.6686161819749676,0.0,0.0,True,False,1.0
pil_controlled_clean_000664.png,train,MTBA9,pil_controlled,clean,226.944875,64.9361279353364,0.0,0.1758125,0.6921764439824238,0.0,0.0,True,False,1.0
pil_controlled_clean_000665.png,train,64S9Z,pil_controlled,clean,228.4960625,65.51690800469825,0.0,0.15675,0.6650273416704785,0.0,0.0,True,False,1.0
pil_controlled_clean_000666.png,train,XPRN5,pil_controlled,clean,226.3913125,68.83284689759202,0.0,0.1690625,0.6865779928675664,0.0,0.0,True,False,1.0
pil_controlled_clean_000667.png,test,27TAS,pil_controlled,clean,231.3155625,64.74418493431355,0.0,0.1355625,0.6841712843397896,0.0,0.0,True,False,1.0
pil_controlled_clean_000668.png,train,MVMYS,pil_controlled,clean,228.132,63.480878624984385,0.0,0.173375,0.7230715182584063,0.0,0.0,True,False,1.0
pil_controlled_clean_000669.png,test,EJYHA,pil_controlled,clean,219.8665625,72.41956404821555,0.0,0.203,0.653017175489275,0.0,0.0,True,False,1.0
pil_controlled_clean_000670.png,train,93VTT,pil_controlled,clean,228.0635,68.14894326216658,0.0,0.150875,0.6694122977268682,0.0,0.0,True,False,1.0
pil_controlled_clean_000671.png,val,3QDCS,pil_controlled,clean,215.93,78.54063979876915,0.0,0.220875,0.6491462767121259,0.0,0.0,True,False,1.0
pil_controlled_clean_000672.png,train,XD9GZ,pil_controlled,clean,216.8921875,81.07444843453975,0.0,0.198875,0.6610650255361926,0.0,0.0,True,False,1.0
pil_controlled_clean_000673.png,val,H78RL,pil_controlled,clean,226.9438125,69.32231805461242,0.0,0.15425,0.6853434264933348,0.0,0.0,True,False,1.0
pil_controlled_clean_000674.png,train,68JGV,pil_controlled,clean,228.669375,65.81174619404484,0.0,0.155,0.6892878840349251,0.0,0.0,True,False,1.0
pil_controlled_clean_000675.png,train,XHPBJ,pil_controlled,clean,225.909125,69.55880150444209,0.0,0.1670625,0.6749664885541722,0.0,0.0,True,False,1.0
pil_controlled_clean_000676.png,test,QBXVF,pil_controlled,clean,216.820625,78.44020779937657,0.0,0.212625,0.6756417108136901,0.0,0.0,True,False,1.0
pil_controlled_clean_000677.png,train,SYARD,pil_controlled,clean,225.82525,68.27117043406754,0.0,0.17425,0.66751442330648,0.0,0.0,True,False,1.0
pil_controlled_clean_000678.png,train,BBLP9,pil_controlled,clean,221.470875,70.9206283582878,0.0,0.2031875,0.6577649293143385,0.0,0.0,True,False,1.0
pil_controlled_clean_000679.png,train,WARLG,pil_controlled,clean,227.82375,64.64203691049269,0.0,0.169125,0.7024800047893405,0.0,0.0,True,False,1.0
pil_controlled_clean_000680.png,train,S627R,pil_controlled,clean,219.9344375,75.29934105992292,0.0,0.195125,0.6604050860200753,0.0,0.0,True,False,1.0
pil_controlled_clean_000681.png,val,WUNFD,pil_controlled,clean,219.057,76.25794139629001,0.0,0.204,0.6780156131583774,0.0,0.0,True,False,1.0
pil_controlled_clean_000682.png,train,GZ4G9,pil_controlled,clean,223.2548125,71.86484194715692,0.0,0.1855625,0.6596511744801536,0.0,0.0,True,False,1.0
pil_controlled_clean_000683.png,val,6A8JM,pil_controlled,clean,221.155875,71.14592453531246,0.0,0.2100625,0.6836826020192657,0.0,0.0,True,False,1.0
pil_controlled_clean_000684.png,train,YHCV8,pil_controlled,clean,232.9683125,59.023322156604706,0.0,0.1395625,0.6903362099854338,0.0,0.0,True,False,1.0
pil_controlled_clean_000685.png,val,YHSAQ,pil_controlled,clean,227.1833125,69.88653721588545,0.0,0.1556875,0.6810601100573278,0.0,0.0,True,False,1.0
pil_controlled_clean_000686.png,train,9N5D2,pil_controlled,clean,220.4863125,72.40668693326842,0.0,0.21025,0.6756729321815085,0.0,0.0,True,False,1.0
pil_controlled_clean_000687.png,train,77VFB,pil_controlled,clean,228.3618125,65.47287628640461,0.0,0.1618125,0.6991462289490126,0.0,0.0,True,False,1.0
pil_controlled_clean_000688.png,train,DZVJT,pil_controlled,clean,234.9240625,57.888424326423795,0.0,0.1195625,0.684078824564975,0.0,0.0,True,False,1.0
pil_controlled_clean_000689.png,train,ECG4K,pil_controlled,clean,222.4296875,74.40565624434976,0.0,0.1780625,0.6644903522523684,0.0,0.0,True,False,1.0
pil_controlled_clean_000690.png,train,K7TX9,pil_controlled,clean,224.8908125,72.8501202167151,0.0,0.1636875,0.6830771768803088,0.0,0.0,True,False,1.0
pil_controlled_clean_000691.png,train,HEK54,pil_controlled,clean,226.5205,69.05001687001966,0.0,0.1624375,0.6846609953581695,0.0,0.0,True,False,1.0
pil_controlled_clean_000692.png,train,BESSF,pil_controlled,clean,220.275625,75.64709367093607,0.0,0.19175,0.6609653122856243,0.0,0.0,True,False,1.0
pil_controlled_clean_000693.png,train,6TJVN,pil_controlled,clean,227.26025,66.07827002833459,0.0,0.171875,0.6851679292225272,0.0,0.0,True,False,1.0
pil_controlled_clean_000694.png,test,HW3FE,pil_controlled,clean,221.611125,70.2393694891574,0.0,0.205625,0.683754379607872,0.0,0.0,True,False,1.0
pil_controlled_clean_000695.png,val,Q6NEL,pil_controlled,clean,219.3579375,75.73879087525819,0.0,0.198,0.6293823050417149,0.0,0.0,True,False,1.0
pil_controlled_clean_000696.png,train,7AN4Q,pil_controlled,clean,220.5770625,78.65714564723979,0.0,0.1796875,0.6887873890290241,0.0,0.0,True,False,1.0
pil_controlled_clean_000697.png,train,LD29M,pil_controlled,clean,219.605,72.85628387448813,0.0,0.2078125,0.6439878433355418,0.0,0.0,True,False,1.0
pil_controlled_clean_000698.png,train,MLEG3,pil_controlled,clean,229.730625,63.74379234175964,0.0,0.1520625,0.6923595460745939,0.0,0.0,True,False,1.0
pil_controlled_clean_000699.png,train,NU3BV,pil_controlled,clean,221.734875,71.28969391668318,0.0,0.1959375,0.6628039008185462,0.0,0.0,True,False,1.0
pil_controlled_clean_000700.png,train,KUWJE,pil_controlled,clean,214.161625,79.98305681429896,0.0,0.229,0.6691889437740692,0.0,0.0,True,False,1.0
pil_controlled_clean_000701.png,val,8CGKU,pil_controlled,clean,228.0739375,65.94697374213689,0.0,0.1625,0.6734825499689598,0.0,0.0,True,False,1.0
pil_controlled_clean_000702.png,val,XYFW9,pil_controlled,clean,228.8433125,64.33117254898548,0.0,0.1651875,0.7060615021249994,0.0,0.0,True,False,1.0
pil_controlled_clean_000703.png,val,RJXDK,pil_controlled,clean,228.42925,67.39046386127269,0.0,0.1524375,0.6908701359758109,0.0,0.0,True,False,1.0
pil_controlled_clean_000704.png,train,W8SPS,pil_controlled,clean,222.807375,72.41100241406257,0.0,0.186,0.6916852924532219,0.0,0.0,True,False,1.0
pil_controlled_clean_000705.png,train,D732Z,pil_controlled,clean,217.3765625,79.28122106264253,0.0,0.2054375,0.6617704302890746,0.0,0.0,True,False,1.0
pil_controlled_clean_000706.png,train,WCY7X,pil_controlled,clean,224.0016875,73.06086630099826,0.0,0.171875,0.6933323486574149,0.0,0.0,True,False,1.0
pil_controlled_clean_000707.png,train,WB3X5,pil_controlled,clean,213.96325,78.68596936199934,0.0,0.2394375,0.6753583510072506,0.0,0.0,True,False,1.0
pil_controlled_clean_000708.png,train,NVPVB,pil_controlled,clean,220.8656875,71.21476425329472,0.0,0.201375,0.6514102525169536,0.0,0.0,True,False,1.0
pil_controlled_clean_000709.png,val,QX9T9,pil_controlled,clean,216.02325,78.27993331267918,0.0,0.2203125,0.6585379931967303,0.0,0.0,True,False,1.0
pil_controlled_clean_000710.png,train,ETB3R,pil_controlled,clean,224.5515625,69.06091942125151,0.0,0.187375,0.6643982167660494,0.0,0.0,True,False,1.0
pil_controlled_clean_000711.png,test,872XU,pil_controlled,clean,226.3050625,68.49697985583812,0.0,0.1641875,0.6628867011963354,0.0,0.0,True,False,1.0
pil_controlled_clean_000712.png,test,25M7T,pil_controlled,clean,231.45525,62.9027403809842,0.0,0.1411875,0.7076553662456895,0.0,0.0,True,False,1.0
pil_controlled_clean_000713.png,train,APJU5,pil_controlled,clean,226.6004375,69.80151529378567,0.0,0.159375,0.6699893601345907,0.0,0.0,True,False,1.0
pil_controlled_clean_000714.png,train,HGRYH,pil_controlled,clean,219.6295,75.87653691853629,0.0,0.19575,0.6697703447694683,0.0,0.0,True,False,1.0
pil_controlled_clean_000715.png,train,FTCPD,pil_controlled,clean,230.2588125,64.39370760089719,0.0,0.142,0.6572571337124294,0.0,0.0,True,False,1.0
pil_controlled_clean_000716.png,test,C8QS8,pil_controlled,clean,231.2985625,60.651800656976334,0.0,0.15525,0.7052738673309802,0.0,0.0,True,False,1.0
pil_controlled_clean_000717.png,train,PLFB5,pil_controlled,clean,227.91025,65.96297120307347,0.0,0.1638125,0.6703406677394627,0.0,0.0,True,False,1.0
pil_controlled_clean_000718.png,train,SC9K2,pil_controlled,clean,226.3296875,67.86591370969924,0.0,0.1730625,0.6884778524449373,0.0,0.0,True,False,1.0
pil_controlled_clean_000719.png,train,4YYZ9,pil_controlled,clean,231.741,59.7048714009167,0.0,0.1463125,0.6731781632827958,0.0,0.0,True,False,1.0
pil_controlled_clean_000720.png,train,FX8BR,pil_controlled,clean,215.2828125,77.75121834794516,0.0,0.2281875,0.6741419824096913,0.0,0.0,True,False,1.0
pil_controlled_clean_000721.png,train,EH278,pil_controlled,clean,224.6773125,65.32746979852614,0.0,0.1935,0.6337666375709753,0.0,0.0,True,False,1.0
pil_controlled_clean_000722.png,train,LWXPH,pil_controlled,clean,223.6085625,71.09249583594315,0.0,0.1845625,0.6779145967632716,0.0,0.0,True,False,1.0
pil_controlled_clean_000723.png,train,423ZV,pil_controlled,clean,215.187875,79.43535549731224,0.0,0.219875,0.643741847891902,0.0,0.0,True,False,1.0
pil_controlled_clean_000724.png,train,6QBAW,pil_controlled,clean,229.195125,65.54722668606487,0.0,0.1549375,0.7113690863170923,0.0,0.0,True,False,1.0
pil_controlled_clean_000725.png,val,TNDLN,pil_controlled,clean,224.819875,71.32207883947561,0.0,0.1625625,0.6351928630375093,0.0,0.0,True,False,1.0
pil_controlled_clean_000726.png,test,5APAA,pil_controlled,clean,226.6093125,65.29989223404081,0.0,0.1788125,0.6902235793986476,0.0,0.0,True,False,1.0
pil_controlled_clean_000727.png,test,SZECU,pil_controlled,clean,212.6406875,82.18723871153809,0.0,0.2268125,0.6425793756410344,0.0,0.0,True,False,1.0
pil_controlled_clean_000728.png,train,NUC6W,pil_controlled,clean,215.0045625,79.670731242305,0.0,0.223125,0.6758919245148935,0.0,0.0,True,False,1.0
pil_controlled_clean_000729.png,train,ESC7H,pil_controlled,clean,221.7091875,70.72352148040879,0.0,0.1976875,0.6694874578314999,0.0,0.0,True,False,1.0
pil_controlled_clean_000730.png,train,8B6R2,pil_controlled,clean,222.0196875,72.66841593775347,0.0,0.1905,0.6741169193064384,0.0,0.0,True,False,1.0
pil_controlled_clean_000731.png,test,X7KXF,pil_controlled,clean,232.87075,59.58480443399559,0.0,0.1399375,0.7029577296983459,0.0,0.0,True,False,1.0
pil_controlled_clean_000732.png,val,LXETH,pil_controlled,clean,230.144875,66.99726588626118,0.0,0.1303125,0.6463333003879317,0.0,0.0,True,False,1.0
pil_controlled_clean_000733.png,train,YYDF3,pil_controlled,clean,228.5635625,67.00582407379672,0.0,0.1525,0.6893367000223762,0.0,0.0,True,False,1.0
pil_controlled_clean_000734.png,test,4CQ8K,pil_controlled,clean,202.760625,90.32497965463028,0.0,0.2715625,0.6493207921341025,0.0,0.0,True,False,1.0
pil_controlled_clean_000735.png,train,JHR64,pil_controlled,clean,222.0848125,70.4940165499161,0.0,0.1986875,0.6626927719201333,0.0,0.0,True,False,1.0
pil_controlled_clean_000736.png,val,KDRAK,pil_controlled,clean,215.2361875,80.19157002431642,0.0,0.2128125,0.6735535891365351,0.0,0.0,True,False,1.0
pil_controlled_clean_000737.png,val,RRVV8,pil_controlled,clean,218.6605,74.3294784372257,0.0,0.21575,0.6661836858564442,0.0,0.0,True,False,1.0
pil_controlled_clean_000738.png,train,SJEZ2,pil_controlled,clean,226.5433125,67.38187069996901,0.0,0.1699375,0.6586452323328712,0.0,0.0,True,False,1.0
pil_controlled_clean_000739.png,train,HV8R9,pil_controlled,clean,223.4785,70.00165560720689,0.0,0.1871875,0.6898964810763617,0.0,0.0,True,False,1.0
pil_controlled_clean_000740.png,train,7N4VR,pil_controlled,clean,216.261125,81.15095771914449,0.0,0.203125,0.6642093330200703,0.0,0.0,True,False,1.0
pil_controlled_clean_000741.png,train,EQZZ8,pil_controlled,clean,213.323625,82.08866558093982,0.0,0.2270625,0.6421528554491025,0.0,0.0,True,False,1.0
pil_controlled_clean_000742.png,test,2YY3F,pil_controlled,clean,234.008625,59.768861463218244,0.0,0.12475,0.6898484520328951,0.0,0.0,True,False,1.0
pil_controlled_clean_000743.png,train,SQYQS,pil_controlled,clean,226.4259375,67.15039660900071,0.0,0.1751875,0.6735221279094215,0.0,0.0,True,False,1.0
pil_controlled_clean_000744.png,val,QADNW,pil_controlled,clean,204.3904375,88.64241928139481,0.0,0.269625,0.6625489962580978,0.0,0.0,True,False,1.0
pil_controlled_clean_000745.png,train,PNFTB,pil_controlled,clean,226.9276875,66.94960573746752,0.0,0.1664375,0.675825734540725,0.0,0.0,True,False,1.0
pil_controlled_clean_000746.png,train,VXYG9,pil_controlled,clean,223.0595,73.76849656018483,0.0,0.1786875,0.6823854420463172,0.0,0.0,True,False,1.0
pil_controlled_clean_000747.png,train,5Z5Q3,pil_controlled,clean,227.8120625,65.42199069881696,0.0,0.168,0.654120288537908,0.0,0.0,True,False,1.0
pil_controlled_clean_000748.png,train,ZHGXJ,pil_controlled,clean,227.2898125,63.13871887530538,0.0,0.177625,0.6655707438744349,0.0,0.0,True,False,1.0
pil_controlled_clean_000749.png,test,9MHKK,pil_controlled,clean,223.1186875,69.30133729429284,0.0,0.196875,0.7077816317255682,0.0,0.0,True,False,1.0
pil_controlled_clean_000750.png,train,CNM74,pil_controlled,clean,225.737,67.11298928672453,0.0,0.1770625,0.6907019791610464,0.0,0.0,True,False,1.0
pil_controlled_clean_000751.png,train,TXSCS,pil_controlled,clean,224.427625,68.81739523448542,0.0,0.1814375,0.6659980512694195,0.0,0.0,True,False,1.0
pil_controlled_clean_000752.png,test,X3NG3,pil_controlled,clean,222.37475,73.19934127051623,0.0,0.184375,0.6771059947867106,0.0,0.0,True,False,1.0
pil_controlled_clean_000753.png,train,RJ7AK,pil_controlled,clean,235.3690625,57.35799404068359,0.0,0.1204375,0.7039201037486778,0.0,0.0,True,False,1.0
pil_controlled_clean_000754.png,test,KLZ89,pil_controlled,clean,224.4624375,68.30979771642275,0.0,0.1903125,0.676478461552954,0.0,0.0,True,False,1.0
pil_controlled_clean_000755.png,train,WP97H,pil_controlled,clean,221.2814375,73.27277021809392,0.0,0.191625,0.6637845233015482,0.0,0.0,True,False,1.0
pil_controlled_clean_000756.png,train,RJGGH,pil_controlled,clean,211.93575,79.59485769782808,0.0,0.2480625,0.6518144056304563,0.0,0.0,True,False,1.0
pil_controlled_clean_000757.png,train,HN4MZ,pil_controlled,clean,213.5814375,80.52713513427379,0.0,0.2258125,0.6729541798636433,0.0,0.0,True,False,1.0
pil_controlled_clean_000758.png,train,NYNV5,pil_controlled,clean,226.882875,64.86463910895039,0.0,0.1774375,0.674546893474801,0.0,0.0,True,False,1.0
pil_controlled_clean_000759.png,test,4Z3QX,pil_controlled,clean,218.9259375,75.50153940315451,0.0,0.209,0.6558094010261731,0.0,0.0,True,False,1.0
pil_controlled_clean_000760.png,val,P2N57,pil_controlled,clean,225.5954375,68.92318109086081,0.0,0.169125,0.6462151706881237,0.0,0.0,True,False,1.0
pil_controlled_clean_000761.png,train,V8ZJ9,pil_controlled,clean,224.95475,68.75540035108152,0.0,0.17825,0.6511545028786273,0.0,0.0,True,False,1.0
pil_controlled_clean_000762.png,train,FY9L7,pil_controlled,clean,221.1429375,71.90676172218502,0.0,0.1946875,0.6524607185986983,0.0,0.0,True,False,1.0
pil_controlled_clean_000763.png,train,7CCAQ,pil_controlled,clean,228.3815,64.88817271082613,0.0,0.16425,0.6771031011066935,0.0,0.0,True,False,1.0
pil_controlled_clean_000764.png,train,DYYXY,pil_controlled,clean,226.1898125,70.07078409519079,0.0,0.162625,0.6902360588033475,0.0,0.0,True,False,1.0
pil_controlled_clean_000765.png,train,L598S,pil_controlled,clean,228.6490625,65.31384064936844,0.0,0.15975,0.671419920097467,0.0,0.0,True,False,1.0
pil_controlled_clean_000766.png,test,8UL3J,pil_controlled,clean,226.4578125,63.44143437229996,0.0,0.1825625,0.6551084235897433,0.0,0.0,True,False,1.0
pil_controlled_clean_000767.png,train,YPN5X,pil_controlled,clean,226.8243125,67.2103094502796,0.0,0.16625,0.6921858149308084,0.0,0.0,True,False,1.0
pil_controlled_clean_000768.png,train,EEM2R,pil_controlled,clean,217.73225,77.02096993635888,0.0,0.2114375,0.6855979589861004,0.0,0.0,True,False,1.0
pil_controlled_clean_000769.png,train,86Y5A,pil_controlled,clean,228.8291875,65.99453394478851,0.0,0.1535,0.6856870170866705,0.0,0.0,True,False,1.0
pil_controlled_clean_000770.png,train,U6RR4,pil_controlled,clean,219.7934375,74.94674955882739,0.0,0.1979375,0.6794425148949321,0.0,0.0,True,False,1.0
pil_controlled_clean_000771.png,train,3VWPE,pil_controlled,clean,224.5060625,69.83077733525593,0.0,0.179,0.6782590756727829,0.0,0.0,True,False,1.0
pil_controlled_clean_000772.png,train,7ECCE,pil_controlled,clean,221.015375,72.52817220645626,0.0,0.1955,0.6658425952114584,0.0,0.0,True,False,1.0
pil_controlled_clean_000773.png,train,JNGFB,pil_controlled,clean,219.7074375,72.87098081324001,0.0,0.20775,0.6453665294775119,0.0,0.0,True,False,1.0
pil_controlled_clean_000774.png,train,BLMN6,pil_controlled,clean,204.614,84.76944027183382,0.0,0.2841875,0.6589459942456803,0.0,0.0,True,False,1.0
pil_controlled_clean_000775.png,train,HKLUD,pil_controlled,clean,216.2195,77.10441099411888,0.0,0.2205625,0.6628850013510926,0.0,0.0,True,False,1.0
pil_controlled_clean_000776.png,test,Z6P76,pil_controlled,clean,228.07325,63.71561923451344,0.0,0.1673125,0.6522790089070204,0.0,0.0,True,False,1.0
pil_controlled_clean_000777.png,train,S24KM,pil_controlled,clean,216.3648125,75.98438803030425,0.0,0.2253125,0.6671928075951439,0.0,0.0,True,False,1.0
pil_controlled_clean_000778.png,train,PGP4D,pil_controlled,clean,222.2085625,73.98672643916335,0.0,0.1810625,0.6623957982530092,0.0,0.0,True,False,1.0
pil_controlled_clean_000779.png,test,UN6CE,pil_controlled,clean,213.834,81.95467234392436,0.0,0.2265625,0.6620660067724702,0.0,0.0,True,False,1.0
pil_controlled_clean_000780.png,train,FZUWF,pil_controlled,clean,226.127625,70.63375405469665,0.0,0.156375,0.6633030518769649,0.0,0.0,True,False,1.0
pil_controlled_clean_000781.png,train,C3Z96,pil_controlled,clean,224.3953125,70.47944409916515,0.0,0.1806875,0.6594916699301916,0.0,0.0,True,False,1.0
pil_controlled_clean_000782.png,train,UX7N3,pil_controlled,clean,229.6523125,62.83144953685491,0.0,0.159125,0.684541420971088,0.0,0.0,True,False,1.0
pil_controlled_clean_000783.png,test,UGR2G,pil_controlled,clean,230.703125,62.48910097156443,0.0,0.1535,0.7016756210297219,0.0,0.0,True,False,1.0
pil_controlled_clean_000784.png,train,9QES9,pil_controlled,clean,216.9034375,78.96776470930143,0.0,0.2125625,0.6615590520558364,0.0,0.0,True,False,1.0
pil_controlled_clean_000785.png,train,E4U8U,pil_controlled,clean,224.775375,69.26680784191932,0.0,0.180125,0.6784139966732139,0.0,0.0,True,False,1.0
pil_controlled_clean_000786.png,train,KJCVA,pil_controlled,clean,224.098875,73.56659890014201,0.0,0.16525,0.6609761646996966,0.0,0.0,True,False,1.0
pil_controlled_clean_000787.png,train,WXK63,pil_controlled,clean,221.803875,72.39886677279122,0.0,0.19825,0.6684698137795431,0.0,0.0,True,False,1.0
pil_controlled_clean_000788.png,train,YFFPV,pil_controlled,clean,226.747625,70.66662707289329,0.0,0.1499375,0.6813607964880857,0.0,0.0,True,False,1.0
pil_controlled_clean_000789.png,train,ZG8AE,pil_controlled,clean,215.3865625,75.39069244232735,0.0,0.23575,0.6365347146156298,0.0,0.0,True,False,1.0
pil_controlled_clean_000790.png,val,E3PHD,pil_controlled,clean,222.026125,73.98947183541976,0.0,0.1859375,0.6638946785669988,0.0,0.0,True,False,1.0
pil_controlled_clean_000791.png,test,ZXQX2,pil_controlled,clean,226.1395,67.44883089980135,0.0,0.175,0.6971955673513839,0.0,0.0,True,False,1.0
pil_controlled_clean_000792.png,train,D5GL3,pil_controlled,clean,229.2884375,64.71501268105102,0.0,0.155625,0.6679571724384977,0.0,0.0,True,False,1.0
pil_controlled_clean_000793.png,train,2B9XF,pil_controlled,clean,223.08425,68.01223898635818,0.0,0.204375,0.6694520622168447,0.0,0.0,True,False,1.0
pil_controlled_clean_000794.png,val,LNWWD,pil_controlled,clean,203.4695,88.97013231837975,0.0,0.2746875,0.6533429262181678,0.0,0.0,True,False,1.0
pil_controlled_clean_000795.png,train,XBCLV,pil_controlled,clean,228.195,67.80470835421387,0.0,0.1540625,0.6721497160610135,0.0,0.0,True,False,1.0
pil_controlled_clean_000796.png,train,9TJ4Y,pil_controlled,clean,223.2509375,71.72579795911018,0.0,0.17825,0.6681234054821494,0.0,0.0,True,False,1.0
pil_controlled_clean_000797.png,train,QSDPE,pil_controlled,clean,228.2008125,62.31250766772145,0.0,0.170875,0.6693437082566175,0.0,0.0,True,False,1.0
pil_controlled_clean_000798.png,test,2L3HC,pil_controlled,clean,219.6955625,75.49524905786188,0.0,0.1976875,0.6398558917539606,0.0,0.0,True,False,1.0
pil_controlled_clean_000799.png,train,PMBX8,pil_controlled,clean,217.377375,76.9911274960263,0.0,0.2131875,0.6743246489594817,0.0,0.0,True,False,1.0
pil_controlled_clean_000800.png,test,DZR7B,pil_controlled,clean,224.5863125,68.09334897882717,0.0,0.1831875,0.6481327897227632,0.0,0.0,True,False,1.0
pil_controlled_clean_000801.png,test,F56B8,pil_controlled,clean,218.78675,76.53967859507578,0.0,0.2020625,0.6471474438460465,0.0,0.0,True,False,1.0
pil_controlled_clean_000802.png,train,TMCZD,pil_controlled,clean,221.493125,74.17280045767704,0.0,0.19275,0.6638697760620499,0.0,0.0,True,False,1.0
pil_controlled_clean_000803.png,test,E58RH,pil_controlled,clean,213.054375,83.63650768868445,0.0,0.2155625,0.6518374990038063,0.0,0.0,True,False,1.0
pil_controlled_clean_000804.png,train,4MJRX,pil_controlled,clean,223.4336875,74.87221098413177,0.0,0.1656875,0.6681494179140349,0.0,0.0,True,False,1.0
pil_controlled_clean_000805.png,train,U9FDE,pil_controlled,clean,215.1951875,79.19364535327216,0.0,0.2178125,0.6464807093729392,0.0,0.0,True,False,1.0
pil_controlled_clean_000806.png,test,KRE5Q,pil_controlled,clean,220.906625,73.10855562866342,0.0,0.1939375,0.6593392845292146,0.0,0.0,True,False,1.0
pil_controlled_clean_000807.png,train,UC2KK,pil_controlled,clean,221.343,72.03374800050321,0.0,0.2028125,0.6640746646437476,0.0,0.0,True,False,1.0
pil_controlled_clean_000808.png,train,YCVHW,pil_controlled,clean,228.698,64.95368866353935,0.0,0.161625,0.705188888441028,0.0,0.0,True,False,1.0
pil_controlled_clean_000809.png,test,DXHAM,pil_controlled,clean,215.37025,79.10829469744309,0.0,0.2181875,0.6629258753270472,0.0,0.0,True,False,1.0
pil_controlled_clean_000810.png,train,TUQBJ,pil_controlled,clean,218.706375,74.91726709750813,0.0,0.2136875,0.6592996801987228,0.0,0.0,True,False,1.0
pil_controlled_clean_000811.png,train,FW8CW,pil_controlled,clean,216.705125,79.0280072109526,0.0,0.2136875,0.6703647808711553,0.0,0.0,True,False,1.0
pil_controlled_clean_000812.png,val,DZYZ9,pil_controlled,clean,227.143125,66.81790284223516,0.0,0.1636875,0.6555256749780413,0.0,0.0,True,False,1.0
pil_controlled_clean_000813.png,val,SAEG8,pil_controlled,clean,220.62575,73.23625254569967,0.0,0.2028125,0.6806045899137304,0.0,0.0,True,False,1.0
pil_controlled_clean_000814.png,train,5XWUQ,pil_controlled,clean,207.767625,86.85607348861319,0.0,0.25475,0.659743663493984,0.0,0.0,True,False,1.0
pil_controlled_clean_000815.png,train,47UKT,pil_controlled,clean,232.012625,58.29130801937263,0.0,0.14575,0.6567256725524913,0.0,0.0,True,False,1.0
pil_controlled_clean_000816.png,val,8HDLS,pil_controlled,clean,221.0146875,76.14343190175595,0.0,0.18625,0.681641488912987,0.0,0.0,True,False,1.0
pil_controlled_clean_000817.png,val,AXN6M,pil_controlled,clean,213.852875,79.10558042410393,0.0,0.238375,0.6802609768162877,0.0,0.0,True,False,1.0
pil_controlled_clean_000818.png,val,L83VE,pil_controlled,clean,237.312875,51.26078163893305,0.0,0.1189375,0.6688913982636352,0.0,0.0,True,False,1.0
pil_controlled_clean_000819.png,train,FLDVN,pil_controlled,clean,230.607,64.38174955684258,0.0,0.140875,0.6732319426342905,0.0,0.0,True,False,1.0
pil_controlled_clean_000820.png,test,27ZTK,pil_controlled,clean,233.2695,58.028401406121816,0.0,0.14,0.6850523443181458,0.0,0.0,True,False,1.0
pil_controlled_clean_000821.png,test,UGQAL,pil_controlled,clean,213.52625,80.9234263729453,0.0,0.2328125,0.6547609524857014,0.0,0.0,True,False,1.0
pil_controlled_clean_000822.png,test,RUZQ5,pil_controlled,clean,212.491375,77.70827449898353,0.0,0.2493125,0.6567826998051269,0.0,0.0,True,False,1.0
pil_controlled_clean_000823.png,test,7ZUEG,pil_controlled,clean,230.63,65.28568928180202,0.0,0.138,0.685080856118977,0.0,0.0,True,False,1.0
pil_controlled_clean_000824.png,train,THVGP,pil_controlled,clean,221.708125,72.19300387838406,0.0,0.193375,0.6513549534596389,0.0,0.0,True,False,1.0
pil_controlled_clean_000825.png,train,QPGMV,pil_controlled,clean,216.808,78.14022418703442,0.0,0.215625,0.6636198829126166,0.0,0.0,True,False,1.0
pil_controlled_clean_000826.png,train,AUUW4,pil_controlled,clean,205.8406875,89.40225140916388,0.0,0.2555625,0.6761988994330321,0.0,0.0,True,False,1.0
pil_controlled_clean_000827.png,val,BMXVP,pil_controlled,clean,217.6764375,76.79468239929503,0.0,0.208,0.6696154183998184,0.0,0.0,True,False,1.0
pil_controlled_clean_000828.png,train,59F2A,pil_controlled,clean,224.4209375,72.04204414174471,0.0,0.1735625,0.677239782294667,0.0,0.0,True,False,1.0
pil_controlled_clean_000829.png,train,E4PZ9,pil_controlled,clean,229.2845625,64.4476257257286,0.0,0.1505625,0.6686377344956413,0.0,0.0,True,False,1.0
pil_controlled_clean_000830.png,train,HX7BY,pil_controlled,clean,232.057,61.92779364711776,0.0,0.135375,0.6896642536650384,0.0,0.0,True,False,1.0
pil_controlled_clean_000831.png,train,TXZDP,pil_controlled,clean,230.2090625,61.93901420244831,0.0,0.1485625,0.6512055595631967,0.0,0.0,True,False,1.0
pil_controlled_clean_000832.png,train,WDV3T,pil_controlled,clean,219.7809375,74.34806705033489,0.0,0.2013125,0.6682986165904872,0.0,0.0,True,False,1.0
pil_controlled_clean_000833.png,val,LKT7S,pil_controlled,clean,228.5495,67.09100479758818,0.0,0.149,0.6606216764593379,0.0,0.0,True,False,1.0
pil_controlled_clean_000834.png,train,YHN9V,pil_controlled,clean,233.2770625,58.18819080252533,0.0,0.136625,0.7023970916313805,0.0,0.0,True,False,1.0
pil_controlled_clean_000835.png,train,V2KEB,pil_controlled,clean,223.5616875,70.8228349097404,0.0,0.182625,0.6624260786333782,0.0,0.0,True,False,1.0
pil_controlled_clean_000836.png,test,Y4WVA,pil_controlled,clean,219.705375,77.26103284392057,0.0,0.1913125,0.7007913546913098,0.0,0.0,True,False,1.0
pil_controlled_clean_000837.png,train,2FQRK,pil_controlled,clean,215.1118125,76.25390275562846,0.0,0.23725,0.6511872315112913,0.0,0.0,True,False,1.0
pil_controlled_clean_000838.png,train,CVE32,pil_controlled,clean,222.182125,72.92736681441595,0.0,0.1866875,0.6678762099772532,0.0,0.0,True,False,1.0
pil_controlled_clean_000839.png,test,YMGEU,pil_controlled,clean,222.8375,73.40854407866975,0.0,0.179375,0.6916834500012427,0.0,0.0,True,False,1.0
pil_controlled_clean_000840.png,train,3NXJW,pil_controlled,clean,232.6343125,59.26847041346979,0.0,0.1475,0.7291761260204128,0.0,0.0,True,False,1.0
pil_controlled_clean_000841.png,train,3BKAU,pil_controlled,clean,204.8360625,82.97196551845747,0.0,0.2885,0.6518837002885554,0.0,0.0,True,False,1.0
pil_controlled_clean_000842.png,train,SCR33,pil_controlled,clean,223.33325,69.59295183017817,0.0,0.1926875,0.6808741979191276,0.0,0.0,True,False,1.0
pil_controlled_clean_000843.png,val,ZUJGN,pil_controlled,clean,217.58525,75.97619516952334,0.0,0.219625,0.6682792728600008,0.0,0.0,True,False,1.0
pil_controlled_clean_000844.png,train,9KTZR,pil_controlled,clean,220.415125,77.21764400857083,0.0,0.1839375,0.6580764634304596,0.0,0.0,True,False,1.0
pil_controlled_clean_000845.png,test,RMB28,pil_controlled,clean,220.2968125,74.12709838405819,0.0,0.2015625,0.6752542070850199,0.0,0.0,True,False,1.0
pil_controlled_clean_000846.png,train,HWTWZ,pil_controlled,clean,224.6535,71.34326045780358,0.0,0.172375,0.6787163630607848,0.0,0.0,True,False,1.0
pil_controlled_clean_000847.png,train,8RFBW,pil_controlled,clean,225.143,70.38273173158314,0.0,0.1739375,0.6772888575725026,0.0,0.0,True,False,1.0
pil_controlled_clean_000848.png,train,ZX7JR,pil_controlled,clean,223.588125,71.58781047765306,0.0,0.177,0.6572421422141643,0.0,0.0,True,False,1.0
pil_controlled_clean_000849.png,train,J3P8H,pil_controlled,clean,230.583625,62.30586053381636,0.0,0.150625,0.6617590697363283,0.0,0.0,True,False,1.0
pil_controlled_clean_000850.png,train,2MB5X,pil_controlled,clean,213.1960625,82.36988677299547,0.0,0.2288125,0.6830181947930957,0.0,0.0,True,False,1.0
pil_controlled_clean_000851.png,train,ZGYTD,pil_controlled,clean,223.0845,70.59798676130929,0.0,0.1841875,0.6446387584173437,0.0,0.0,True,False,1.0
pil_controlled_clean_000852.png,train,LXNPL,pil_controlled,clean,217.46975,75.04655278517129,0.0,0.2153125,0.6323161020719211,0.0,0.0,True,False,1.0
pil_controlled_clean_000853.png,val,3LDBP,pil_controlled,clean,226.3539375,68.76381254516139,0.0,0.1650625,0.6632772037091561,0.0,0.0,True,False,1.0
pil_controlled_clean_000854.png,test,35MLM,pil_controlled,clean,232.14975,62.10721737396951,0.0,0.1371875,0.697879961868343,0.0,0.0,True,False,1.0
pil_controlled_clean_000855.png,train,9VK6V,pil_controlled,clean,230.6888125,62.75914953088389,0.0,0.1520625,0.7054688295450668,0.0,0.0,True,False,1.0
pil_controlled_clean_000856.png,train,NAAEU,pil_controlled,clean,229.0900625,66.53912909894518,0.0,0.148375,0.6930332568784894,0.0,0.0,True,False,1.0
pil_controlled_clean_000857.png,train,ZGT7M,pil_controlled,clean,206.791625,88.35389609326447,0.0,0.2473125,0.6373945939324086,0.0,0.0,True,False,1.0
pil_controlled_clean_000858.png,test,3VP88,pil_controlled,clean,225.8756875,66.20590690340511,0.0,0.1815,0.6680190662196867,0.0,0.0,True,False,1.0
pil_controlled_clean_000859.png,train,K67E5,pil_controlled,clean,226.1519375,69.27627644075635,0.0,0.1631875,0.6638713998934633,0.0,0.0,True,False,1.0
pil_controlled_clean_000860.png,train,9PEGV,pil_controlled,clean,219.1631875,73.99742939683678,0.0,0.2066875,0.6437438550444619,0.0,0.0,True,False,1.0
pil_controlled_clean_000861.png,train,DBGXJ,pil_controlled,clean,218.255,72.82513027794732,0.0,0.2220625,0.6600237743151758,0.0,0.0,True,False,1.0
pil_controlled_clean_000862.png,train,9LRQF,pil_controlled,clean,223.72825,70.51024235483452,0.0,0.1856875,0.6628896741378648,0.0,0.0,True,False,1.0
pil_controlled_clean_000863.png,train,6ZE39,pil_controlled,clean,217.71275,78.1451509208185,0.0,0.2075,0.6570636666734893,0.0,0.0,True,False,1.0
pil_controlled_clean_000864.png,train,SW83C,pil_controlled,clean,208.004375,81.74992954651016,0.0,0.2693125,0.6560755652920481,0.0,0.0,True,False,1.0
pil_controlled_clean_000865.png,train,4PP48,pil_controlled,clean,231.5099375,65.90260826588045,0.0,0.1268125,0.6900117786914088,0.0,0.0,True,False,1.0
pil_controlled_clean_000866.png,train,98CLR,pil_controlled,clean,227.8724375,65.07574848058678,0.0,0.167375,0.6654292921738776,0.0,0.0,True,False,1.0
pil_controlled_clean_000867.png,train,P9C86,pil_controlled,clean,229.8899375,61.39073178213543,0.0,0.162,0.6782067044628193,0.0,0.0,True,False,1.0
pil_controlled_clean_000868.png,train,BDT26,pil_controlled,clean,226.7848125,67.61104112376798,0.0,0.1723125,0.6807951202098688,0.0,0.0,True,False,1.0
pil_controlled_clean_000869.png,val,R4W5T,pil_controlled,clean,224.207,67.90871741536576,0.0,0.1908125,0.6833106337552436,0.0,0.0,True,False,1.0
pil_controlled_clean_000870.png,train,C5LH3,pil_controlled,clean,229.7364375,63.85388083201046,0.0,0.1538125,0.6631866897176829,0.0,0.0,True,False,1.0
pil_controlled_clean_000871.png,train,AD34P,pil_controlled,clean,226.4441875,64.75290445196141,0.0,0.1791875,0.6600997914664719,0.0,0.0,True,False,1.0
pil_controlled_clean_000872.png,train,LKXAZ,pil_controlled,clean,218.9111875,79.48085807186435,0.0,0.1915625,0.6730592193440698,0.0,0.0,True,False,1.0
pil_controlled_clean_000873.png,train,PP7PH,pil_controlled,clean,222.4764375,72.4696751738863,0.0,0.181,0.6380175872091964,0.0,0.0,True,False,1.0
pil_controlled_clean_000874.png,train,E84TG,pil_controlled,clean,223.363375,74.31373078785221,0.0,0.1709375,0.65919794254338,0.0,0.0,True,False,1.0
pil_controlled_clean_000875.png,train,4XPKS,pil_controlled,clean,228.711,68.18801657182881,0.0,0.1494375,0.6985650397331481,0.0,0.0,True,False,1.0
pil_controlled_clean_000876.png,test,5EKYX,pil_controlled,clean,222.1206875,71.69952054949421,0.0,0.1948125,0.6775188696760638,0.0,0.0,True,False,1.0
pil_controlled_clean_000877.png,train,ST2MW,pil_controlled,clean,215.99125,79.83795258796094,0.0,0.2151875,0.6937311742308679,0.0,0.0,True,False,1.0
pil_controlled_clean_000878.png,val,V5A3J,pil_controlled,clean,220.6208125,75.43262907614877,0.0,0.1885625,0.66240246988528,0.0,0.0,True,False,1.0
pil_controlled_clean_000879.png,train,JRAUG,pil_controlled,clean,218.32875,75.39985609029702,0.0,0.21,0.646736156240069,0.0,0.0,True,False,1.0
pil_controlled_clean_000880.png,train,GQKVL,pil_controlled,clean,220.807,74.23182690733134,0.0,0.1941875,0.6736015831361221,0.0,0.0,True,False,1.0
pil_controlled_clean_000881.png,val,TYLV6,pil_controlled,clean,230.4741875,64.58587952265451,0.0,0.144625,0.6852029633730372,0.0,0.0,True,False,1.0
pil_controlled_clean_000882.png,val,BMQJ9,pil_controlled,clean,219.802875,70.47941111937851,0.0,0.2261875,0.6841972916493813,0.0,0.0,True,False,1.0
pil_controlled_clean_000883.png,train,XZ7D4,pil_controlled,clean,228.528,64.77620100005866,0.0,0.1596875,0.6755167356653632,0.0,0.0,True,False,1.0
pil_controlled_clean_000884.png,test,RL4YX,pil_controlled,clean,228.2146875,68.9767168816938,0.0,0.144625,0.6651050331495313,0.0,0.0,True,False,1.0
pil_controlled_clean_000885.png,train,C2NUX,pil_controlled,clean,229.0170625,62.94182747880056,0.0,0.16275,0.6724912819653629,0.0,0.0,True,False,1.0
pil_controlled_clean_000886.png,train,UE2RN,pil_controlled,clean,229.6720625,62.277147851327406,0.0,0.16125,0.6998543691017715,0.0,0.0,True,False,1.0
pil_controlled_clean_000887.png,train,N2B8J,pil_controlled,clean,232.28675,58.83213959595129,0.0,0.1474375,0.714544540924218,0.0,0.0,True,False,1.0
pil_controlled_clean_000888.png,train,NBNNQ,pil_controlled,clean,218.9459375,75.77585624554891,0.0,0.2024375,0.6502178108586575,0.0,0.0,True,False,1.0
pil_controlled_clean_000889.png,train,824ZU,pil_controlled,clean,223.5061875,69.92531702977716,0.0,0.186875,0.6654327089100895,0.0,0.0,True,False,1.0
pil_controlled_clean_000890.png,train,6MHR9,pil_controlled,clean,224.30725,68.32323889012801,0.0,0.1865,0.6823345136914521,0.0,0.0,True,False,1.0
pil_controlled_clean_000891.png,train,ARNNB,pil_controlled,clean,222.7945625,72.71397120178209,0.0,0.1813125,0.696618511568768,0.0,0.0,True,False,1.0
pil_controlled_clean_000892.png,train,YAPQN,pil_controlled,clean,223.3156875,69.74679045592237,0.0,0.19,0.6798750954187284,0.0,0.0,True,False,1.0
pil_controlled_clean_000893.png,test,V52FK,pil_controlled,clean,222.0370625,70.76427109686846,0.0,0.1989375,0.6811866297403388,0.0,0.0,True,False,1.0
pil_controlled_clean_000894.png,train,RKG9C,pil_controlled,clean,214.57675,77.63178543249857,0.0,0.234625,0.665260068475209,0.0,0.0,True,False,1.0
pil_controlled_clean_000895.png,test,KDTSU,pil_controlled,clean,226.809125,67.06007990402618,0.0,0.1689375,0.6650553511752554,0.0,0.0,True,False,1.0
pil_controlled_clean_000896.png,train,URFG5,pil_controlled,clean,229.800125,64.29058290282003,0.0,0.1490625,0.665902487784123,0.0,0.0,True,False,1.0
pil_controlled_clean_000897.png,train,FHDV4,pil_controlled,clean,223.5906875,68.77937118626008,0.0,0.187875,0.6559876696079014,0.0,0.0,True,False,1.0
pil_controlled_clean_000898.png,train,MDRDM,pil_controlled,clean,208.261625,83.33146270982752,0.0,0.2625625,0.6723876139839865,0.0,0.0,True,False,1.0
pil_controlled_clean_000899.png,val,K7JNJ,pil_controlled,clean,232.755625,62.16191986143426,0.0,0.13175,0.7119198606626129,0.0,0.0,True,False,1.0
pil_controlled_clean_000900.png,test,Z7RNB,pil_controlled,clean,221.5003125,71.75952288652945,0.0,0.1950625,0.6622433536687865,0.0,0.0,True,False,1.0
pil_controlled_clean_000901.png,train,GMLWM,pil_controlled,clean,212.934625,78.17978383897832,0.0,0.25275,0.7074189600910339,0.0,0.0,True,False,1.0
pil_controlled_clean_000902.png,val,VHL27,pil_controlled,clean,231.157625,64.02461854130311,0.0,0.1334375,0.6670617036022737,0.0,0.0,True,False,1.0
pil_controlled_clean_000903.png,train,8FVQ9,pil_controlled,clean,220.262875,72.48090711859486,0.0,0.2119375,0.6775807105202701,0.0,0.0,True,False,1.0
pil_controlled_clean_000904.png,train,R4MQY,pil_controlled,clean,208.89075,84.7193694761564,0.0,0.25175,0.6660815981522611,0.0,0.0,True,False,1.0
pil_controlled_clean_000905.png,train,9GU5W,pil_controlled,clean,227.468625,66.43772377655165,0.0,0.1694375,0.7105425166299927,0.0,0.0,True,False,1.0
pil_controlled_clean_000906.png,train,8Z7KR,pil_controlled,clean,223.0616875,72.48481828736514,0.0,0.1794375,0.651521834339951,0.0,0.0,True,False,1.0
pil_controlled_clean_000907.png,val,SBGF8,pil_controlled,clean,223.792875,68.9077624381635,0.0,0.190625,0.6628041281286388,0.0,0.0,True,False,1.0
pil_controlled_clean_000908.png,train,BKB6U,pil_controlled,clean,221.4093125,71.63394639259619,0.0,0.2001875,0.6673088967389231,0.0,0.0,True,False,1.0
pil_controlled_clean_000909.png,val,RDAC3,pil_controlled,clean,223.6230625,71.29184985411091,0.0,0.1839375,0.668228158209619,0.0,0.0,True,False,1.0
pil_controlled_clean_000910.png,train,3CW7K,pil_controlled,clean,218.2379375,72.52688172840533,0.0,0.2260625,0.6553077711944295,0.0,0.0,True,False,1.0
pil_controlled_clean_000911.png,train,EA8LU,pil_controlled,clean,229.091125,65.1385394465855,0.0,0.1518125,0.6543116120493557,0.0,0.0,True,False,1.0
pil_controlled_clean_000912.png,train,L4LFL,pil_controlled,clean,230.23675,64.22593478835087,0.0,0.1406875,0.6540420523350245,0.0,0.0,True,False,1.0
pil_controlled_clean_000913.png,test,EUZLN,pil_controlled,clean,227.4339375,65.37707175108177,0.0,0.16825,0.6804224197998335,0.0,0.0,True,False,1.0
pil_controlled_clean_000914.png,train,AUF59,pil_controlled,clean,228.0619375,67.63645911227238,0.0,0.15325,0.678601181067891,0.0,0.0,True,False,1.0
pil_controlled_clean_000915.png,test,3UZH9,pil_controlled,clean,233.536375,57.10229572319641,0.0,0.1410625,0.7104047568261251,0.0,0.0,True,False,1.0
pil_controlled_clean_000916.png,train,4XQ3L,pil_controlled,clean,223.8445625,71.23452657724057,0.0,0.181625,0.6659022186468652,0.0,0.0,True,False,1.0
pil_controlled_clean_000917.png,train,EC4B8,pil_controlled,clean,226.8338125,68.6707775856284,0.0,0.16375,0.6828398709453805,0.0,0.0,True,False,1.0
pil_controlled_clean_000918.png,train,NCLFH,pil_controlled,clean,224.44925,71.63852088393158,0.0,0.1694375,0.6663988045761327,0.0,0.0,True,False,1.0
pil_controlled_clean_000919.png,train,CKHKE,pil_controlled,clean,218.5628125,74.7995800762935,0.0,0.21175,0.6696910203052363,0.0,0.0,True,False,1.0
pil_controlled_clean_000920.png,train,4U8P8,pil_controlled,clean,225.4719375,69.2886784582885,0.0,0.1715,0.6710554940506098,0.0,0.0,True,False,1.0
pil_controlled_clean_000921.png,train,ZE874,pil_controlled,clean,226.3518125,68.30806533978871,0.0,0.1670625,0.6694457316614781,0.0,0.0,True,False,1.0
pil_controlled_clean_000922.png,train,UMNMP,pil_controlled,clean,203.2130625,88.43065385866541,0.0,0.2758125,0.6814638719471143,0.0,0.0,True,False,1.0
pil_controlled_clean_000923.png,train,L6V2J,pil_controlled,clean,226.1849375,67.74348758826264,0.0,0.1716875,0.6574296208771019,0.0,0.0,True,False,1.0
pil_controlled_clean_000924.png,test,QGZMX,pil_controlled,clean,221.347375,73.06921345963273,0.0,0.198,0.681338188091966,0.0,0.0,True,False,1.0
pil_controlled_clean_000925.png,train,QXAYU,pil_controlled,clean,217.4584375,75.81683370174855,0.0,0.2195625,0.6899493443253464,0.0,0.0,True,False,1.0
pil_controlled_clean_000926.png,train,XNRQJ,pil_controlled,clean,216.65025,78.90869517953962,0.0,0.2135,0.6557074825600431,0.0,0.0,True,False,1.0
pil_controlled_clean_000927.png,train,PP4Z2,pil_controlled,clean,221.9131875,76.01099115318682,0.0,0.1748125,0.6710786224857448,0.0,0.0,True,False,1.0
pil_controlled_clean_000928.png,train,MW3RQ,pil_controlled,clean,208.959125,83.18053530865484,0.0,0.2641875,0.6909740919118421,0.0,0.0,True,False,1.0
pil_controlled_clean_000929.png,test,2PXSM,pil_controlled,clean,226.0021875,66.02341200449159,0.0,0.1838125,0.6690133554763281,0.0,0.0,True,False,1.0
pil_controlled_clean_000930.png,test,WBF2X,pil_controlled,clean,212.884625,82.53253715117071,0.0,0.2235,0.6570573746974699,0.0,0.0,True,False,1.0
pil_controlled_clean_000931.png,train,Q65TM,pil_controlled,clean,218.045625,74.49831570820496,0.0,0.2189375,0.6616576019810393,0.0,0.0,True,False,1.0
pil_controlled_clean_000932.png,train,DAH78,pil_controlled,clean,229.234,65.83080866129474,0.0,0.1504375,0.6839016329868001,0.0,0.0,True,False,1.0
pil_controlled_clean_000933.png,val,962DE,pil_controlled,clean,225.2229375,68.45416248389205,0.0,0.1755625,0.6429897555336014,0.0,0.0,True,False,1.0
pil_controlled_clean_000934.png,train,3PDV6,pil_controlled,clean,219.94425,78.22994961609972,0.0,0.183625,0.6442337184438985,0.0,0.0,True,False,1.0
pil_controlled_clean_000935.png,train,EW2XB,pil_controlled,clean,221.8801875,72.04703121895339,0.0,0.19575,0.7092245327281954,0.0,0.0,True,False,1.0
pil_controlled_clean_000936.png,val,AX2BQ,pil_controlled,clean,216.675125,78.5511820804396,0.0,0.2136875,0.6449983318031204,0.0,0.0,True,False,1.0
pil_controlled_clean_000937.png,train,3TVWL,pil_controlled,clean,231.2009375,63.36922112998623,0.0,0.141125,0.6887769516958311,0.0,0.0,True,False,1.0
pil_controlled_clean_000938.png,train,N3T7H,pil_controlled,clean,224.093,71.45372349290133,0.0,0.17325,0.67219861368613,0.0,0.0,True,False,1.0
pil_controlled_clean_000939.png,test,U4RKB,pil_controlled,clean,224.30975,66.78714363511514,0.0,0.1934375,0.6852998149188718,0.0,0.0,True,False,1.0
pil_controlled_clean_000940.png,train,V5WYF,pil_controlled,clean,211.8445625,83.40797639724629,0.0,0.2319375,0.6709912093066904,0.0,0.0,True,False,1.0
pil_controlled_clean_000941.png,val,UKV4B,pil_controlled,clean,222.0038125,74.32655765582612,0.0,0.18525,0.6636418524334868,0.0,0.0,True,False,1.0
pil_controlled_clean_000942.png,test,5EE4F,pil_controlled,clean,232.773125,59.520044125776444,0.0,0.13625,0.6891281034119005,0.0,0.0,True,False,1.0
pil_controlled_clean_000943.png,val,WECRC,pil_controlled,clean,229.1889375,62.98193185446993,0.0,0.1638125,0.6943527353516233,0.0,0.0,True,False,1.0
pil_controlled_clean_000944.png,train,JKMQT,pil_controlled,clean,220.1078125,73.96436685299783,0.0,0.20175,0.659487451941845,0.0,0.0,True,False,1.0
pil_controlled_clean_000945.png,train,J9JWP,pil_controlled,clean,228.577875,67.82621403619972,0.0,0.1491875,0.6726877172288781,0.0,0.0,True,False,1.0
pil_controlled_clean_000946.png,train,4TGSL,pil_controlled,clean,226.8590625,70.8624156314269,0.0,0.1524375,0.6572270045540529,0.0,0.0,True,False,1.0
pil_controlled_clean_000947.png,train,KESR7,pil_controlled,clean,224.9669375,70.52386187930361,0.0,0.1723125,0.6671180945903327,0.0,0.0,True,False,1.0
pil_controlled_clean_000948.png,val,X2UKG,pil_controlled,clean,226.8863125,70.09892572395346,0.0,0.1608125,0.6965168423194825,0.0,0.0,True,False,1.0
pil_controlled_clean_000949.png,val,8ZLQL,pil_controlled,clean,229.662875,65.65082708339915,0.0,0.145,0.6647041948849477,0.0,0.0,True,False,1.0
pil_controlled_clean_000950.png,train,YHYDT,pil_controlled,clean,223.0680625,71.01272987990318,0.0,0.1825,0.6609457682984738,0.0,0.0,True,False,1.0
pil_controlled_clean_000951.png,train,FSTQJ,pil_controlled,clean,227.158,68.62947279412832,0.0,0.155375,0.641528636498197,0.0,0.0,True,False,1.0
pil_controlled_clean_000952.png,train,4AA8X,pil_controlled,clean,225.45925,71.72812359484597,0.0,0.163,0.6947125127383794,0.0,0.0,True,False,1.0
pil_controlled_clean_000953.png,train,GUQCZ,pil_controlled,clean,218.1310625,77.7169600867217,0.0,0.2053125,0.6646601841469265,0.0,0.0,True,False,1.0
pil_controlled_clean_000954.png,train,BLRBE,pil_controlled,clean,212.046625,82.70167743830457,0.0,0.2333125,0.6684190697558237,0.0,0.0,True,False,1.0
pil_controlled_clean_000955.png,test,4ZJ4F,pil_controlled,clean,231.3173125,62.54361478422353,0.0,0.1385625,0.6634919938068232,0.0,0.0,True,False,1.0
pil_controlled_clean_000956.png,train,PZ58X,pil_controlled,clean,225.3889375,69.70268854299017,0.0,0.175125,0.6794905080942427,0.0,0.0,True,False,1.0
pil_controlled_clean_000957.png,train,8H342,pil_controlled,clean,231.1988125,60.31288242233035,0.0,0.1523125,0.6833404227088343,0.0,0.0,True,False,1.0
pil_controlled_clean_000958.png,val,VCNMP,pil_controlled,clean,222.5641875,73.2558675463259,0.0,0.1834375,0.6717221553654875,0.0,0.0,True,False,1.0
pil_controlled_clean_000959.png,train,4L5XE,pil_controlled,clean,212.556375,81.82057471601733,0.0,0.2284375,0.6449834120094393,0.0,0.0,True,False,1.0
pil_controlled_clean_000960.png,val,Z82HD,pil_controlled,clean,224.7948125,72.18565013622752,0.0,0.1656875,0.6773819272337107,0.0,0.0,True,False,1.0
pil_controlled_clean_000961.png,train,ACNZJ,pil_controlled,clean,217.227875,74.15073295648786,0.0,0.22575,0.6452406009476161,0.0,0.0,True,False,1.0
pil_controlled_clean_000962.png,val,ZKCAS,pil_controlled,clean,220.659625,75.63087841523047,0.0,0.19,0.659573397474606,0.0,0.0,True,False,1.0
pil_controlled_clean_000963.png,train,WC6GT,pil_controlled,clean,221.621625,74.25952182959014,0.0,0.19025,0.6718051647604423,0.0,0.0,True,False,1.0
pil_controlled_clean_000964.png,val,B9FCU,pil_controlled,clean,223.3224375,71.56872813288352,0.0,0.1835625,0.6708754168549947,0.0,0.0,True,False,1.0
pil_controlled_clean_000965.png,val,DSWFF,pil_controlled,clean,225.2966875,69.57247508194129,0.0,0.171375,0.6655322175840294,0.0,0.0,True,False,1.0
pil_controlled_clean_000966.png,train,96X9P,pil_controlled,clean,229.38475,66.78234959506517,0.0,0.1448125,0.6843829187626572,0.0,0.0,True,False,1.0
pil_controlled_clean_000967.png,train,K5NH5,pil_controlled,clean,216.110125,80.07950188708952,0.0,0.2120625,0.6780599350655865,0.0,0.0,True,False,1.0
pil_controlled_clean_000968.png,train,ZC985,pil_controlled,clean,231.9895,61.2722093591377,0.0,0.144125,0.6785709126194228,0.0,0.0,True,False,1.0
pil_controlled_clean_000969.png,test,SHRBZ,pil_controlled,clean,215.9818125,77.83725478018123,0.0,0.217125,0.6515994104619548,0.0,0.0,True,False,1.0
pil_controlled_clean_000970.png,train,2P8JQ,pil_controlled,clean,219.9743125,74.70912864337492,0.0,0.2015625,0.6478102454493397,0.0,0.0,True,False,1.0
pil_controlled_clean_000971.png,train,XM7R5,pil_controlled,clean,222.1690625,71.29563524768605,0.0,0.194625,0.6784005769261846,0.0,0.0,True,False,1.0
pil_controlled_clean_000972.png,train,YHBAJ,pil_controlled,clean,232.2860625,61.205966667851044,0.0,0.138625,0.6797887463518425,0.0,0.0,True,False,1.0
pil_controlled_clean_000973.png,train,FQBCG,pil_controlled,clean,211.596625,81.24726403768545,0.0,0.2449375,0.6502643471978953,0.0,0.0,True,False,1.0
pil_controlled_clean_000974.png,train,M9CSK,pil_controlled,clean,214.0726875,80.80244367608782,0.0,0.2263125,0.6632174608970017,0.0,0.0,True,False,1.0
pil_controlled_clean_000975.png,train,L6Z7Y,pil_controlled,clean,235.81025,57.02675573743873,0.0,0.11575,0.6980981562417836,0.0,0.0,True,False,1.0
pil_controlled_clean_000976.png,val,R75BA,pil_controlled,clean,221.70075,75.58501388792291,0.0,0.1789375,0.6549040960025367,0.0,0.0,True,False,1.0
pil_controlled_clean_000977.png,train,3UPLP,pil_controlled,clean,221.159,72.9390719642086,0.0,0.193875,0.6516817652123855,0.0,0.0,True,False,1.0
pil_controlled_clean_000978.png,train,KA2SF,pil_controlled,clean,222.3698125,69.6245183194458,0.0,0.199625,0.6710588037876193,0.0,0.0,True,False,1.0
pil_controlled_clean_000979.png,train,53L3H,pil_controlled,clean,228.2421875,65.80201389558562,0.0,0.1630625,0.6798689355652865,0.0,0.0,True,False,1.0
pil_controlled_clean_000980.png,train,ZFPLE,pil_controlled,clean,230.892,64.78976740967667,0.0,0.1360625,0.6848506689245583,0.0,0.0,True,False,1.0
pil_controlled_clean_000981.png,train,CQKFX,pil_controlled,clean,223.064,71.88524990566562,0.0,0.1841875,0.6661535852185406,0.0,0.0,True,False,1.0
pil_controlled_clean_000982.png,train,3E8RC,pil_controlled,clean,217.780375,76.62781407465161,0.0,0.212375,0.6605225060992652,0.0,0.0,True,False,1.0
pil_controlled_clean_000983.png,train,QSRWR,pil_controlled,clean,220.2119375,73.37982280570111,0.0,0.210375,0.705173255169349,0.0,0.0,True,False,1.0
pil_controlled_clean_000984.png,test,A7A7J,pil_controlled,clean,236.5274375,53.500536185944846,0.0,0.1211875,0.6871070664742679,0.0,0.0,True,False,1.0
pil_controlled_clean_000985.png,val,FYVCX,pil_controlled,clean,224.652,69.84411407556115,0.0,0.1755,0.6647470220534224,0.0,0.0,True,False,1.0
pil_controlled_clean_000986.png,train,TGQLW,pil_controlled,clean,218.445,76.09315327281423,0.0,0.210875,0.6781190549211727,0.0,0.0,True,False,1.0
pil_controlled_clean_000987.png,train,GV7KM,pil_controlled,clean,226.6764375,64.93388075426105,0.0,0.18325,0.6840354359566825,0.0,0.0,True,False,1.0
pil_controlled_clean_000988.png,test,SYDQ8,pil_controlled,clean,225.731,69.90212006083935,0.0,0.171125,0.6911924011858803,0.0,0.0,True,False,1.0
pil_controlled_clean_000989.png,test,VE8SV,pil_controlled,clean,229.4783125,60.12221224017246,0.0,0.1730625,0.6867315993309514,0.0,0.0,True,False,1.0
pil_controlled_clean_000990.png,val,3HBWV,pil_controlled,clean,216.6444375,77.46570539799269,0.0,0.219,0.6901622590109383,0.0,0.0,True,False,1.0
pil_controlled_clean_000991.png,test,ACFAR,pil_controlled,clean,230.958625,61.770316804346855,0.0,0.1489375,0.687143815399834,0.0,0.0,True,False,1.0
pil_controlled_clean_000992.png,val,DC6C6,pil_controlled,clean,220.9155,70.88266790795899,0.0,0.2125,0.6499796573135356,0.0,0.0,True,False,1.0
pil_controlled_clean_000993.png,test,BYDLF,pil_controlled,clean,223.632375,74.05824550216792,0.0,0.173,0.6655090350761529,0.0,0.0,True,False,1.0
pil_controlled_clean_000994.png,train,QKCX7,pil_controlled,clean,225.547,67.59441112991516,0.0,0.18025,0.6706492924639458,0.0,0.0,True,False,1.0
pil_controlled_clean_000995.png,test,AB7ZA,pil_controlled,clean,226.81025,71.76977075996204,0.0,0.14825,0.6667021370950207,0.0,0.0,True,False,1.0
pil_controlled_clean_000996.png,train,BSXVB,pil_controlled,clean,223.8753125,71.23081857965234,0.0,0.1825,0.6748081686734713,0.0,0.0,True,False,1.0
pil_controlled_clean_000997.png,test,KGU74,pil_controlled,clean,231.898875,60.626566154899244,0.0,0.1446875,0.6845401672987692,0.0,0.0,True,False,1.0
pil_controlled_clean_000998.png,train,34P6Q,pil_controlled,clean,232.408125,61.95614928305644,0.0,0.1349375,0.6812820893637077,0.0,0.0,True,False,1.0
pil_controlled_clean_000999.png,test,RSEY7,pil_controlled,clean,235.8615625,55.27994344749815,0.0,0.122125,0.7047595787672618,0.0,0.0,True,False,1.0
